ticker,cid,n_bars,cycle_start,cycle_end,peak_b12,htb_tier,is_htb,dte_build,dte_peak,dte_collapse,bars_build_to_peak,bars_peak_to_collapse,hours_peak_to_collapse,collapse25_agrees,spread_build,spread_peak,spread_collapse,spread_expiry,spread_build_bps,spread_peak_bps,spread_expiry_bps,amplitude,amplitude_bps,collapse_abs,collapse_abs_bps,retracement,b12_build,b12_peak,b12_expiry,oi_ratio_build,oi_ratio_peak,oi_ratio_collapse,f1_oi_build,f1_oi_peak,f2_oi_build,f2_oi_peak,oi_peak_leads_spread_peak,lead_bars,atm_iv_peak,rr25_peak,build_censored,build_confirmed,peak_in_expiry_week,phases_ordered,gap_flag
SBICARD,1,1714,2024-07-03 15:00:00+05:30,2024-10-31 15:15:00+05:30,0.447506012989886,EXT,True,22.0,0.0,,395,,,,-5.2909090909090954,20.14090909090911,,18.01666666666669,-75.88252550604655,288.8620880732751,258.396079837457,25.431818181818205,364.7446135793217,2.124242424242418,30.466008235818112,0.08352695859398239,0.0,0.5142661139239496,0.33825657093484846,,0.09465762552424255,,17744800.0,1932000.0,0.0,20410400.0,True,494,0.19955662846892988,,False,True,True,True,False
SBICARD,2,426,2024-11-01 15:30:00+05:30,2024-11-28 15:15:00+05:30,0.23755805616897677,EXT,True,27.0,0.0,,418,,,,4.8916666666666515,21.009090909090922,,19.908333333333342,68.65978899104009,294.8851275049607,279.434814139004,16.11742424242427,226.22533851392052,1.10075757575758,15.450313365956628,0.06829612220916584,0.06378733492222802,0.22286671895145285,0.19300520183766984,,,,20081600.0,2321600.0,0.0,0.0,True,118,0.2396825168126575,,True,True,True,True,False
SBICARD,3,1100,2024-11-29 09:15:00+05:30,2025-01-30 15:15:00+05:30,0.2946978766705694,EXT,True,44.0,2.0,2.0,709,3.0,0.75,True,-3.550000000000037,13.354545454545473,12.604545454545462,5.508333333333326,-46.87087404277842,176.32090645029672,72.7268726344511,16.90454545454551,223.1917804930751,7.846212121212147,103.59403381584563,0.46414806847718926,0.0,0.3144812606473521,0.1927028232247379,,1.7369909502262444,0.0,0.0,14740800.0,0.0,8486400.0,True,40,0.7693909935320814,-0.005810370561866285,False,True,True,True,False
SBICARD,4,500,2025-01-31 09:15:00+05:30,2025-02-27 15:15:00+05:30,0.1767941914225961,EXT,True,21.0,6.0,6.0,266,1.0,0.25,True,1.8772727272727252,7.286363636363634,7.145454545454547,-2.566666666666644,22.48904135696586,87.28797408042688,-30.747728860936135,5.409090909090909,64.79893272346102,9.853030303030279,118.03570294136303,1.821568627450976,0.11198963666993883,0.18645632984138766,0.1433758822178017,,2.9470011629838844,2.8813531887342183,15344000.0,14190400.0,0.0,4815200.0,True,337,0.25258245313579974,-0.006951346940050618,False,True,True,True,False
SBICARD,5,475,2025-02-28 09:15:00+05:30,2025-03-27 15:15:00+05:30,0.10055861186007094,MOD,True,16.0,15.0,7.0,44,119.0,29.75,False,-1.16818181818181,2.4409090909091034,-0.9090909090909091,-6.774999999999996,-13.949272412464147,29.14692328985734,-80.90035225983635,3.6090909090909133,43.09619570232149,9.215909090909099,110.0472755496937,2.5535264483627196,0.0330091769882229,0.10069249944188063,0.0,31.92526690391459,,10.532547699214366,14353600.0,14774400.0,449600.0,0.0,False,-101,0.22779395680742795,0.005507947127771806,False,True,False,True,False
SBICARD,6,400,2025-03-28 09:15:00+05:30,2025-04-24 15:15:00+05:30,0.06383206031931307,MOD,True,20.0,17.0,,31,,,,-2.668181818181841,0.10454545454546281,,-6.333333333333314,-33.132768138356404,1.2982174909408024,-78.64563930626245,2.772727272727304,34.43098562929721,6.437878787878777,79.94385679720325,2.3218579234972374,0.06002363989846883,0.06379507251685365,0.0,82.48034934497817,81.84210526315789,,15110400.0,14928000.0,183200.0,182400.0,False,-29,0.409387637174301,-0.0437703376336393,False,True,False,True,False
SBICARD,7,600,2025-04-25 09:15:00+05:30,2025-05-29 15:15:00+05:30,0.07140216316084659,MOD,True,34.0,31.0,29.0,47,33.0,8.25,False,-2.518749999999997,0.5863636363636094,-0.6500000000000082,-5.1500000000000155,-28.957806392274055,6.741361650535865,-59.20901356633727,3.1051136363636065,35.699168042809916,5.736363636363625,65.95037521687314,1.8473924977127314,0.0,0.044527964590280564,0.005745780128040917,99.7936507936508,,,15088800.0,14600000.0,151200.0,0.0,True,25,0.2634766713455,-0.01782739403233441,False,True,False,True,False
SBICARD,8,500,2025-05-30 09:15:00+05:30,2025-06-26 15:15:00+05:30,0.13560791979634423,MOD,True,16.0,0.0,,309,,,,-4.240909090909099,6.856250000000003,,6.399999999999996,-43.20184476044516,69.84413996842055,65.1963530789996,11.097159090909102,113.0459847288657,0.45625000000000693,4.647786889420944,0.04111412626081672,0.028246673978515387,0.139806294915165,0.07853162718267327,46.44767441860465,0.32004019343088613,,12782400.0,4076800.0,275200.0,12738400.0,True,348,0.26634693523681785,,False,True,True,True,False
SBICARD,9,625,2025-06-27 09:15:00+05:30,2025-07-31 15:15:00+05:30,0.14964677685868943,MOD,True,29.0,3.0,0.0,445,72.0,18.0,False,-0.2454545454545496,5.668181818181799,-0.04545454545453512,-1.4249999999999925,-2.887700534759407,66.6844919786094,-16.764705882352853,5.913636363636349,69.5721925133688,7.093181818181792,83.44919786096226,1.199461952344349,0.059644109028841534,0.15484310836670861,0.021243865246063177,23.683561643835617,2.1818181818181817,0.18268622739344884,13831200.0,11500800.0,584000.0,5271200.0,True,481,0.29291066156754714,-0.0025370772615980197,False,True,True,True,False
SBICARD,10,450,2025-08-01 09:15:00+05:30,2025-08-28 15:15:00+05:30,0.2674814560534194,EXT,True,20.0,0.0,,319,,,,-1.4090909090908987,14.766666666666689,,14.766666666666689,-17.69547794915106,185.44099794884704,185.44099794884704,16.175757575757586,203.13647589799808,0.0,0.0,0.0,0.05344163941004565,0.23679661116162204,0.23679661116162204,18.478212290502793,0.1791407018694654,,13230400.0,2184800.0,716000.0,12196000.0,True,426,0.21738483553615962,,False,True,True,True,False
SBICARD,11,575,2025-08-29 09:15:00+05:30,2025-09-30 15:15:00+05:30,0.2738618536097499,EXT,True,32.0,1.0,,541,,,,4.408333333333341,14.009090909090931,,13.824999999999989,50.45302813543165,160.33294316556146,158.22603719599414,9.60075757575759,109.8799150301298,0.1840909090909424,2.1069059695672947,0.019174623214711875,0.1185964838277763,0.27685236016669096,0.215492534756531,23.842787682333874,0.2748922790264353,,11768800.0,3776800.0,493600.0,13739200.0,True,67,0.2589985387130683,-0.01810064489354013,True,True,True,True,False
SBICARD,12,429,2025-10-01 09:15:00+05:30,2025-10-28 15:15:00+05:30,0.38580086980768713,EXT,True,25.0,5.0,1.0,309,50.0,12.5,False,7.4772727272727275,23.463636363636354,19.509090909090922,11.858333333333348,78.48919044006433,246.2986024629859,124.47733515281949,15.986363636363627,167.8094120229216,11.605303030303006,121.82126731016643,0.7259501469055054,0.21678859820083443,0.39932666761495933,0.22244942128615147,23.35960591133005,4.22045782635595,0.5097365406643757,15174400.0,16372000.0,649600.0,3879200.0,True,160,0.3713538079102458,-0.004362577201145246,False,True,True,True,False
SBICARD,13,475,2025-10-29 09:15:00+05:30,2025-11-25 15:15:00+05:30,0.2575212985955071,EXT,True,27.0,27.0,1.0,20,414.0,103.5,False,13.96666666666666,16.50000000000002,9.66363636363635,-2.8333333333333335,156.59453600926852,184.99831819710752,-31.767387973240652,2.5333333333333616,28.403782187839013,19.333333333333353,216.76570617034818,7.631578947368344,0.20711996033205057,0.26199995128027836,0.023171588479315622,19.014551333872273,21.673357664233578,0.8015704584040747,18816800.0,19003200.0,989600.0,876800.0,False,-203,0.2321727315772404,0.008525924515462635,True,True,False,True,False
SBICARD,14,600,2025-11-26 09:15:00+05:30,2025-12-30 15:15:00+05:30,0.4139412292845398,EXT,True,22.0,4.0,,324,,,,-3.213636363636314,23.23636363636365,,-3.1749999999999923,-36.900176411026685,266.80863057025664,-36.45653921230902,26.449999999999964,303.7088069812833,26.411363636363642,303.26516978256564,0.998539267915451,0.0077186792668339915,0.40063635105790385,0.05026276438111027,23.546717171717173,0.9849325931800159,,14919200.0,9936000.0,633600.0,10088000.0,True,67,0.1869259846316237,-0.000997769391759551,False,True,True,True,False
SBICARD,15,450,2025-12-31 09:15:00+05:30,2026-01-27 15:15:00+05:30,0.2899838037003702,EXT,True,20.0,6.0,,212,,,,2.790909090909085,13.84090909090906,,-3.2666666666666324,34.99572527785686,173.55371900826407,-40.961337513061224,11.049999999999976,138.55799373040722,17.10757575757569,214.5150565213253,1.548196901138075,0.09918521103458987,0.3225212852565307,0.015256872961149852,29.373925501432666,5.469879518072289,,16402400.0,17070400.0,558400.0,3120800.0,True,32,0.25857721765498726,0.003962420440034253,False,True,True,True,False
SBICARD,16,525,2026-01-28 09:15:00+05:30,2026-02-24 15:15:00+05:30,0.39984773264106105,EXT,True,27.0,4.0,4.0,467,1.0,0.25,True,2.1749999999999736,24.58181818181819,24.354545454545462,21.149999999999977,27.30354004519173,308.5842101659326,265.50338940497085,22.406818181818217,281.28067012074087,3.431818181818212,43.080820760961736,0.15315954965006703,0.11536663510441764,0.42709373245388876,0.49021313103172254,46.03349282296651,0.8935118970224938,0.8818199344515134,15393600.0,10995200.0,334400.0,12305600.0,True,272,0.2190983953497333,-0.01262704481557747,True,True,True,True,False
SBICARD,17,550,2026-02-25 09:15:00+05:30,2026-03-30 15:15:00+05:30,0.8056002170390283,EXT,True,24.0,6.0,6.0,298,1.0,0.25,False,9.32272727272729,37.7863636363636,37.78181818181815,3.4249999999999736,142.70208591347452,578.3922185269188,52.426144191029756,28.46363636363631,435.6901326134443,34.36136363636363,525.9660743358891,1.207202171830088,0.20890355883292772,0.8208389226144629,0.1091432013524937,12.145527369826436,2.485355648535565,2.4177390454471412,21832800.0,23760000.0,1797600.0,9560000.0,True,7,0.3574910833965993,-0.048226244296637244,False,True,True,True,False
SBICARD,18,450,2026-04-01 09:15:00+05:30,2026-04-28 15:15:00+05:30,0.5197359423330216,EXT,True,27.0,11.0,4.0,254,131.0,32.75,False,11.299999999999976,23.90454545454545,12.527272727272724,-2.6999999999999886,162.8828828828825,344.5700245700245,-38.918918918918756,12.604545454545473,181.68714168714195,26.604545454545438,383.4889434889432,2.110710421925708,0.2896447572434967,0.5341078869369161,0.0,21.95632530120482,7.195754134781535,1.4516129032258065,23326400.0,23320000.0,1062400.0,3240800.0,False,-61,0.35150655281123855,-0.04477316251226893,False,True,False,True,False
SBICARD,19,475,2026-04-29 09:15:00+05:30,2026-05-26 15:15:00+05:30,0.25873821826446775,EXT,True,5.0,1.0,,58,,,,4.140909090909076,11.804545454545467,,9.5,65.33978841671127,186.26501703424802,149.90138067061145,7.663636363636391,120.92522861753675,2.304545454545467,36.363636363636566,0.3007117437722426,0.1133422462879436,0.2786439325356484,0.20366018427871668,1.7198597976324317,0.1742482911882555,,20804800.0,4140000.0,12096800.0,23759200.0,True,75,0.26076208365328113,-0.06700474869297895,False,True,True,True,False
SBICARD,20,575,2026-05-27 09:15:00+05:30,2026-06-30 15:15:00+05:30,0.3240029753724873,EXT,True,22.0,6.0,6.0,298,2.0,0.5,True,4.104545454545453,12.059090909090918,11.904545454545469,-2.816666666666644,67.57565779627022,198.53623492082514,-46.37251673800863,7.954545454545465,130.9605771245549,14.87575757575756,244.90875165883372,1.8700952380952338,0.15251046834829285,0.3149553346775301,0.050503106692021134,10.995281429052916,2.3886568903564145,2.2777985074626868,26098400.0,19676800.0,2373600.0,8237600.0,True,411,,,False,True,True,True,False
SBICARD,21,500,2026-07-01 09:15:00+05:30,2026-07-28 15:15:00+05:30,0.269200468508885,EXT,True,27.0,4.0,4.0,429,4.0,1.0,True,3.6499999999999937,9.713636363636356,9.486363636363619,-3.1750000000000114,59.33512151507752,157.90679287387397,-51.61342761928004,6.063636363636363,98.57167135879644,12.888636363636367,209.520220493154,2.125562218890556,0.13572830924689921,0.27615248044183055,0.0,13.348788638262322,1.074378061971114,0.9316569583020935,25565600.0,13508800.0,1915200.0,12573600.0,True,81,,,True,True,True,True,False
SBICARD,22,385,2026-07-29 09:15:00+05:30,2026-08-18 15:00:00+05:30,0.18087227179432144,EXT,True,18.0,13.0,8.0,102,74.0,18.5,False,2.6727272727272706,7.154545454545479,6.654545454545438,4.616666666666674,41.11255611024874,110.05299883933978,71.01471568476656,4.481818181818209,68.94044272909105,2.537878787878805,39.03828315457322,0.5662609871534825,0.12907640782831767,0.1843220084829903,0.13533852747808628,22.036078431372548,11.487917146144994,8.02095337873232,22476800.0,23959200.0,1020000.0,2085600.0,False,-101,,,False,True,False,True,False
RVNL,1,475,2025-06-02 09:15:00+05:30,2025-06-26 15:15:00+05:30,0.10314990387109378,MOD,True,15.0,1.0,1.0,247,4.0,1.0,True,-2.754545454545445,1.5590909090909122,1.3772727272727303,-0.9416666666666723,-68.8206234739649,38.952927147805426,-23.526962315219794,4.313636363636357,107.77355062177033,2.5007575757575844,62.479889463025216,0.579733052335795,0.002565516477647252,0.10427177768104817,0.018272488460061333,8.902973395931143,0.5534501251340722,0.519925068119891,7822375.0,4257000.0,878625.0,7691750.0,True,111,0.30202397781713186,0.05495615004839849,False,True,True,True,False
RVNL,2,625,2025-06-27 09:15:00+05:30,2025-07-31 15:15:00+05:30,0.19871043204361777,EXT,True,31.0,3.0,,496,,,,-1.199999999999999,3.809090909090912,,-1.3499999999999943,-32.77345350266282,104.03088649708897,-36.870135190495546,5.0090909090909115,136.8043399997518,5.1590909090909065,140.90102168758452,1.029945553539019,0.012052756108401931,0.18770678034446167,0.017536295912469996,24.065015479876163,2.4171304137430436,,10687875.0,13736250.0,444125.0,5682875.0,True,218,0.40064031517725024,0.007556961360351222,False,True,True,True,False
RVNL,3,450,2025-08-01 09:15:00+05:30,2025-08-28 15:15:00+05:30,0.40327929150224845,EXT,True,16.0,0.0,,246,,,,0.12272727272726963,9.472727272727267,,7.24999999999999,3.9235061613577247,302.8365496396185,231.77749360613777,9.349999999999998,298.9130434782608,2.222727272727277,71.05905603348073,0.23772484200291738,0.05444361821719033,0.42187553922332605,0.29876905413730215,16.07176287051482,0.08715817371401036,,14165250.0,1989625.0,881375.0,22827750.0,True,89,0.3329067453712218,,False,True,True,True,False
RVNL,4,575,2025-08-29 09:15:00+05:30,2025-09-30 15:15:00+05:30,0.4630748519765891,EXT,True,32.0,0.0,,547,,,,4.504545454545456,10.218181818181812,,9.891666666666652,133.745411358238,303.39019650183525,293.69556611243024,5.713636363636356,169.64478514359726,0.3265151515151601,9.69463038940499,0.05714664545213629,0.2759705061090467,0.40961662462056897,0.5176294715893219,13.380204241948155,0.1544282260231038,,23420375.0,4742375.0,1750375.0,30709250.0,True,240,0.3804205871635473,,False,True,True,True,False
RVNL,5,429,2025-10-01 09:15:00+05:30,2025-10-28 15:15:00+05:30,0.3870721387627878,EXT,True,1.0,0.0,,30,,,,5.3727272727272855,8.113636363636363,,7.691666666666673,163.0569733756384,246.24086080838734,233.43449671219037,2.740909090909078,83.18388743274895,0.42196969696969067,12.806364096196985,0.15395245992260762,0.2686025428473001,0.3606208016652385,0.3100018944916451,0.4144764288694201,0.09035031162690738,,10928500.0,2890250.0,26367000.0,31989375.0,True,293,0.3723429667066329,,False,True,True,True,False
RVNL,6,475,2025-10-29 09:15:00+05:30,2025-11-25 15:15:00+05:30,0.6329259963278195,EXT,True,7.0,0.0,,141,,,,4.363636363636363,17.05636363636363,,16.82499999999999,136.4489169367218,533.3447040764113,526.1100687929952,12.692727272727268,396.8957871396894,0.23136363636364266,7.234635283415968,0.018228047557656998,0.2079906985155924,0.5754702736006823,0.72245131023013,3.4062072737216296,0.06823864425614669,,34255375.0,2701875.0,10056750.0,39594500.0,True,117,0.6033991930608436,,False,True,True,True,False
RVNL,7,600,2025-11-26 09:15:00+05:30,2025-12-30 15:15:00+05:30,0.6252739144859103,EXT,True,22.0,1.0,1.0,349,7.0,1.75,True,4.12272727272728,15.695454545454549,13.454545454545455,4.60833333333333,111.03493866758093,422.71625492740503,124.11347517730486,11.572727272727269,311.6813162598241,11.087121212121218,298.6027797501001,0.9580387536004198,0.24856942929255224,0.5799505376633817,0.11874716679339911,8.016577415136464,0.14500486029395643,0.12330969538629381,40306750.0,5456000.0,5027925.0,37626325.0,True,339,0.6095196309221307,0.0738908974480128,False,True,True,True,False
RVNL,8,450,2025-12-31 09:15:00+05:30,2026-01-27 15:15:00+05:30,0.8240485306341842,EXT,True,20.0,4.0,4.0,272,1.0,0.25,True,5.013636363636362,18.590909090909086,18.518181818181812,11.041666666666666,153.43952145788407,568.9643180079291,337.92399897985206,13.577272727272724,415.5247965500451,7.54924242424242,231.0403190280771,0.5560205334226089,0.23905864872612145,0.8328529599545091,0.36041424837676744,9.838053740014525,0.26105317273795536,0.25854724194429274,41318350.0,10841225.0,4199850.0,41528800.0,True,123,0.2727648660958086,0.06990520947172396,False,True,True,True,False
RVNL,9,525,2026-01-28 09:15:00+05:30,2026-02-24 15:15:00+05:30,1.1822746227780374,EXT,True,11.0,0.0,,186,,,,6.436363636363632,31.758333333333326,,31.758333333333326,199.39168638053383,983.8393225939692,983.8393225939692,25.321969696969695,784.4476362134354,0.0,0.0,0.0,0.3231484848663418,1.2443201001153477,1.2443201001153477,4.687944864987007,0.08364233499311367,,63276825.0,4815950.0,13497775.0,57577900.0,True,175,0.5612371838395585,,False,True,True,True,False
RVNL,10,550,2026-02-25 09:15:00+05:30,2026-03-30 15:15:00+05:30,1.4653939647131473,EXT,True,21.0,3.0,3.0,323,1.0,0.25,True,5.704545454545454,28.09545454545454,28.027272727272724,9.574999999999998,213.93382540954266,1053.6453982919386,359.08494280892546,22.390909090909087,839.711572882396,18.52045454545454,694.560455483013,0.8271416971173365,0.33287549716563414,1.4403546747245404,0.44198660323495187,7.773949579831933,0.23865203967680484,0.23638912433983178,56431100.0,11080650.0,7259000.0,46430150.0,True,394,0.3231905128679491,-0.05115704920562314,False,True,True,True,False
RVNL,11,450,2026-04-01 09:15:00+05:30,2026-04-28 15:15:00+05:30,1.0760643010126842,EXT,True,27.0,4.0,4.0,387,1.0,0.25,True,9.131111111111109,22.635454545454536,22.473636363636352,3.8466666666666733,302.22457588161086,749.1958609027417,127.31826255806023,13.504343434343427,446.97128502113094,18.78878787878786,621.8775983446815,1.3913144293268902,0.5412518416292086,1.1241198239536017,0.23031782660137842,13.288013553578992,0.5450608291665027,0.5260418689556065,47843825.0,21112100.0,3600525.0,38733475.0,True,117,0.25532415859930374,0.08968728430449274,False,True,True,True,False
RVNL,12,475,2026-04-29 09:15:00+05:30,2026-05-26 15:15:00+05:30,0.5117342979283234,EXT,True,15.0,11.0,11.0,97,1.0,0.25,True,7.1909090909090985,11.57727272727273,11.563636363636368,3.75833333333334,253.64758698092058,408.36940836940846,132.5690770135217,4.386363636363631,154.72182138848788,7.81893939393939,275.8003313558867,1.7825561312607956,0.3337138190058304,0.507775494632865,0.13925527856225833,6.228798758005046,3.5232396623570894,3.49613142554319,48947925.0,50285350.0,7858325.0,14272475.0,False,-78,0.4163041204540756,0.008030549860554237,False,True,False,True,False
RVNL,13,250,2026-05-27 09:15:00+05:30,2026-06-10 15:15:00+05:30,0.24392231916901022,EXT,True,34.0,34.0,,2,,,,3.508333333333345,3.5250000000000092,,-0.5150000000000053,137.68969126112026,138.34379905808512,-20.21193092621685,0.016666666666664387,0.6541077969648503,4.040000000000014,158.555729984302,242.400000000034,0.262226105838151,0.22725055672067357,0.041950636621837005,9.528218787778464,9.248338447666555,,47486975.0,47694375.0,4983825.0,5157075.0,False,-46,0.37885658639510345,-0.0009787380625767006,True,True,False,True,True
KPITTECH,1,1097,2024-11-29 09:45:00+05:30,2025-01-30 15:15:00+05:30,0.17520398851150049,EXT,True,62.0,58.0,58.0,45,1.0,0.25,True,-8.550000000000011,12.154545454545458,12.054545454545446,-4.275000000000053,-59.37500000000008,84.40656565656568,-29.68750000000037,20.704545454545467,143.78156565656576,16.42954545454551,114.09406565656604,0.7935236004390802,0.0,0.14924007961153618,0.06295177404865769,,,,0.0,0.0,0.0,0.0,False,-946,0.38207092527437764,0.044565628917768496,False,True,False,True,False
KPITTECH,2,500,2025-01-31 09:15:00+05:30,2025-02-27 15:15:00+05:30,0.13009177127273888,MOD,True,26.0,6.0,3.0,390,26.0,6.5,True,-8.559090909090939,6.7354545454544965,-2.1172727272727654,-5.976666666666726,-65.67497340564695,51.68198385155953,-45.85970970010916,15.294545454545435,117.35695725720649,12.712121212121222,97.54169355166869,0.8311539071168189,0.0,0.12516579843202053,0.0,,4.547926580557444,1.523157894736842,0.0,2676000.0,0.0,588400.0,True,298,,,False,True,True,True,False
KPITTECH,3,475,2025-02-28 09:15:00+05:30,2025-03-27 15:15:00+05:30,0.21156756778845612,EXT,True,27.0,20.0,10.0,141,124.0,31.0,False,-5.085714285714273,14.807272727272778,11.451818181818163,3.9583333333333335,-39.04429223994682,113.67911195173144,30.389108543498015,19.89298701298705,152.72340419167824,10.848939393939444,83.29000340823343,0.5453650267230739,0.01812845217453385,0.1882021454978056,0.044977567584723835,33.53508771929825,11.643010752688172,5.050678733031674,1529200.0,2165600.0,45600.0,186000.0,False,-221,,,True,True,False,True,False
KPITTECH,4,400,2025-03-28 09:15:00+05:30,2025-04-24 15:15:00+05:30,0.16924465396147453,EXT,True,22.0,21.0,9.0,18,147.0,36.75,False,3.9600000000000155,12.390909090909107,8.889999999999997,-5.966666666666697,32.552404438964366,101.85704143780606,-49.047814769146704,8.430909090909092,69.30463699884169,18.357575757575802,150.90485620695273,2.17741355761628,0.07871862135383895,0.1814780478873511,0.0,28.457894736842107,24.945833333333333,10.496763754045308,2162800.0,2394800.0,76000.0,96000.0,False,-71,0.4324144904179573,-0.02470030071614443,False,True,False,True,False
KPITTECH,5,600,2025-04-25 09:15:00+05:30,2025-05-29 15:15:00+05:30,0.13449897418581272,MOD,True,34.0,29.0,14.0,61,260.0,65.0,False,-0.2290909090909281,6.9336363636363,1.1545454545454794,-6.26666666666669,-1.822086288800828,55.1470322408041,-49.8422545666642,7.162727272727228,56.969118529604934,13.20030303030299,104.9892868074683,1.8429157676524153,0.09561047170355333,0.14153608461428796,0.0,34.968586387434556,28.758490566037736,26.767272727272726,2671600.0,3048400.0,76400.0,106000.0,True,39,0.41625856575498876,-0.04640791676076306,False,True,False,True,False
KPITTECH,6,500,2025-05-30 09:15:00+05:30,2025-06-26 15:15:00+05:30,0.12115445830318711,MOD,True,16.0,3.0,1.0,223,65.0,16.25,False,-7.227272727272686,7.890909090909066,2.2454545454545287,-9.150000000000054,-51.54238145252236,56.27520390036418,-65.25459991442058,15.118181818181752,107.81758535288654,17.040909090909118,121.52980381478474,1.1271797955502172,0.0,0.11319661522062333,0.0,32.53363228699551,3.450620119430409,0.20950118764845604,2902000.0,3004800.0,89200.0,870800.0,True,28,0.4182340088074218,-0.024132166628575258,False,True,True,True,False
KPITTECH,7,625,2025-06-27 09:15:00+05:30,2025-07-31 15:15:00+05:30,0.20971059930166372,EXT,True,6.0,0.0,0.0,100,6.0,1.5,True,-4.91818181818183,13.9909090909091,9.23636363636367,-0.11666666666663635,-39.503468419131174,112.37677984665943,-0.9370816599729827,18.909090909090928,151.88024826579058,14.107575757575736,113.31386150663242,0.746073717948716,0.010989913219517672,0.18875487832425836,0.03056275016859778,8.367559523809524,0.24419482726071362,0.20759684091763822,4498400.0,1034800.0,537600.0,4237600.0,True,511,0.3441873048737516,,False,True,True,True,False
KPITTECH,8,450,2025-08-01 09:15:00+05:30,2025-08-28 15:15:00+05:30,0.15441767420251462,EXT,True,7.0,3.0,2.0,59,14.0,3.5,True,-2.4545454545454337,10.109090909090913,6.209090909090946,-0.39999999999997726,-20.10274737547448,82.79353733899192,-3.27600327600309,12.563636363636347,102.8962847144664,10.50909090909089,86.069540614995,0.8364688856729374,0.047983576214226394,0.15711342692084987,0.008097316414349971,6.643258426966292,0.9672733077905492,0.4926538716082065,3784000.0,2423600.0,569600.0,2505600.0,True,388,0.32286527235431073,0.10086235895309992,False,True,True,True,False
KPITTECH,9,575,2025-08-29 09:15:00+05:30,2025-09-30 15:15:00+05:30,0.11214413282691825,MOD,True,8.0,1.0,1.0,136,3.0,0.75,True,-1.6090909090909131,4.618181818181835,3.8000000000000167,-3.099999999999947,-13.254455593829597,38.041036393590076,-25.53542009884635,6.227272727272748,51.29549198741967,7.718181818181781,63.57645649243642,1.2394160583941505,0.04796279919439738,0.10983223788835386,0.08247630921030703,5.866517524235645,0.34291760019915357,0.3281767955801105,3146800.0,1102000.0,536400.0,3213600.0,True,542,0.21803005606314918,-0.13409341376194972,False,True,True,True,False
KPITTECH,10,429,2025-10-01 09:15:00+05:30,2025-10-28 15:15:00+05:30,0.17422541051857443,EXT,True,27.0,4.0,1.0,353,32.0,8.0,True,1.1909090909090827,9.981818181818177,3.9000000000000288,-4.633333333333364,10.17088641992555,85.24910907693378,-39.5707006006778,8.790909090909095,75.07822265700823,14.615151515151542,124.8198096776116,1.6625301620131012,0.06482365674157219,0.1844188480467176,0.0,20.222437137330754,1.3491669620701878,0.3245009921792926,4182000.0,3044800.0,206800.0,2256800.0,True,142,0.23564904208900656,-0.006353235835639542,False,True,True,True,False
KPITTECH,11,475,2025-10-29 09:15:00+05:30,2025-11-25 15:15:00+05:30,0.10612071598464777,MOD,True,26.0,18.0,,111,,,,-2.3709090909090844,4.782727272727326,,-6.3499999999999845,-20.67232619155187,41.70134512797389,-55.366640509198575,7.15363636363641,62.373671319525755,11.13272727272731,97.06798563717246,1.5562333206252332,0.03946517140579748,0.11628618630189907,0.04298910295510526,20.42138364779874,17.079931972789115,,3896400.0,4017200.0,190800.0,235200.0,False,-34,0.38012078137468036,-0.012599148548702477,False,True,False,True,False
KPITTECH,12,600,2025-11-26 09:15:00+05:30,2025-12-30 15:15:00+05:30,0.061507772899135844,MOD,True,34.0,29.0,22.0,76,124.0,31.0,False,-5.316249999999968,-0.09272727272727108,-2.373636363636334,-7.55166666666662,-42.21591360279495,-0.7363398136049478,-59.96717753249122,5.223522727272697,41.479573789190006,7.458939393939349,59.23083771888628,1.42795193653418,0.08003438083386398,0.1289188774109709,0.0,23.7008180755746,24.979076194236082,21.76138251910934,3042000.0,3163600.0,128350.0,126650.0,False,-296,0.2687395164282874,-0.012624559738973862,False,True,False,True,False
KPITTECH,13,450,2025-12-31 09:15:00+05:30,2026-01-27 15:15:00+05:30,0.16041960144976697,EXT,True,27.0,7.0,7.0,332,4.0,1.0,True,-4.583333333333371,8.527272727272724,8.136363636363656,-5.483333333333387,-40.303669832337064,74.98481117897224,-48.21784499941423,13.110606060606095,115.28848101130932,14.010606060606111,123.20265617838648,1.0686467121229641,0.012607773001227396,0.16030139562754916,0.0,30.346456692913385,4.16234796404019,4.093215950284827,3275900.0,3345175.0,107950.0,803675.0,True,233,0.33698389447571997,-0.02811558594294805,True,True,True,True,False
KPITTECH,14,525,2026-01-28 09:15:00+05:30,2026-02-24 15:15:00+05:30,0.15029639249337484,EXT,True,27.0,22.0,11.0,110,233.0,58.25,False,-1.8499999999999848,8.063636363636368,-0.8181818181818182,-5.550000000000011,-18.707654970168722,81.54147399773858,-56.122964910506745,9.913636363636353,100.24912896790731,13.61363636363638,137.66443890824533,1.3732232920678618,0.03083385807823296,0.13876078225752128,0.0,31.1326164874552,14.370262390670554,5.470991561181434,3691550.0,4189650.0,118575.0,291550.0,False,-314,0.31518216092439194,-0.0011094761745262804,True,True,False,True,False
KPITTECH,15,550,2026-02-25 09:15:00+05:30,2026-03-30 15:15:00+05:30,0.05410531578309497,MOD,True,24.0,11.0,,244,,,,-3.9318181818181817,-0.4409090909090723,,-3.6333333333333067,-59.7177731138849,-6.696675135313979,-55.18428513568206,3.4909090909091094,53.02109797857092,3.1924242424242344,48.48761000036808,0.9144965277777707,0.012884541502841663,0.03195093913696327,0.0,12.249787595581989,7.521756487025948,,6127650.0,8007850.0,500225.0,1064625.0,True,74,0.4761427139970408,-0.07065954264814245,False,True,False,True,False
KPITTECH,16,450,2026-04-01 09:15:00+05:30,2026-04-28 15:15:00+05:30,0.03218023436750319,NON,False,26.0,22.0,22.0,32,4.0,1.0,True,-4.40909090909093,-1.6272727272727252,-2.481818181818157,-2.6750000000000114,-63.623245441427564,-23.48156893611436,-38.60028860028876,2.7818181818182044,40.1416765053132,1.0477272727272862,15.118719664174405,0.37663398692810635,0.0,0.024933074041626188,0.0,22.97969543147208,25.677777777777777,25.64022140221402,5771925.0,5893050.0,251175.0,229500.0,False,-187,0.5577856740665537,-0.06943674613469741,False,True,False,True,False
KPITTECH,17,475,2026-04-29 09:15:00+05:30,2026-05-26 15:15:00+05:30,0.31372626682203286,EXT,True,27.0,6.0,5.0,336,20.0,5.0,False,-5.486363636363638,17.381818181818186,16.60454545454544,14.516666666666652,-73.92526627182697,234.20896290262326,195.60286554829418,22.868181818181824,308.13422917445024,2.8651515151515348,38.60609735432911,0.1252898694759168,0.010222855662186253,0.3077556468239657,0.4228576961561767,27.977035490605427,3.463890353189246,3.019089344390549,5695425.0,8378025.0,203575.0,2418675.0,True,56,0.4001544198788702,0.05526445503433991,False,True,True,True,False
KPITTECH,18,550,2026-05-27 09:15:00+05:30,2026-06-29 15:15:00+05:30,0.8010816277305407,EXT,True,34.0,1.0,,525,,,,5.690909090909093,39.20000000000001,,39.20000000000001,79.70460911637386,549.0196078431375,549.0196078431375,33.509090909090915,469.3149987267636,0.0,0.0,0.0,0.18313011589354483,0.9208570184328241,0.9208570184328241,24.3351826900214,0.38119884448724123,,7675925.0,2691950.0,315425.0,7061800.0,True,435,,,False,True,True,True,False
KPITTECH,19,125,2026-06-30 09:15:00+05:30,2026-07-06 15:15:00+05:30,0.38175621545002403,EXT,True,28.0,22.0,,124,,,,9.191666666666663,13.383333333333345,,13.383333333333345,165.37723401703244,240.79405061772846,240.79405061772846,4.191666666666682,75.41681660069598,0.0,0.0,0.0,0.270407362956046,0.3950617676769338,0.3950617676769338,12.346045197740112,4.1729670329670325,,6774275.0,14714925.0,548700.0,3526250.0,True,18,,,True,True,False,True,True
ASTRAL,1,1554,2024-08-01 13:00:00+05:30,2024-10-31 15:15:00+05:30,0.04317019652732937,NON,False,21.0,3.0,,310,,,,-15.886363636363678,-2.6818181818182025,,-10.291666666666629,-87.71907808378388,-14.808084712284048,-56.827070852083764,13.204545454545475,72.91099337149981,7.609848484848426,42.0189861397997,0.5763052208835288,0.0,0.043798941729955285,0.0,,1.6533598265895955,,4096821.0,3359151.0,0.0,2031712.0,True,99,0.2874409184680004,-0.026172322201649778,False,True,True,True,False
ASTRAL,2,426,2024-11-01 15:30:00+05:30,2024-11-28 15:15:00+05:30,0.087508816863623,MOD,True,24.0,9.0,7.0,255,28.0,7.0,True,-30.633333333333365,7.559090909090835,-13.886363636363615,-23.10833333333335,-174.27086888914192,43.00313408289245,-131.46167557932273,38.1924242424242,217.27400297203437,30.667424242424183,174.46480966221517,0.802971396834212,0.0020319950451281182,0.10102582397440574,0.0,,,,4276651.0,4301240.0,0.0,0.0,True,107,0.22529226271560338,-0.02337242890682953,False,True,False,True,False
ASTRAL,3,1098,2024-11-29 09:15:00+05:30,2025-01-30 15:15:00+05:30,0.1573726027492625,EXT,True,62.0,59.0,55.0,28,92.0,23.0,False,-16.007142857142885,13.33181818181821,-11.231818181818177,-9.516666666666575,-87.23238614246803,72.65296011890034,-51.86194368755627,29.338961038961095,159.88534626136834,22.848484848484787,124.5149038064566,0.7787762088147161,0.0,0.13373358865388357,0.0,,,,0.0,0.0,0.0,0.0,False,-911,0.25261211567118036,-0.007661237954743327,False,True,False,True,False
ASTRAL,4,500,2025-01-31 09:15:00+05:30,2025-02-27 15:15:00+05:30,0.023496762019206,NON,False,23.0,10.0,,223,,,,-12.550000000000017,-4.400000000000008,,-8.041666666666629,-93.94064149107389,-32.93536434746815,-60.19436855171697,8.15000000000001,61.00527714360574,3.6416666666666204,27.259004204248814,0.4468302658486646,0.031118147560800745,0.09033896879736117,0.0,,,,5418388.0,5637854.0,0.0,0.0,True,105,0.3354295505010406,-0.024352872680407756,False,True,False,True,False
ASTRAL,5,475,2025-02-28 09:15:00+05:30,2025-03-27 15:15:00+05:30,0.009425638411839927,NON,False,27.0,21.0,1.0,97,343.0,85.75,False,-10.016666666666676,-6.24090909090912,-8.476363636363617,-9.231666666666683,-75.4039947806886,-46.980646574142725,-69.49463013148662,3.7757575757575568,28.423348206545896,2.9907575757575637,22.5139835573439,0.79209470304976,0.0,0.0,0.0,29.92468619246862,20.36535859269283,0.4019035922628185,5249568.0,5523350.0,175426.0,271213.0,False,-149,,,False,True,False,True,False
ASTRAL,6,400,2025-03-28 09:15:00+05:30,2025-04-24 15:15:00+05:30,0.019734307422863126,NON,False,22.0,3.0,,240,,,,-9.74090909090912,-5.4545454545454755,,-9.599999999999946,-73.51074704482018,-41.163274126824206,-72.44736246320993,4.286363636363645,32.347472917995965,4.145454545454471,31.284088336385715,0.9671261930010411,0.0,0.016953455999975567,0.0,33.945295404814004,3.2552352796255235,,5693271.0,4849171.0,167719.0,1489653.0,True,260,0.3609341526365455,0.011079507665196109,False,True,True,True,False
ASTRAL,7,600,2025-04-25 09:15:00+05:30,2025-05-29 15:15:00+05:30,0.0781500062215416,MOD,True,34.0,2.0,,537,,,,-9.554545454545488,1.8272727272727396,,-8.100000000000023,-62.6774170463493,11.98683237518197,-53.13565993177659,11.381818181818229,74.66424942153128,9.927272727272761,65.12249230695855,0.8722044728434498,0.01252521578670246,0.09332135379651156,0.0,30.700873362445414,0.4523381940952518,,5160387.0,2310999.0,168086.0,5109007.0,True,124,0.2855211966593698,0.03343539931718453,False,True,True,True,False
ASTRAL,8,500,2025-05-30 09:15:00+05:30,2025-06-26 15:15:00+05:30,0.12239609046023504,MOD,True,24.0,1.0,,413,,,,-10.100000000000053,8.645454545454538,,6.8499999999999845,-66.86527639854387,57.235713640877435,45.34922211188338,18.745454545454592,124.10099003942135,1.795454545454553,11.88649152899406,0.09578079534432606,0.0008885587449694032,0.1033136711634583,0.12063995785108902,36.01176470588236,0.37986201675756587,,5616935.0,1655904.0,155975.0,4359225.0,True,252,0.40934464216220134,-0.029031491691203892,False,True,True,True,False
ASTRAL,9,625,2025-06-27 09:15:00+05:30,2025-07-31 15:15:00+05:30,0.12582982582605207,MOD,True,31.0,6.0,2.0,490,52.0,13.0,True,-5.945454545454533,7.018181818181843,3.9818181818181984,-7.416666666666591,-41.056933536734576,48.46475946538115,-51.21653661119115,12.963636363636375,89.52169300211571,14.434848484848434,99.6812960765723,1.1134876110331882,0.011997536955742877,0.12114434769201692,0.0,16.6260162601626,3.6776236429433053,0.6346053862951024,5214750.0,5182875.0,313650.0,1409300.0,True,199,0.25443576101257026,0.017016256681600422,False,True,True,True,False
ASTRAL,10,450,2025-08-01 09:15:00+05:30,2025-08-28 15:15:00+05:30,0.06807810038920806,MOD,True,27.0,15.0,,200,,,,-4.854545454545422,0.654545454545438,,-7.566666666666606,-37.30535199066642,5.029935099865043,-58.146981223903836,5.50909090909086,42.33528709053147,8.221212121212044,63.176916323768886,1.4922992299229916,0.0389701243114893,0.07355507944168113,0.0,22.56089193825043,12.533892382948986,,5590025.0,7622800.0,247775.0,608175.0,True,25,0.2694819788864937,-0.01020701657713069,False,True,False,True,False
ASTRAL,11,575,2025-08-29 09:15:00+05:30,2025-09-30 15:15:00+05:30,0.038656239370976286,NON,False,6.0,1.0,,75,,,,-8.590909090909092,-2.5272727272727233,,-7.033333333333265,-62.15837559445114,-18.285744354769722,-50.88874418155897,6.063636363636368,43.87263123968141,4.506060606060542,32.60299982678925,0.7431284357820979,0.0,0.048359946237253634,0.0,6.010401721664276,0.45961777842864465,,7121725.0,2667725.0,1184900.0,5804225.0,True,126,0.31513626920412885,0.006582905129582484,False,True,True,True,False
ASTRAL,12,429,2025-10-01 09:15:00+05:30,2025-10-28 15:15:00+05:30,0.06258323626083193,MOD,True,27.0,4.0,1.0,344,26.0,6.5,True,-8.00909090909088,0.009090909090921494,-2.427272727272711,-4.466666666666659,-54.99993757101277,0.06242898702734167,-30.673442292725305,8.018181818181802,55.06236655804011,4.47575757575758,30.735871279752644,0.5582010582010599,0.008431469563292285,0.05981471535033297,0.09017573842738504,40.51282051282051,1.4157200229489386,0.40443952610337197,7386500.0,5243650.0,182325.0,3703875.0,True,81,0.24895471581733938,-0.01449436477444066,False,True,True,True,False
ASTRAL,13,475,2025-10-29 09:15:00+05:30,2025-11-25 15:15:00+05:30,0.24598740906514385,EXT,True,8.0,0.0,0.0,139,6.0,1.5,,-8.236363636363649,25.59090909090907,24.199999999999985,18.966666666666697,-56.11366423466173,174.3487470425744,129.21833128945835,33.827272727272714,230.4624112772361,6.624242424242372,45.13041575311604,0.1958254949386351,0.008016719716163169,0.21999102953827085,0.18048365657297952,9.264233576642336,0.2944426902431323,0.28701271409057477,8091150.0,2377875.0,873375.0,8075850.0,True,313,0.2831141717388417,,False,True,True,True,False
ASTRAL,14,600,2025-11-26 09:15:00+05:30,2025-12-30 15:15:00+05:30,0.1937047694908708,EXT,True,18.0,4.0,1.0,241,28.0,7.0,True,-6.118181818181793,13.972727272727298,11.536363636363644,-5.80000000000003,-43.76381844192986,99.94797763038123,-41.48783977110179,20.09090909090909,143.7117960723111,19.772727272727327,141.435817401483,0.9841628959276045,0.0,0.2172701473947775,0.0,15.905749293119698,0.6776749294006903,0.2688082235785416,7172300.0,3671575.0,450925.0,5417900.0,True,446,0.20464570848019353,0.02549760391719444,False,True,True,True,False
ASTRAL,15,450,2025-12-31 09:15:00+05:30,2026-01-27 15:15:00+05:30,0.1641972302800338,EXT,True,26.0,0.0,,396,,,,0.018181818181863655,10.800000000000017,,5.0999999999999845,0.13061650992718143,77.58620689655184,36.63793103448265,10.781818181818153,77.45559038662466,5.700000000000032,40.948275862069195,0.5286677908937649,0.0799661407201626,0.13763400791477848,0.03919446533791231,18.47046186895811,0.12196695921528136,,7308300.0,803250.0,395675.0,6585800.0,True,383,0.21201590371508816,,False,True,True,True,False
ASTRAL,16,525,2026-01-28 09:15:00+05:30,2026-02-24 15:15:00+05:30,0.274719952592905,EXT,True,23.0,4.0,,389,,,,1.272727272727252,32.08181818181819,,16.599999999999984,7.775704256642547,196.00328801208573,101.41739980449647,30.80909090909094,188.2275837554432,15.481818181818209,94.58588820758925,0.50250811448805,0.07042405573935102,0.26777000376688576,0.2515868983109865,53.61073825503356,0.5533486121721416,,6789800.0,3694100.0,126650.0,6675900.0,True,197,0.1726522891637564,-0.008199338122699046,False,True,True,True,False
ASTRAL,17,550,2026-02-25 09:15:00+05:30,2026-03-30 15:15:00+05:30,0.5364083755238683,EXT,True,31.0,6.0,3.0,391,64.0,16.0,False,15.363636363636404,58.07272727272729,39.69999999999996,18.950000000000006,98.28952954792659,371.5227897941737,121.23344635659912,42.70909090909089,273.23326024624714,39.12272727272729,250.28934343757464,0.9160280970625806,0.18237686175927487,0.5727382357864362,0.12795678291807594,44.917808219178085,2.5078963230861966,0.22775996794229614,8361450.0,8841275.0,186150.0,3525375.0,True,189,0.3264516421871173,-0.04405260874670991,False,True,True,True,False
ASTRAL,18,450,2026-04-01 09:15:00+05:30,2026-04-28 15:15:00+05:30,0.5515564029936946,EXT,True,19.0,5.0,4.0,236,33.0,8.25,True,25.98181818181822,57.47272727272719,39.81818181818184,1.3166666666666818,166.58215157926665,368.4857810651227,8.44179436216376,31.49090909090897,201.90362948585607,56.15606060606051,360.04398670295893,1.7832467282525055,0.2982459834884791,0.5365472637506454,0.10464589602620403,15.114527286702536,1.765793148771872,0.7296645589968921,8357200.0,9135375.0,552925.0,5173525.0,True,64,0.30095423258516135,0.010252567546397306,False,True,True,True,False
ASTRAL,19,475,2026-04-29 09:15:00+05:30,2026-05-26 15:15:00+05:30,0.274444554647911,EXT,True,26.0,26.0,22.0,14,27.0,6.75,True,27.16363636363636,30.718181818181787,26.036363636363603,18.783333333333303,177.52850378168984,200.75930866075282,122.75886107661789,3.5545454545454263,23.230804879062976,11.934848484848484,78.00044758413492,3.3576300085251756,0.2313735982186095,0.2509401424020489,0.09909501816088379,32.08607198748044,30.81231231231231,21.526315789473685,8713775.0,8721425.0,271575.0,283050.0,True,41,0.3511306954619231,-0.006152988791285452,False,True,False,True,False
ASTRAL,20,575,2026-05-27 09:15:00+05:30,2026-06-30 15:15:00+05:30,0.3483172314749699,EXT,True,6.0,1.0,0.0,54,10.0,2.5,True,-2.3181818181818183,29.56363636363635,26.472727272727276,3.7333333333333107,-16.95568913240066,216.23490611202712,27.306417007996714,31.88181818181817,233.1905952444278,25.83030303030304,188.9284891040304,0.8101891455184874,0.04050021732619492,0.395665393704658,0.013401206416105156,3.944033165531537,0.4079153048173938,0.22561017769480743,5660575.0,2439925.0,1435225.0,5981450.0,True,527,,,False,True,True,True,False
ASTRAL,21,500,2026-07-01 09:15:00+05:30,2026-07-28 15:15:00+05:30,0.5050944341208446,EXT,True,27.0,4.0,1.0,444,6.0,1.5,True,11.299999999999955,48.78181818181813,44.972727272727255,27.383333333333365,77.45030843043149,334.35104990965135,187.6856294265481,37.48181818181818,256.90074147921985,21.398484848484767,146.66542048310328,0.5709030641118905,0.20935526271035504,0.5013503775517885,0.2600550521466856,29.167315175097276,0.6602578602126216,0.4558695652173913,6371600.0,3721725.0,218450.0,5636775.0,True,45,0.27762511565768133,-0.020651942877057905,True,True,True,True,False
ASTRAL,22,517,2026-07-29 09:15:00+05:30,2026-08-25 15:30:00+05:30,0.3024350470806648,EXT,True,5.0,0.0,,95,,,,6.136363636363637,35.34999999999999,,35.34999999999999,38.98579184474992,224.58703939008888,224.58703939008888,29.21363636363635,185.60124754533896,0.0,0.0,0.0,0.10926953200295611,0.46780637621952553,0.46780637621952553,2.667903887478023,0.11268744944309626,,5804225.0,769675.0,2175575.0,6830175.0,True,442,,,False,True,True,True,False
ASTRAL,23,624,2026-08-26 09:15:00+05:30,2026-09-29 15:30:00+05:30,0.16047908745007153,EXT,True,34.0,34.0,27.0,0,132.0,33.0,,11.31666666666672,11.31666666666672,5.345454545454541,-10.5,75.07407898810348,75.07407898810348,-69.65636194772455,0.0,0.0,21.81666666666672,144.73044093582806,,0.16494570113714363,0.16494570113714363,0.0,29.272232304900182,29.272232304900182,22.018927444794954,6854825.0,6854825.0,234175.0,234175.0,False,-103,,,True,False,False,False,False
ASTRAL,24,52,2026-09-30 09:15:00+05:30,2026-10-01 15:30:00+05:30,0.034681846611071335,NON,False,27.0,26.0,,48,,,,-6.737499999999983,-2.8857142857142923,,-4.0,-50.1302083333332,-21.4710884353742,-29.761904761904763,3.8517857142856906,28.659119897959005,1.1142857142857077,8.290816326530562,0.2892906815020863,0.016646358782117267,0.04038956406911097,0.007291568449554656,58.529126213592235,51.36708860759494,,5124225.0,5173950.0,87550.0,100725.0,True,2,,,False,True,False,True,True
BDL,1,475,2025-06-02 09:15:00+05:30,2025-06-26 15:15:00+05:30,0.049527337306581404,NON,False,24.0,23.0,23.0,24,5.0,1.25,True,-6.222222222222222,-2.4909090909090783,-3.009090909090901,-11.649999999999977,-30.851954691700826,-12.350798745086664,-57.764775882586164,3.731313131313144,18.501155946614162,9.1590909090909,45.41397713749951,2.4546561992420033,0.01867363972032881,0.04596639141822091,0.0,33.029411764705884,32.561797752808985,32.49473684210526,729950.0,941850.0,22100.0,28925.0,False,-354,0.48295141639872063,-0.016450172291737508,False,True,False,True,False
BDL,2,625,2025-06-27 09:15:00+05:30,2025-07-31 15:15:00+05:30,0.045855107612753486,NON,False,34.0,2.0,,570,,,,-9.46666666666662,-2.0818181818181696,,-8.5,-58.01009048757044,-12.757020539360068,-52.08652490961455,7.384848484848451,45.253069948210374,6.41818181818183,39.32950437025449,0.8691013541239285,0.008268082355697433,0.05291785124213754,0.0,37.76106194690266,0.789520202020202,,2773550.0,2032225.0,73450.0,2574000.0,True,165,0.41202675546038636,0.1562470859340741,True,True,True,True,False
BDL,3,450,2025-08-01 09:15:00+05:30,2025-08-28 15:15:00+05:30,0.042238714865655856,NON,False,24.0,20.0,8.0,88,171.0,42.75,False,-8.66363636363634,-2.8181818181817975,-8.009090909090922,-8.199999999999969,-56.48110283353763,-18.37265674543189,-53.45850446574072,5.845454545454542,38.10844608810575,5.381818181818172,35.085847720308834,0.9206842923794701,0.006510811237159353,0.03297526822100172,0.0,39.347682119205295,29.041095890410958,8.608695652173912,3861975.0,4134000.0,98150.0,142350.0,False,-218,0.428865964028237,-0.01697099500882787,False,True,False,True,False
BDL,4,575,2025-08-29 09:15:00+05:30,2025-09-30 15:15:00+05:30,0.02051762379997413,NON,False,25.0,22.0,,44,,,,-8.927272727272753,-4.954545454545454,,-9.683333333333318,-61.32632223172874,-34.035484334309636,-66.52011632433413,3.9727272727272984,27.2908378974191,4.728787878787863,32.484631990024475,1.1903127383676466,0.0,0.0,0.0,28.875886524822697,26.825242718446603,,5292950.0,5387850.0,183300.0,200850.0,False,-53,0.31605105478503215,-0.010839444646079943,False,True,False,True,False
BDL,5,429,2025-10-01 09:15:00+05:30,2025-10-28 15:15:00+05:30,0.03694163295534244,NON,False,20.0,4.0,,253,,,,-10.736363636363608,-3.0181818181818016,,-9.449999999999969,-69.8209249942356,-19.627897627507327,-61.45542043311419,7.718181818181806,50.193027366728266,6.4318181818181674,41.82752280560686,0.8333333333333327,0.0,0.04555619533241241,0.0,22.892491467576793,1.130677182485722,,4359875.0,2702375.0,190450.0,2390050.0,True,320,0.3461716753268863,0.015961517781717727,False,True,True,True,False
BDL,6,475,2025-10-29 09:15:00+05:30,2025-11-25 15:15:00+05:30,0.017651067227287636,NON,False,26.0,13.0,5.0,209,134.0,33.5,False,-10.181818181818182,-6.727272727272748,-9.645454545454538,-10.116666666666712,-65.67643799147379,-43.39336081579532,-65.25618697456436,3.4545454545454337,22.283077175678475,3.3893939393939636,21.86282615876904,0.9811403508772059,0.0,0.004809312359818137,0.0,24.29527559055118,12.329857819905213,4.507848266841073,4011150.0,4227600.0,165100.0,342875.0,False,-57,0.3610816448422665,0.007703045014737064,False,True,False,True,False
BDL,7,600,2025-11-26 09:15:00+05:30,2025-12-30 15:15:00+05:30,0.1099017085341602,MOD,True,32.0,4.0,,472,,,,-10.918181818181768,5.445454545454553,,-10.60000000000006,-72.81700559011449,36.31755732596074,-70.69494464452487,16.36363636363632,109.13456291607523,16.045454545454614,107.01250197048562,0.9805555555555623,0.0,0.11651426465766174,0.0,29.59453781512605,0.9440417143583874,,4578275.0,2598050.0,154700.0,2752050.0,True,390,0.2607272514417777,0.08689876110766875,False,True,True,True,False
BDL,8,450,2025-12-31 09:15:00+05:30,2026-01-27 15:15:00+05:30,0.052660506173321235,MOD,True,27.0,4.0,4.0,393,1.0,0.25,True,-7.018181818181802,-1.0727272727272272,-1.2090909090908637,-6.2666666666666515,-49.46561755132367,-7.560806827792693,-44.16878112959297,5.945454545454575,41.90481072353098,5.1939393939394245,36.60797430180028,0.8735983690112139,0.0,0.06158124789152399,0.005021263006817253,13.278398510242086,0.9581271412257327,0.9434486240848271,4991350.0,2642850.0,375900.0,2758350.0,True,307,0.18551535810289757,0.0076812907699343735,False,True,True,True,False
BDL,9,525,2026-01-28 09:15:00+05:30,2026-02-24 15:15:00+05:30,0.32175716400305565,EXT,True,27.0,1.0,0.0,471,20.0,5.0,True,-8.627272727272736,30.300000000000058,17.83636363636366,3.783333333333303,-68.3240098778232,239.9619862200052,29.96225020458781,38.92727272727279,308.2859960978284,26.516666666666755,209.9997360154174,0.6811848046084396,0.008682059747465894,0.2823841005936708,0.010554927113192898,23.06833333333333,0.4103118937472019,0.20109897473698318,4844350.0,1924650.0,210000.0,4690700.0,True,144,0.4261920022981859,-0.009520409081981096,False,True,True,True,False
BDL,10,550,2026-02-25 09:15:00+05:30,2026-03-30 15:15:00+05:30,0.5134744730608559,EXT,True,33.0,3.0,3.0,492,8.0,2.0,True,6.728181818181838,40.672727272727236,40.41818181818183,3.216666666666697,58.32840761319322,352.60275052212603,27.8861436208643,33.9445454545454,294.2743429089328,37.45606060606054,324.7166069012617,1.1034485836971173,0.13799502333121455,0.5214027049664074,0.0,11.290118577075098,0.447329441491679,0.3765161725067385,4998700.0,1796900.0,442750.0,4016950.0,True,403,0.43806757419652115,0.009116012317599786,False,True,True,True,False
BDL,11,450,2026-04-01 09:15:00+05:30,2026-04-28 15:15:00+05:30,0.24808950598238927,EXT,True,5.0,4.0,0.0,30,42.0,10.5,False,7.763636363636372,19.690909090909084,4.990909090909079,-2.3999999999999773,55.621409683596305,141.07256835441385,-17.19444046424973,11.927272727272712,85.45115867081753,22.09090909090906,158.26700881866358,1.8521341463414633,0.12407646917637,0.2544265121257187,0.0,2.4016689847009736,0.8499412110523221,0.28309086572859526,3021900.0,2024050.0,1258250.0,2381400.0,True,387,0.31839458353432537,0.03093905920375284,False,True,True,True,False
BDL,12,475,2026-04-29 09:15:00+05:30,2026-05-26 15:15:00+05:30,0.1614862325633645,EXT,True,15.0,1.0,0.0,256,5.0,1.25,True,-3.4909090909090783,12.5090909090909,11.690909090909082,7.266666666666613,-26.336545385960605,94.37262096635911,54.822079718344874,15.999999999999979,120.70916635231973,5.2424242424242875,39.55054124801424,0.3276515151515184,0.03221978832418265,0.15496018639452305,0.04595483731075049,10.423115577889448,0.356751370204285,0.2609939220593493,3629850.0,1002400.0,348250.0,2809800.0,True,246,0.311273892235022,0.029600744081255626,False,True,True,True,False
BDL,13,550,2026-05-27 09:15:00+05:30,2026-06-29 15:15:00+05:30,0.5279485329785931,EXT,True,34.0,5.0,,501,,,,2.2272727272726858,48.25454545454543,,33.133333333333326,16.147848381589835,349.8480784060424,240.2184683051789,46.027272727272745,333.7002300244526,15.121212121212103,109.62961010086352,0.32852722364869263,0.06453667124634489,0.542845363857404,0.4110771109384785,22.288770053475936,0.5282157225182125,,3647000.0,2307550.0,163625.0,4368575.0,True,462,0.27730551623132604,0.017234341566705724,False,True,True,True,False
BDL,14,525,2026-06-30 09:15:00+05:30,2026-07-28 15:15:00+05:30,0.52491056929833,EXT,True,27.0,0.0,,497,,,,13.272727272727252,44.39999999999998,,44.39999999999998,104.83158733691852,350.68320037911684,350.68320037911684,31.127272727272725,245.8516130421983,0.0,0.0,0.0,0.17223623966468202,0.4661082511785389,0.4661082511785389,20.761120263591433,0.11331495685522532,,5355850.0,803675.0,257975.0,7092400.0,True,101,,,False,True,True,True,False
BDL,15,517,2026-07-29 09:15:00+05:30,2026-08-25 15:30:00+05:30,0.2935738613441716,EXT,True,27.0,26.0,18.0,33,147.0,36.75,False,20.20000000000002,26.66363636363636,12.963636363636356,-4.033333333333341,166.2414616080983,219.43573667711595,-33.193427152772124,6.46363636363634,53.1942750690177,30.696969696969703,252.6291638298881,4.74917955930616,0.2402713640812435,0.27404365962755334,0.0,18.74,16.22013170272813,9.204728950403691,7168050.0,7327850.0,382500.0,451775.0,False,-290,,,False,True,False,True,False
BDL,16,624,2026-08-26 09:15:00+05:30,2026-09-29 15:30:00+05:30,0.42929510648548846,EXT,True,22.0,1.0,0.0,358,25.0,6.25,True,1.3081818181818066,31.16363636363634,10.936363636363591,-8.1499999999999,11.614861210883483,276.6903699159757,-72.36082748823495,29.85545454545453,265.07550870509215,39.31363636363624,349.05119740421065,1.3167991230474068,0.08128495698884035,0.3930402255087107,0.0,13.027522935779816,0.4722276613798055,0.22723623853211009,7242000.0,3074875.0,555900.0,6511425.0,True,221,,,False,True,True,True,False
BDL,17,52,2026-09-30 09:15:00+05:30,2026-10-01 15:30:00+05:30,0.22000942388115077,EXT,True,27.0,27.0,,22,,,,7.957142857142799,12.854545454545443,,10.333333333333334,71.8802426119494,116.12055514494529,93.34537789822343,4.897402597402644,44.24031253299589,2.521212121212109,22.775177246721853,0.5148059754264931,0.1937547384180302,0.2221935796388622,0.2002535807629154,14.746293245469522,14.281545741324921,,7608350.0,7696325.0,515950.0,538900.0,False,-28,,,True,True,False,True,True
IREDA,2,450,2025-03-03 09:15:00+05:30,2025-03-27 15:15:00+05:30,1.1855170212107866,EXT,True,16.0,1.0,0.0,243,24.0,6.0,True,5.451818181818182,13.595454545454544,10.472727272727274,8.615000000000004,331.17593134602004,825.8689433516306,523.3264487911556,8.143636363636361,494.6930120056105,4.98045454545454,302.54249456047506,0.6115762446974766,0.5562470273582818,1.177045671296466,0.48647634581380395,2.502249488752556,0.38498402555910544,0.20524818790714744,17742200.0,11182400.0,7090500.0,29046400.0,True,86,,,False,True,True,True,False
IREDA,3,400,2025-03-28 09:15:00+05:30,2025-04-24 15:15:00+05:30,0.8298363557516649,EXT,True,27.0,1.0,1.0,356,3.0,0.75,True,7.162727272727267,12.484545454545456,12.477272727272727,5.8633333333333395,405.0629006801598,706.0196490722985,331.58023713924894,5.321818181818189,300.9567483921387,6.621212121212117,374.43941193304966,1.2441635349049056,0.5634421658582014,0.8581841195356059,0.36209000377430406,6.492865636147443,0.7764575235980011,0.6952259164535379,31670900.0,20276800.0,4877800.0,26114500.0,True,107,0.6529872912123298,0.03387614653084392,False,True,True,True,False
IREDA,4,600,2025-04-25 09:15:00+05:30,2025-05-29 15:15:00+05:30,0.7188413127009259,EXT,True,34.0,34.0,21.0,11,209.0,52.25,False,7.819999999999997,8.074545454545449,3.1445454545454523,3.7833333333333314,477.3531925283847,492.8913108622542,230.94453261709995,0.2545454545454522,15.538118333869624,4.2912121212121175,261.9467782451543,16.858333333333476,0.7088452168953986,0.7001062052085859,0.3785373227249726,3.909090909090909,,,32920800.0,33622600.0,8421600.0,0.0,False,-345,0.47465400655575773,0.007067493864454655,False,True,False,True,False
IREDA,5,500,2025-05-30 09:15:00+05:30,2025-06-26 15:15:00+05:30,0.29572704594425736,EXT,True,27.0,21.0,21.0,106,13.0,3.25,True,1.5666666666666724,3.792727272727275,3.6636363636363622,-1.4116666666666617,91.60186322087776,221.75801161943957,-82.5391256894499,2.226060606060603,130.15614839856184,5.2043939393939365,304.29713730888943,2.3379390144296237,0.12316667154452457,0.29370064216560143,0.0,9.835641139504528,7.0944927536231885,7.136911108478459,36545800.0,43444900.0,3715650.0,6123750.0,False,-93,0.37601669500609886,0.003926755979535013,True,True,False,True,False
IREDA,6,625,2025-06-27 09:15:00+05:30,2025-07-31 15:15:00+05:30,0.2463411945549723,EXT,True,24.0,1.0,0.0,435,16.0,4.0,True,-0.5345454545454644,2.1163636363636367,1.9636363636363605,-0.378333333333335,-35.339511737767054,139.91561790054456,-25.012120410771853,2.650909090909101,175.2551296383116,2.494696969696972,164.9277383113164,0.941072245084588,0.010383520572339676,0.2526156747544206,0.0075940570267333946,8.025570776255707,0.3767555014928674,0.19805060141020323,30318600.0,11754150.0,3777750.0,31198350.0,True,320,0.46632707593176614,0.19012946381776785,False,True,True,True,False
IREDA,7,450,2025-08-01 09:15:00+05:30,2025-08-28 15:15:00+05:30,0.22897903372841888,EXT,True,10.0,2.0,0.0,148,15.0,3.75,True,0.009999999999998656,2.162727272727272,1.5272727272727258,-0.2749999999999962,0.6918021445865552,149.61793654287595,-19.02455897613256,2.1527272727272737,148.92613439828943,2.4377272727272685,168.64249551900852,1.1323902027027002,0.04161121936145829,0.22436541649181338,0.004603224350341745,6.469269703543023,0.44583948793697686,0.20573622402890696,30867150.0,12495900.0,4771350.0,28027800.0,True,396,0.28352030545743145,0.09351088760508741,False,True,True,True,False
IREDA,8,575,2025-08-29 09:15:00+05:30,2025-09-30 15:15:00+05:30,0.23250525663345714,EXT,True,21.0,1.0,1.0,359,3.0,0.75,True,0.24272727272727934,1.9454545454545487,1.8954545454545475,-0.5883333333333335,16.117348786671936,129.18024870216126,-39.06595838866756,1.7027272727272693,113.06289991548933,2.5337878787878823,168.24620709082882,1.48807617013704,0.10454062870688925,0.2543333711024016,0.0,8.269980506822613,0.311115889056117,0.29862869198312236,29273250.0,9984300.0,3539700.0,32091900.0,True,138,0.3175270956081303,0.2053015884438258,False,True,True,True,False
IREDA,9,429,2025-10-01 09:15:00+05:30,2025-10-28 15:15:00+05:30,0.19548713815538143,EXT,True,27.0,5.0,1.0,322,54.0,13.5,False,0.3499999999999995,1.5718181818181811,0.8227272727272738,-0.9000000000000057,22.500803600128542,101.04906344057737,-57.85920925747384,1.2218181818181817,78.54825984044884,2.471818181818187,158.90827269805123,2.0230654761904807,0.10261386092904767,0.1930477371234353,0.0,9.95703125,2.292661361626879,0.610378613765574,35176200.0,35783400.0,3532800.0,15607800.0,True,125,0.3091372372068055,0.054233874025614304,False,True,True,True,False
IREDA,10,475,2025-10-29 09:15:00+05:30,2025-11-25 15:15:00+05:30,0.07636330780784026,MOD,True,27.0,27.0,1.0,0,441.0,110.25,,0.20333333333333314,0.20333333333333314,-0.11727272727272914,-0.7550000000000049,13.272410791993027,13.272410791993027,-49.281984334203976,0.0,0.0,0.958333333333338,62.55439512619701,,0.12462987704729622,0.12462987704729622,0.005123219062583111,11.154022988505748,11.154022988505748,0.5032845941936851,33478800.0,33478800.0,3001500.0,3001500.0,False,-360,0.32981764165512045,0.009627762964289743,True,False,False,False,False
IREDA,11,600,2025-11-26 09:15:00+05:30,2025-12-30 15:15:00+05:30,0.26995298437959064,EXT,True,29.0,1.0,1.0,477,1.0,0.25,True,-0.8763636363636326,2.197272727272734,2.1572727272727366,-0.8066666666666672,-62.884876317711864,157.6688237136003,-57.883658629927325,3.0736363636363664,220.55370003131216,3.003939393939401,215.5524823435276,0.9773242630385501,0.0,0.25757993610921265,0.0,9.13953488372093,0.25662225076256223,0.25253817251578864,37963800.0,11029650.0,4153800.0,42980100.0,True,347,0.45274925354349843,0.032749538545499,False,True,True,True,False
IREDA,12,450,2025-12-31 09:15:00+05:30,2026-01-27 15:15:00+05:30,0.48477526380396513,EXT,True,22.0,5.0,4.0,320,25.0,6.25,True,0.07454545454545651,4.137272727272728,3.53181818181818,1.5516666666666623,5.762190194438935,319.80155579135254,119.9402231326167,4.062727272727271,314.0393655969135,2.5856060606060653,199.86133265873582,0.6364212724696069,0.06696352145628479,0.4968932662246132,0.11108035791103926,8.820813232253618,0.732737675366408,0.30030526583566525,44156550.0,32254050.0,5005950.0,44018550.0,True,87,0.28268572162745553,-0.05189418397964124,False,True,True,True,False
IREDA,13,525,2026-01-28 09:15:00+05:30,2026-02-24 15:15:00+05:30,0.3866466941730499,EXT,True,18.0,4.0,,254,,,,0.5854545454545478,3.7836363636363655,,3.351666666666669,46.106043900972416,297.97104769541386,263.95232845067477,3.198181818181818,251.86500379444146,0.43196969696969667,34.01871924473906,0.13506727307182104,0.11637540915936996,0.3869264136662591,0.2968462739046438,5.971873941036937,0.6175122368114365,,60799350.0,27420600.0,10180950.0,44404950.0,True,150,0.39172289464484844,0.0077359154650067374,False,True,True,True,False
IREDA,14,550,2026-02-25 09:15:00+05:30,2026-03-30 15:15:00+05:30,0.5886205761099164,EXT,True,25.0,0.0,0.0,402,1.0,0.25,True,0.36454545454545373,4.592727272727274,4.574545454545455,2.1516666666666637,32.392523062506996,408.09732297203425,191.19128013743236,4.22818181818182,375.7047999095273,2.44106060606061,216.90604283460192,0.5773310399197311,0.0966791996470667,0.7096185182951265,0.1426560949851609,9.472191323692993,0.18475361504983856,0.18244998244998245,58756950.0,9080400.0,6203100.0,49148700.0,True,465,0.3099069019320584,,False,True,True,True,False
IREDA,15,450,2026-04-01 09:15:00+05:30,2026-04-28 15:15:00+05:30,0.30983222012573547,EXT,True,26.0,11.0,11.0,230,13.0,3.25,True,1.5081818181818145,2.5009090909090874,2.3154545454545454,-0.576666666666668,113.23536438034496,187.77003460538236,-43.29654378456851,0.9927272727272729,74.53467022503739,3.0775757575757554,231.06657838995085,3.1001221001220975,0.22994885717065874,0.3184883617954319,0.012668148978535188,11.482403433476394,3.5253310305123775,3.4342287454998615,46150650.0,42252150.0,4019250.0,11985300.0,True,255,0.4298970262325951,0.032158719189369966,False,True,False,True,False
IREDA,16,475,2026-04-29 09:15:00+05:30,2026-05-26 15:15:00+05:30,0.2899100197563352,EXT,True,19.0,1.0,1.0,316,1.0,0.25,True,0.31181818181818505,2.8009090909090912,2.7972727272727282,1.696666666666675,23.89777604369904,214.66194749456557,130.0326997751897,2.489090909090906,190.76417145086654,1.1042424242424163,84.62924771937587,0.4436328220111977,0.09150431601652906,0.3444142350505997,0.25602460088205714,6.796725014116318,0.23024190371129147,0.22499026858699883,41527650.0,10080900.0,6109950.0,43783950.0,True,249,0.2757619865827746,-0.03359954075492366,False,True,True,True,False
IREDA,17,550,2026-05-27 09:15:00+05:30,2026-06-29 15:15:00+05:30,0.7298675215572094,EXT,True,32.0,1.0,1.0,515,6.0,1.5,,0.5618181818181824,6.389999999999997,6.20222222222222,6.0299999999999985,43.8920454545455,499.2187499999998,471.0937499999999,5.828181818181815,455.3267045454543,0.35999999999999854,28.124999999999886,0.06176883481516123,0.08065138044827037,0.7322167904686052,0.6569301437455022,13.669452708126741,0.28447045234125556,0.2658692888187151,43421700.0,15663000.0,3176550.0,55060200.0,True,266,,,False,True,True,True,False
IREDA,18,525,2026-06-30 09:15:00+05:30,2026-07-28 15:15:00+05:30,0.5410881782950642,EXT,True,28.0,4.0,4.0,463,1.0,0.25,True,1.580909090909091,4.34545454545455,4.341818181818186,3.278333333333336,131.16312046039084,360.52887625110344,271.99314140324697,2.764545454545459,229.36575579071263,1.0671212121212141,88.53573484785649,0.3860024114874494,0.208140247037162,0.5753707775061583,0.3475648257982848,12.321678321678322,0.6240875912408759,0.6007312940337108,55811350.0,31724775.0,4529525.0,50833850.0,True,74,,,False,True,True,True,False
IREDA,19,517,2026-07-29 09:15:00+05:30,2026-08-25 15:30:00+05:30,0.6461086559172694,EXT,True,18.0,0.0,,326,,,,1.6645454545454534,6.486666666666669,,6.486666666666669,140.52726505238104,547.6290980723232,547.6290980723232,4.822121212121216,407.1018330199422,0.0,0.0,0.0,0.21500655809515443,0.5168680528162024,0.5168680528162024,6.816506717850288,0.09013837458585071,,80350425.0,8371250.0,11787625.0,92871100.0,True,127,,,False,True,True,True,False
IREDA,20,624,2026-08-26 09:15:00+05:30,2026-09-29 15:30:00+05:30,0.7920370463690157,EXT,True,21.0,1.0,0.0,350,21.0,5.25,True,1.599999999999998,6.299999999999997,4.479090909090909,2.078333333333333,137.97861331493604,543.290789927561,179.228469587214,4.699999999999999,405.312176612625,4.221666666666664,364.06232034034707,0.8982269503546095,0.24776060452913565,0.8180529802654496,0.3041942556450626,6.306966839062976,0.2002195523571385,0.11792679990368408,93807775.0,14855575.0,14873675.0,74196425.0,True,436,,,False,True,True,True,False
IREDA,21,52,2026-09-30 09:15:00+05:30,2026-10-01 15:30:00+05:30,0.47377180424758036,EXT,True,26.0,26.0,,15,,,,2.488181818181816,3.1971428571428584,,3.1133333333333346,232.71434887596484,299.02196568863246,291.1834393315876,0.7089610389610423,66.30761681266763,0.08380952380952378,7.838526357044872,0.11821456921291995,0.4081897540858171,0.4706662835860894,0.4942247923479308,14.124386252045827,13.255188316679478,,78101500.0,78033625.0,5529550.0,5887025.0,True,13,,,False,True,False,True,True
VOLTAS,1,1770,2024-07-03 15:15:00+05:30,2024-10-31 15:15:00+05:30,0.1481955381518258,MOD,True,63.0,41.0,30.0,402,165.0,41.25,False,-13.299999999999955,12.43636363636361,3.095454545454521,-11.058333333333318,-69.8364357163483,65.30160222827384,-58.065758267916294,25.736363636363564,135.13803794462214,23.49469696969693,123.36736049619013,0.9128988578829634,,0.14111032055406633,0.0,,11.675675675675675,,244800.0,1296000.0,0.0,111000.0,False,-298,0.25140079320312286,0.0143730299896766,False,True,False,True,False
VOLTAS,2,426,2024-11-01 15:30:00+05:30,2024-11-28 15:15:00+05:30,0.13857174207732595,MOD,True,27.0,7.0,7.0,281,7.0,1.75,True,-22.15833333333349,21.822727272727228,18.67727272727269,-16.67500000000003,-133.187072989923,131.16984596217603,-100.22840656368354,43.98106060606072,264.3569189520991,38.49772727272726,231.3982525258596,0.8753251227284445,0.057786805162608555,0.11040624867366439,0.0,,,,9177600.0,9750300.0,0.0,0.0,True,181,0.3352387191320253,-0.010162526006398276,True,True,True,True,False
VOLTAS,3,1100,2024-11-29 09:15:00+05:30,2025-01-30 15:15:00+05:30,0.09095505918525275,MOD,True,59.0,59.0,48.0,4,221.0,55.25,False,-7.2000000000000455,3.6083333333333485,-7.613636363636343,-9.151666666666642,-42.38285848834498,21.24048347853396,-53.87136017581023,10.808333333333394,63.62334196687894,12.759999999999991,75.1118436543442,1.1805705474171089,,0.02074645327217331,0.0,,,,0.0,0.0,0.0,0.0,False,-493,,,False,True,False,True,False
VOLTAS,4,500,2025-01-31 09:15:00+05:30,2025-02-27 15:15:00+05:30,0.08085879916904987,MOD,True,27.0,23.0,7.0,71,295.0,73.75,False,-6.818181818181798,1.9500000000000455,-2.1063636363636222,-8.96666666666666,-48.77446039188638,13.949495672079872,-64.14383479981872,8.768181818181844,62.723956063966256,10.916666666666705,78.0933304718986,1.2450319682045972,0.0,0.06343255458677943,0.0,31.125618199802176,,9.488709133805191,9440400.0,8838300.0,303300.0,0.0,True,10,,,False,True,False,True,False
VOLTAS,5,475,2025-02-28 09:15:00+05:30,2025-03-27 15:15:00+05:30,0.081820683915867,MOD,True,6.0,1.0,1.0,69,1.0,0.25,True,-8.963636363636335,2.1090909090909133,1.936363636363653,-9.508333333333363,-62.9933333120372,14.821960779302948,-66.82127505065787,11.072727272727247,77.81529409134015,11.617424242424276,81.64323582996083,1.0491926655719814,0.0,0.09001215827035389,0.0,6.565331582403152,0.40116572760831554,0.39604685212298685,8999100.0,3097200.0,1370700.0,7720500.0,True,357,,,False,True,True,True,False
VOLTAS,6,400,2025-03-28 09:15:00+05:30,2025-04-24 15:15:00+05:30,0.0775346004600107,MOD,True,27.0,23.0,,28,,,,-5.909090909090909,1.9363636363636323,,-7.631666666666661,-43.896229313901934,14.384456682863219,-56.69254293107499,7.845454545454541,58.28068599676515,9.568030303030293,71.07699961393821,1.2195635380455767,0.014097413319474422,0.06947459659326671,0.00548642469323031,43.04951856946355,27.88268551236749,,9389100.0,11836200.0,218100.0,424500.0,False,-4,0.38898477680937366,-0.004533848627491177,False,True,False,True,False
VOLTAS,7,600,2025-04-25 09:15:00+05:30,2025-05-29 15:15:00+05:30,0.083865992778702,MOD,True,27.0,3.0,0.0,401,81.0,20.25,False,-4.561818181818167,2.0563636363636473,-2.1100000000000447,-2.701666666666673,-36.43915793448492,16.425941659586606,-21.580530926325366,6.618181818181815,52.86509959407152,4.758030303030321,38.00647258591198,0.7189331501831532,0.01377226106241651,0.0885578871515604,0.02526098766650018,15.923480870217555,2.8220690735374734,0.2281231304726165,12735600.0,10810500.0,799800.0,3830700.0,True,285,0.3586077584499855,0.027290457196360474,False,True,True,True,False
VOLTAS,8,500,2025-05-30 09:15:00+05:30,2025-06-26 15:15:00+05:30,0.1565601850094008,EXT,True,22.0,3.0,2.0,334,21.0,5.25,True,-8.027272727272702,11.67272727272728,10.145454545454497,-9.900000000000015,-61.929275785162034,90.05344293108533,-76.37710229902804,19.69999999999998,151.98271871624735,21.572727272727295,166.43054523011338,1.0950622981079856,0.0,0.17574963916478364,0.0,31.89129186602871,1.8242504022231973,0.682147675150643,12497400.0,9354300.0,391875.0,5127750.0,True,298,0.29874199269163426,0.015498652919604283,False,True,True,True,False
VOLTAS,9,625,2025-06-27 09:15:00+05:30,2025-07-31 15:15:00+05:30,0.2890669506034214,EXT,True,34.0,0.0,,593,,,,-5.281818181818173,23.190909090909063,,20.399999999999938,-39.133275408003065,171.82269460553502,151.14469882196,28.472727272727237,210.9559700135381,2.7909090909091248,20.67799578357505,0.09802043422733209,0.020065675516497482,0.2571100827925096,0.13654712388772194,34.32637362637362,0.23794639368602016,,11713875.0,2283750.0,341250.0,9597750.0,True,593,0.28928597515048116,,False,True,True,True,False
VOLTAS,10,450,2025-08-01 09:15:00+05:30,2025-08-28 15:15:00+05:30,0.2187583129845205,EXT,True,27.0,0.0,,436,,,,0.9727272727272975,19.063636363636387,,18.883333333333365,7.165578436296851,140.43194374686107,139.10374462860673,18.09090909090909,133.2663653105642,0.18030303030302264,1.3281991182543105,0.009966499162478638,0.05827758877841786,0.2084896530812081,0.19206670682025045,54.95074946466809,0.08853126440313412,,9623250.0,864375.0,175125.0,9763500.0,True,191,0.20972985498190927,,False,True,True,True,False
VOLTAS,11,575,2025-08-29 09:15:00+05:30,2025-09-30 15:15:00+05:30,0.350233178521103,EXT,True,28.0,1.0,,484,,,,5.200000000000025,29.97272727272732,,18.41666666666663,37.77148253068951,217.71429703441066,133.7740006295244,24.772727272727295,179.94281450372117,11.55606060606069,83.94029640488625,0.4664831804281375,0.10377406388171734,0.35551428831715565,0.14806328601946434,58.7853982300885,0.334945920729811,,9964125.0,3634875.0,169500.0,10852125.0,True,120,0.29443352277353657,0.007246462176810575,False,True,True,True,False
VOLTAS,12,429,2025-10-01 09:15:00+05:30,2025-10-28 15:15:00+05:30,0.4557272427340731,EXT,True,25.0,0.0,,397,,,,11.445454545454595,42.383333333333326,,42.383333333333326,79.87615706228344,295.78709842510517,295.78709842510517,30.93787878787873,215.91094136282177,0.0,0.0,0.0,0.18981145076631648,0.47093897611736624,0.47093897611736624,58.669158878504675,0.07278722559765517,,11770500.0,894000.0,200625.0,12282375.0,True,104,0.26431490924967593,,False,True,True,True,False
VOLTAS,13,475,2025-10-29 09:15:00+05:30,2025-11-25 15:15:00+05:30,0.34472626354961383,EXT,True,26.0,5.0,1.0,345,68.0,17.0,False,24.709090909090904,37.47272727272732,16.954545454545453,5.4833333333333485,176.44309418088332,267.5858845524658,39.15547938684196,12.763636363636415,91.1427903715825,31.98939393939397,228.43040516562385,2.506291547958207,0.2382601884010641,0.35475019133551694,0.20466082808455835,35.9042904290429,2.374126913360083,0.3378964022838275,12238875.0,11981625.0,340875.0,5046750.0,True,76,0.25565013711686313,-0.02042876664802723,False,True,True,True,False
VOLTAS,14,600,2025-11-26 09:15:00+05:30,2025-12-30 15:15:00+05:30,0.267172359936245,EXT,True,4.0,1.0,1.0,41,1.0,0.25,True,4.045454545454566,21.59090909090905,21.199999999999964,10.816666666666643,29.087248673098692,155.24093392945824,77.7729843735019,17.545454545454483,126.15368525635954,10.774242424242408,77.46794955595634,0.6140759930915384,0.10080052457610701,0.3190106233400027,0.1147357905423206,0.8207256343372066,0.1426833097817554,0.13464087966934415,5191500.0,1363125.0,6325500.0,9553500.0,True,517,0.2990520155227596,0.0009327070428875039,False,True,True,True,False
VOLTAS,15,450,2025-12-31 09:15:00+05:30,2026-01-27 15:15:00+05:30,0.2399452560134378,EXT,True,14.0,5.0,5.0,152,3.0,0.75,True,3.000000000000021,17.490909090909078,17.436363636363613,-7.3166666666666815,23.16781218626937,135.07536559509674,-56.50371972095669,14.490909090909057,111.90755340882737,24.80757575757576,191.57908531605344,1.7119406106231743,0.0938154342576106,0.2500820601717029,0.0,26.621963070942662,1.369801879775509,1.2433879093198992,10272750.0,7596750.0,385875.0,5545875.0,True,32,0.22967391144371918,0.0035340104770791025,False,True,True,True,False
VOLTAS,16,525,2026-01-28 09:15:00+05:30,2026-02-24 15:15:00+05:30,0.22870507451521496,EXT,True,5.0,0.0,,73,,,,0.6454545454545578,23.68181818181812,,22.73333333333331,4.207656750029712,154.37951878629804,148.19643633202938,23.03636363636356,150.17186203626832,0.9484848484848101,6.183082454268645,0.04117337542751754,0.07375440450883428,0.22965278439825096,0.19542485774327872,2.479456286685202,0.25754428371794386,,9029250.0,2557125.0,3641625.0,9928875.0,True,493,0.3286981048563808,,False,True,True,True,False
VOLTAS,17,550,2026-02-25 09:15:00+05:30,2026-03-30 15:15:00+05:30,0.32554213117089464,EXT,True,24.0,6.0,5.0,301,14.0,3.5,False,4.4727272727272975,26.527272727272702,24.83636363636364,19.683333333333394,34.623991892919165,205.3512364706046,152.37136811684005,22.054545454545405,170.72724457768547,6.8439393939393085,52.97986835376458,0.3103187688925497,0.09872925465385318,0.3293484127600409,0.07467431037679481,31.642079806529626,1.9506070065903574,1.0914521235290604,9813000.0,10544250.0,310125.0,5405625.0,True,17,0.42571656709757333,-0.060999759049322366,False,True,True,True,False
VOLTAS,18,450,2026-04-01 09:15:00+05:30,2026-04-28 15:15:00+05:30,0.27643960070618684,EXT,True,27.0,11.0,,243,,,,8.536363636363625,23.136363636363594,,20.900000000000052,60.03913093517812,162.725866059668,146.99676466451015,14.59999999999997,102.68673512448989,2.236363636363542,15.729101395157844,0.15317559153174978,0.18184037903285086,0.2974841095193961,0.2168012135148338,56.098827470686764,7.056515301085883,,12559125.0,10722375.0,223875.0,1519500.0,True,111,0.3817913921737367,-0.04567245410769977,False,True,False,True,False
VOLTAS,19,475,2026-04-29 09:15:00+05:30,2026-05-26 15:15:00+05:30,0.2525992140592423,EXT,True,19.0,1.0,1.0,305,6.0,1.5,True,9.890909090909087,23.32727272727274,23.109090909090934,13.016666666666689,76.58466195051558,180.6215464752051,100.78719834817413,13.436363636363652,104.03688452468953,10.31060606060605,79.83434812703098,0.7673658096526821,0.13122866204042882,0.25564985200936163,0.10538883886619901,26.311567164179106,0.4635394656524393,0.4178216936421354,10577250.0,3702000.0,402000.0,7986375.0,True,138,,,False,True,True,True,False
VOLTAS,20,250,2026-05-27 09:15:00+05:30,2026-06-10 15:15:00+05:30,0.180159759076847,EXT,True,27.0,20.0,,123,,,,3.309090909090876,11.799999999999955,,8.916666666666629,25.196763185036748,89.84999619279643,67.89512424173174,8.490909090909078,64.65323300775968,2.8833333333333258,21.95487195106469,0.3395788722341181,0.13233914735601915,0.17514825304460252,0.1667336471082206,26.628600823045268,10.316432775011318,,9706125.0,8545875.0,364500.0,828375.0,True,86,,,False,True,False,True,True
