tau,session,ALL_n,ALL_median,ALL_q25,ALL_q75,NON_n,NON_median,NON_q25,NON_q75,MOD_n,MOD_median,MOD_q25,MOD_q75,EXT_n,EXT_median,EXT_q25,EXT_q75
-250,-10.0,101,0.19257142857142726,0.11596638655461958,0.33208676140613375,6,0.3570569276463379,0.3302844884492512,0.4022184480993264,18,0.19028534308324868,0.15734597886012786,0.33702900798359414,77,0.18542713567839128,0.10228550018733563,0.2898860398860392
-249,-9.96,101,0.19061936259771334,0.11446886446886838,0.33461538461537726,6,0.35963429644902695,0.302840884612368,0.4043039455881896,18,0.18717945995702728,0.1446599848231409,0.3265225482792045,77,0.18391959798995045,0.09729206963249631,0.2864583333333329
-248,-9.92,101,0.19006940736785805,0.10600706713780685,0.33337912087911464,6,0.3963734958011167,0.3149294051756576,0.44894321132117815,18,0.1848788422965877,0.13370037033847393,0.331380764221748,77,0.1839080459770107,0.09277708592777159,0.26934523809523847
-247,-9.88,101,0.185185185185183,0.10723981900452406,0.3464235624123409,6,0.4151676544079726,0.3242077990136278,0.441794346729083,18,0.18655185487959197,0.13418929712460276,0.34175448499606703,77,0.17624521072796823,0.09340659340659702,0.27943166441136913
-246,-9.84,101,0.19122068550811705,0.10143769968051308,0.3563201196709056,6,0.4007270577009684,0.3538427720440189,0.4564874189411361,18,0.2052751073760269,0.11829817554998076,0.37876244547878174,77,0.17624521072796823,0.08868778280542944,0.29450072358900053
-245,-9.8,101,0.18793969849246392,0.09845261121856962,0.36026925953627575,6,0.42279892524185714,0.3224930833696254,0.43602064674392493,18,0.22666719892475623,0.12849396521121922,0.40040043231662886,77,0.17085350628787097,0.08387050565821547,0.2973950795947899
-244,-9.76,101,0.1912548338966528,0.09805261359754061,0.3634064080944314,6,0.40814735992904044,0.3008501403991375,0.43928229516911166,18,0.22012595792574796,0.12057596734114531,0.42092502080668104,77,0.17214947301181682,0.09752941440464417,0.3010130246020258
-243,-9.72,101,0.20358259880580154,0.10659378202938216,0.35551272948574947,6,0.3311231283548044,0.2673802677895159,0.4221437738844832,18,0.23831987914807773,0.12128447760792799,0.4145178147588734,77,0.1704760268087284,0.0936249467062603,0.3081473514385593
-242,-9.68,102,0.18375130721899008,0.09779233556134903,0.35421000524574525,7,0.34969325153374603,0.282367003010609,0.4378303963336751,18,0.23519347057629106,0.12027803019678468,0.42594044279703547,77,0.1768807339449516,0.08896797153025145,0.30535455861070654
-241,-9.64,102,0.18450814436282406,0.10660844029047109,0.3516646400205262,7,0.3117679866146151,0.2814059167342049,0.4409896600752994,18,0.2547721233388659,0.12106728887550719,0.43274681167455875,77,0.17185083347654062,0.10616844602609873,0.31675181500403404
-240,-9.6,102,0.19161795581738802,0.11426855686709633,0.35400083040746533,7,0.3418851087562776,0.2869455146004331,0.4341888436160571,18,0.2693577132683764,0.11556367556903899,0.4098173328964557,77,0.1678391959798977,0.1139448786507605,0.32589405754235096
-239,-9.56,102,0.1831191356269563,0.12579929457276195,0.35538902484880786,7,0.3513664249860617,0.2508614010641712,0.44084721838736207,18,0.26883074163157183,0.13807202469726418,0.40608680310514794,77,0.16532663316582732,0.11358994501178307,0.3339607421349834
-238,-9.52,102,0.1845573743856393,0.1293087730940063,0.3569049140948061,7,0.36809815950920705,0.2604171650927209,0.42386620803195596,18,0.28457622931187154,0.13596392192282136,0.4122618207480558,77,0.1714116251482799,0.11437549096622115,0.33815925542916037
-237,-9.48,102,0.18797351638978257,0.11993974593906272,0.35969432737867674,7,0.3814113597246144,0.2449762277955664,0.39847198542390705,18,0.2817273702825216,0.12189816860326863,0.36968553551719036,77,0.1747045672309167,0.11818181818181807,0.30691399662731644
-236,-9.44,102,0.1962182020546362,0.11677357041061875,0.3603803880646501,7,0.34251290877797,0.23632838459690114,0.4018484178963043,18,0.2889749652198671,0.11778688998511583,0.43354441769933993,77,0.18614303959131553,0.11022727272727209,0.32124789207419713
-235,-9.4,103,0.22151699868032435,0.12286819374608096,0.3694322809491104,7,0.30808950086058623,0.22548843337378188,0.38477471790419615,18,0.2895045410625591,0.12761893894938547,0.4883704516814841,78,0.18673783753075684,0.12250345116070724,0.30870693248184905
-234,-9.36,103,0.22095142336454449,0.12417098406702731,0.36309856255587974,7,0.26842105263156374,0.2463933286064378,0.34858035698157597,18,0.29125514629658456,0.14126418684825834,0.4817950598539142,78,0.1868143080838067,0.11478535008558757,0.3057920220567049
-233,-9.32,103,0.22744260544580583,0.12715280464216877,0.3602143639718559,7,0.3020106688551405,0.2498899634244569,0.3510284444696734,18,0.2888716149485744,0.14741496598639317,0.5074120419813769,78,0.19674888906606533,0.1196634602150857,0.2894821824846241
-232,-9.28,103,0.2213284735750644,0.1286177363655548,0.37051799883856806,7,0.28477636438242687,0.21045347467608316,0.3496244132666873,18,0.29007969412343104,0.14249854561819367,0.5140552266461756,78,0.20942827267221414,0.12410481560609588,0.30665175729826544
-231,-9.24,103,0.22283667441714322,0.13302779573368007,0.35708183821198314,7,0.28846942962658184,0.23478498189498903,0.3432447287543843,18,0.2732657239831105,0.15198392770899105,0.5202561727000149,78,0.2165817281130769,0.12667146890030578,0.3324884132496195
-230,-9.2,103,0.2267573696145051,0.13080975138083167,0.3515831312321948,7,0.29917550058893244,0.24130245495064837,0.3413785362052197,18,0.26132864191834526,0.14342983019406289,0.5116552552688227,78,0.22082424150596267,0.12192724507593616,0.3250947545062627
-229,-9.16,103,0.2245334003644816,0.12878353169855838,0.3498600535274987,7,0.3163418290854592,0.28029438346871105,0.3345699810853734,18,0.26120545541817347,0.15324073311819322,0.5171481673972957,78,0.2086559307183763,0.12183561572041662,0.3323967063211612
-228,-9.12,103,0.22401956916278776,0.12367094570722054,0.37024854052443995,7,0.3229380385720089,0.22755695323070263,0.3934338058949615,18,0.2833291954251236,0.17076843497541225,0.5593383272321886,78,0.2069468948482709,0.11844417647222137,0.3316612570079651
-227,-9.08,103,0.22336227308602946,0.12226124885215545,0.3711609996684966,7,0.3373313343328334,0.23610781158887625,0.3933861645471368,18,0.2921759849773231,0.184893605415809,0.5662438078195913,78,0.213470380667236,0.10843396793800206,0.34481351550141026
-226,-9.04,103,0.22298260621613808,0.1288236644520041,0.3620657393053902,7,0.3081657775954005,0.23730589720257023,0.36065624431600557,18,0.30253322740287936,0.18562617622419264,0.5742101587455107,78,0.21124820149449908,0.10563164330876626,0.35146179154252355
-225,-9.0,103,0.22612470402525706,0.12660157727002402,0.36285612907114906,7,0.3103448275862076,0.20914594769131456,0.351666229260037,18,0.2881096608598802,0.19593664541246228,0.5787896662267931,78,0.21073032506415595,0.10793430056607757,0.3455386543734112
-224,-8.96,103,0.23176306897237015,0.11698060872554199,0.36059882907751795,7,0.3028485757121445,0.2130365016464829,0.3533533159544789,18,0.2821738843709567,0.17667281915998628,0.571028713753721,78,0.21338798588575061,0.1111728612626841,0.3431448953150182
-223,-8.92,104,0.2269408708398245,0.12361916158707605,0.36696889351282314,7,0.3058470764617739,0.23306775687894798,0.3475948462352826,19,0.2760416666666716,0.1846101662797705,0.5759763297345386,78,0.21920897190293567,0.11645336551750578,0.34637246734680804
-222,-8.88,104,0.2310112959400702,0.13705960654580332,0.3663986256553909,7,0.3032416906031958,0.20582965898309363,0.3517143321626667,19,0.2715328467153295,0.178926981327163,0.5401484024618727,78,0.21456158272538692,0.11668556565278207,0.3481218350673172
-221,-8.84,105,0.2467153284671571,0.14791818845872803,0.3595052433449866,7,0.27492819039802596,0.1873876765083494,0.34766042108034206,20,0.3143994086908642,0.16724042224898122,0.5205779930968274,78,0.23032371125043477,0.11743447242512142,0.3448411692371796
-220,-8.8,105,0.24379562043796268,0.14999999999999533,0.37576219512195136,7,0.2650800164136166,0.192237818831287,0.34959215744967675,20,0.3381757459581547,0.16947411613945174,0.5408916628407624,78,0.2186119410563146,0.1251741634314446,0.3565011524113095
-219,-8.76,105,0.22605042016806795,0.1522243713733077,0.3738382099827905,7,0.276159212146073,0.19430010604454728,0.3200714130567216,20,0.30562627411100185,0.17388347383210098,0.5521289598094073,78,0.22426670335795876,0.13780047378641397,0.35954089746827655
-218,-8.72,105,0.2330634011455667,0.15775341239650834,0.3841463414634142,7,0.2466146901928505,0.17114611821175976,0.3137009233898944,20,0.32092528980788626,0.18869533719704915,0.5610924296757683,78,0.22735442978099546,0.1495936345052735,0.3529396446998141
-217,-8.68,105,0.2319327731092468,0.16388888888888975,0.3681489141675274,7,0.2417815482502714,0.21749130725870802,0.3237475066253468,20,0.3029888192900866,0.18215602890260427,0.5311280712854494,78,0.22478178798518728,0.1484739205979751,0.36293754622659086
-216,-8.64,105,0.23183656750806445,0.16284510996724388,0.3661670235546049,7,0.2578947368421114,0.22094229514845107,0.3172338014349162,20,0.30032293171580304,0.1715293486625852,0.5422165228001915,78,0.21767756899159071,0.14173013991994482,0.3653754693330688
-215,-8.6,105,0.233073450964289,0.1627777777777754,0.38297356293960905,7,0.28421052631579596,0.23338000490211122,0.3322222709643493,20,0.2964467969094704,0.16621559351191598,0.5285595889532726,78,0.2228493175216828,0.14288355458568214,0.36890475744098883
-214,-8.56,105,0.2323002558999143,0.15800967087817838,0.3995859213250495,7,0.32289156626506355,0.21212124484374523,0.3765468074663186,20,0.291551764434772,0.1698357664233577,0.5285595889532726,78,0.2280250276649595,0.14910332349342587,0.3771118865507922
-213,-8.52,105,0.23337123365548593,0.16440349175558042,0.42638398115429516,7,0.3297762478485402,0.17604204911128593,0.40884416449019373,20,0.2739176881098969,0.17431193857003546,0.5235807309320388,78,0.22514478324149453,0.1462542474942831,0.3787664669837244
-212,-8.48,105,0.2321074842821491,0.14956654424689464,0.41154422788605677,7,0.32736660929432243,0.16693842731572364,0.3972801585073199,20,0.26911496663087203,0.17229124654504188,0.5189417905725946,78,0.2309235587123631,0.14955681463315018,0.38866395693601263
-211,-8.44,105,0.2330275229357796,0.16240725474031212,0.4160419790104956,7,0.3201376936316722,0.17639227515358724,0.3843879789051407,20,0.2619203074104236,0.1831895100610353,0.551694950362298,78,0.2301227468301927,0.1547287436797363,0.39313784195260426
-210,-8.4,105,0.2395422257300711,0.16958689458689527,0.4019677452074262,7,0.3187607573149765,0.2109533521518471,0.35526338894133874,20,0.2560006628322409,0.18871562156215116,0.5556901515057502,78,0.23132454015188425,0.1623810681297324,0.39484086926573964
-209,-8.36,105,0.24467245461720588,0.15985111905577995,0.41158221302998665,7,0.32702237521514893,0.20715650511663244,0.3733534794231479,20,0.2487753422501286,0.1554566027689006,0.536350821865438,78,0.2348058333504256,0.16099697024421605,0.4055834368250887
-208,-8.32,105,0.24451501154734379,0.16815476190476333,0.40805355512729674,7,0.3411359724612775,0.20573641339702958,0.35881668758482077,20,0.270868990958112,0.1703308771899034,0.5220206083065895,78,0.24176306038577955,0.15973546021735752,0.39913571741184684
-207,-8.28,105,0.25056689342403565,0.16693290734824473,0.43816254416960726,7,0.3504302925989705,0.19126831792126375,0.3623039289055987,20,0.2898013901994557,0.16318044974195184,0.5067105074541219,78,0.2399597874104854,0.16707040375443194,0.39720937486413743
-206,-8.24,105,0.2586540528918511,0.1793956043956007,0.44169611307420037,7,0.3123257110987168,0.20972233040379873,0.34761758535534776,20,0.30853277903308435,0.18382653688165027,0.5642888713684964,78,0.23664390151975007,0.1736233251926888,0.3981949684782179
-205,-8.2,105,0.2539515279241276,0.17644230769230665,0.45931227633421423,7,0.2863568215892141,0.17028546737270067,0.34381180206444606,20,0.32614738763879547,0.182647633736358,0.5454116494648246,78,0.2407452600781846,0.17636504120879282,0.3957305224536077
-204,-8.16,105,0.25098658247829564,0.16722689075630517,0.43345111896348393,7,0.2608695652173995,0.17962909214648226,0.3231387505243683,20,0.3437079806047003,0.19047516907258252,0.5444343233857014,78,0.24176638737854914,0.16680672268907837,0.4033967311227876
-203,-8.12,105,0.2537490134175224,0.17531104398136355,0.41363636363636136,7,0.22269353128313857,0.18460865997038783,0.32320412236149043,20,0.37515519192255914,0.1810082721774523,0.5933441507341904,78,0.24614067480315205,0.17303046218487805,0.4069467490486537
-202,-8.08,105,0.2543539023865837,0.17063989962358914,0.41634738186462195,7,0.21845174973489218,0.1775625345222156,0.36258494259085833,20,0.37428161368361557,0.19598280114454464,0.5603459868282907,78,0.2441870141438518,0.1698921177630434,0.4024310227838155
-201,-8.04,105,0.25435390238658395,0.16248431618569734,0.41297208538587343,7,0.2322375397667075,0.18346867373604175,0.3674935900081906,20,0.37976665243604224,0.21149941667920782,0.5428780803261306,78,0.24025901395781618,0.1622724821513744,0.40231200791545635
-200,-8.0,105,0.2638142334981728,0.16938519447929917,0.4021706055380883,7,0.27677624602333817,0.2053284884348724,0.3865762148266426,20,0.3812142677357875,0.2107339246217071,0.5675390761971995,78,0.24440504859096002,0.16387610548590317,0.39008555497297437
-199,-7.96,105,0.2631692109223827,0.18013951579810986,0.41017454235844936,7,0.3052631578947361,0.2178534270400983,0.4283589684330471,20,0.38089484975968557,0.217097414571726,0.5510386628920886,78,0.2408561773839532,0.16879379069197076,0.3861059214590901
-198,-7.92,105,0.26699834162520325,0.1745035593855373,0.4190556492411444,7,0.40103270223752396,0.23044518254499524,0.47844058024921,20,0.36428147484823686,0.20315231892707952,0.5289437700630468,78,0.24571835050138574,0.17305446127495577,0.3960193371220373
-197,-7.88,105,0.27031509121061015,0.1789996253278375,0.4235382308845602,7,0.4020654044750445,0.21296632726902642,0.484642923563325,20,0.3564671652703335,0.19274375520619355,0.5132053889226474,78,0.24931111568463224,0.17589276347481692,0.3922920651109447
-196,-7.84,105,0.2703240477544061,0.17958412098298507,0.42164519728167216,7,0.34210526315789674,0.23658179767468,0.4449215336864884,20,0.3586037783056989,0.1987137411824278,0.47128694567050794,78,0.24971958580528017,0.17258333833783898,0.38857670511013337
-195,-7.8,105,0.28311540648095496,0.17651757188498624,0.4063560416846127,7,0.38554216867469976,0.2482538768047048,0.4248698158824654,20,0.3567465459945387,0.21957723280264593,0.43009909436016047,78,0.24821285431697762,0.17608538578950586,0.39294587400177294
-194,-7.76,105,0.28955532574974374,0.18004147552315697,0.41634738186462195,7,0.38416523235800404,0.2624589278666495,0.4278036079598331,20,0.35674202705328173,0.20735695384749928,0.42053358907401434,78,0.25843849617750725,0.17786246260411198,0.39478220073636805
-193,-7.72,105,0.26402640264026267,0.17412140575080132,0.4097859327217064,7,0.3765920826161803,0.20362736153465327,0.4509097390118425,20,0.3529217732348575,0.22055880243875234,0.41502206918863427,78,0.2449360975347532,0.16930963477780778,0.39759373649125485
-192,-7.68,105,0.2689768976897669,0.1720158672917425,0.40461401952085,7,0.3931153184165251,0.22742006300011394,0.4258725435496882,20,0.3444603966513592,0.23375395152792294,0.4182662872673303,78,0.24356365535733457,0.16631544382798552,0.40236601383978193
-191,-7.64,105,0.276111685625649,0.17570539810218058,0.4148351648351702,7,0.35000000000000103,0.2517854736972861,0.4226168682807977,20,0.3743839737240582,0.23104087201257778,0.45113539948546316,78,0.25745373077386796,0.1646064415539767,0.4082519928315592
-190,-7.6,105,0.2768199233716487,0.17647058823529602,0.4154959557258406,7,0.3447368421052628,0.2367689770215382,0.3977387591760292,20,0.3700645910139564,0.20751455205917152,0.48160625901623455,78,0.2636952888055228,0.17204768672705423,0.3934798378065083
-189,-7.56,105,0.2777777777777781,0.16971153846153697,0.41378290446613336,7,0.3490533562822733,0.24616682221055664,0.4285413179592101,20,0.3674030607230523,0.2021378040033867,0.5006951891662748,78,0.26617307717840144,0.16240933616554534,0.40035516177154573
-188,-7.52,105,0.2892609699769053,0.16693290734824293,0.4143744454303454,7,0.3026315789473701,0.25277933458383156,0.4007393531724073,20,0.3596115232245415,0.20159717241528802,0.46095534604561805,78,0.2758584534731317,0.1521860545428145,0.4081930900836569
-187,-7.48,105,0.2842105263157898,0.1625000000000007,0.4214729370008869,7,0.2842105263157898,0.2722625146187636,0.39060107162623225,20,0.35238338766236976,0.18669312773032448,0.46895976975201337,78,0.2729696415808397,0.15282325103697997,0.4145055705225614
-186,-7.44,105,0.29885714285714476,0.15533980582524382,0.4212493326214554,7,0.2909314731226897,0.2651956916278687,0.37462743452355524,20,0.33981255144288125,0.18259628132403002,0.45983723468731325,78,0.27196908914319384,0.14700377747252805,0.42082205693735586
-185,-7.4,105,0.297349089747684,0.17366136034732294,0.4319273892151563,7,0.3078947368421084,0.2743292900123544,0.353336820274536,20,0.3315460009477011,0.1852437460607237,0.4676096631520817,78,0.2682747818303859,0.15344682727717696,0.429096670051001
-184,-7.36,105,0.29385307346326356,0.16754478398314007,0.4223073648360999,7,0.308777969018938,0.2886992080488217,0.36561124542805834,20,0.3331525218012973,0.17794061776449074,0.5154367813185616,78,0.275512296661782,0.1535537329564006,0.4121549344211479
-183,-7.32,105,0.29367614180772916,0.177222898903776,0.4190556492411482,7,0.31187607573150294,0.2875379383479007,0.3853217407476262,20,0.32279430713851964,0.18185066170207742,0.5205824277673968,78,0.28039297617395037,0.14335098333419405,0.4098934474352682
-182,-7.28,105,0.2939955285851165,0.16516408222142204,0.4263516389953169,7,0.44051825677266754,0.30333816654742596,0.47065855520004907,20,0.3580359295375365,0.18222000430683172,0.5347930703168924,78,0.2782393290513546,0.15317740964815924,0.4074301509544336
-181,-7.24,105,0.28467153284671437,0.17562206996033328,0.4325481798715195,7,0.43345111896348126,0.2789443017394623,0.4676323442348887,20,0.3618962828769127,0.1769209265175716,0.5239035429073433,78,0.2758223465546348,0.1691085687105957,0.41558624758359897
-180,-7.2,105,0.294061302681991,0.1859317153434825,0.4159066808059454,7,0.4004711425206052,0.2720950747123546,0.426860200414127,20,0.3795109359802472,0.16670216542420888,0.49955066731246633,78,0.2753961516694987,0.18077038315986577,0.39739254892513337
-179,-7.16,105,0.2965137614678886,0.17925294356475827,0.42991755005888554,7,0.3710526315789474,0.29035643129408273,0.41955862287593226,20,0.3342831134498818,0.15771654242101368,0.49878944673628167,78,0.2822069231500367,0.1788522017960235,0.41064857160381235
-178,-7.12,105,0.29834862385320976,0.17925294356475827,0.44182124789207233,7,0.3160068846815867,0.2883339092499385,0.4178709639699431,20,0.3319296727564197,0.15020678026268963,0.48166909502930555,78,0.2928578445819837,0.17358337451989014,0.4214233515962629
-177,-7.08,105,0.2978289333455132,0.1808769792935444,0.4515201102402905,7,0.3510011778562963,0.2651168835021172,0.39069040420348256,20,0.3457115458664805,0.1529326411075605,0.47752463054187144,78,0.29515299878284784,0.16850980308490765,0.41985261206024926
-176,-7.04,105,0.29494301994301936,0.16630493760173615,0.423873725748108,7,0.36842105263158137,0.24061255868187814,0.40482881668469717,20,0.326149161449768,0.14623091941781888,0.4562810466842857,78,0.28941290191290203,0.16434409154329058,0.4225130153571588
-175,-7.0,105,0.2849715099715088,0.16054313099041584,0.43790149892933783,7,0.37088678192972635,0.2515139872462451,0.41945787613911284,20,0.25110181289563077,0.152212903798367,0.46561269921968057,78,0.2871619616314013,0.156650275175062,0.43505223402929505
-174,-6.96,105,0.2886940105356103,0.15065282892534276,0.4128820848906888,7,0.2958555601148916,0.24356295048395632,0.36156691226113735,20,0.2682854791443917,0.13098395678412997,0.49100447527225766,78,0.2866153395486464,0.15038080877872506,0.4206041979788921
-173,-6.92,105,0.29204348223257415,0.15623829149494156,0.4113171659533994,7,0.2788296041308116,0.24085525768996835,0.3398069445566674,20,0.3025553213909388,0.14249877597649313,0.49887535722813614,78,0.29269598784738426,0.1550622511462492,0.4075056730859143
-172,-6.88,105,0.28622291369032055,0.16693290734824293,0.42387060791968967,7,0.27739023389413103,0.24021785969895215,0.3071473865386404,20,0.3191098908939259,0.15796066952216956,0.51236818185319,78,0.29623428401815277,0.15092211316737508,0.4205632515479025
-171,-6.84,106,0.2887875506900006,0.16240971258841536,0.4446320675754043,8,0.23453501742134764,0.20385662431941962,0.2939087078934835,20,0.3512290898314041,0.16165805041603684,0.5150065867569942,78,0.29763196676126513,0.14980622024906184,0.4446320675754043
-170,-6.8,106,0.2955565514695261,0.16890499526325775,0.43501643344073004,8,0.25746154461495485,0.20944299795425003,0.3233108466083724,20,0.3674635157563963,0.17139472666322775,0.5203071199131033,78,0.2980809090170845,0.1516642556170232,0.4218620538552027
-169,-6.76,106,0.28593363980843056,0.1753576017873046,0.43117042824074103,8,0.2594386971746477,0.23934670982866052,0.3429783013822252,20,0.36678965254717444,0.1855797744674085,0.48958742556944235,78,0.28593363980843056,0.14943274541143897,0.4214797053931464
-168,-6.72,106,0.29024960275263517,0.1726587570529266,0.4325859215478921,8,0.29122429567896246,0.2275063881486794,0.38041665479881837,20,0.33928279736860484,0.19801049771396473,0.5477780293912015,78,0.27924561685290805,0.15557573159657972,0.4159738351894844
-167,-6.68,106,0.2788368010174331,0.1706748087412941,0.4483668900075389,8,0.30250788016359814,0.2034384751087336,0.4094101329732693,20,0.35009392522704624,0.2055351126975231,0.5663037992799118,78,0.27688129163063363,0.14809498942365507,0.41631903027688505
-166,-6.64,106,0.2944496156809544,0.18983509936618065,0.44934414751378676,8,0.35245572241483425,0.20405477473277242,0.48135196498971206,20,0.36269360011770413,0.2160802017325723,0.5543678429618949,78,0.2815760945253509,0.1682106906706503,0.4166196331765246
-165,-6.6,106,0.2967818729566314,0.19011625994982964,0.45604299367144296,8,0.36034125363638614,0.18673481280560655,0.48435354691076166,20,0.3765710040365763,0.22163461538461568,0.5739016541134532,78,0.2832634261668666,0.16939500563165322,0.4200576088816085
-164,-6.56,106,0.30180224400833117,0.1885203677118682,0.4539697311274946,8,0.3501190411449402,0.19133940097088822,0.4704523439105351,20,0.3866602112573628,0.19242804177632464,0.6118127058467129,78,0.29115562632182457,0.1771502350917697,0.43086662300486744
-163,-6.52,106,0.3112059693052821,0.18874920243789917,0.4706412913727214,8,0.351353664849912,0.19141886653845744,0.5048199136994789,20,0.3877119381865562,0.19588981578032577,0.6379733796306221,78,0.2853304788047919,0.16486398077898515,0.44580443462237007
-162,-6.48,106,0.3009527345392207,0.18057931755536497,0.45846181039247824,8,0.35193372116756777,0.18534063357013428,0.4245423340961163,20,0.37786677716075107,0.20329915421157008,0.6189693302978754,78,0.29056761843215484,0.16284958999956153,0.44659566608264856
-161,-6.44,106,0.29824239037908506,0.18006380096948896,0.46670764608197757,8,0.35409457378385933,0.1967607185806327,0.4521384511553909,20,0.38001102927878583,0.18500709651257718,0.6476382848161197,78,0.28974941797016357,0.162775242471823,0.4569116312386276
-160,-6.4,106,0.30346768712612104,0.17354274611398696,0.4639595613762773,8,0.33311441253737006,0.2051778880877475,0.46143948529147505,20,0.3691436118883821,0.19593978102190276,0.6382173637365247,78,0.2885289783923908,0.16469612144737886,0.4518387338270138
-159,-6.36,106,0.2991371958338299,0.18354725695971688,0.4633567968079862,8,0.3557387444514929,0.2295535094643429,0.45482900835579354,20,0.3889995263000129,0.18816909975669496,0.6538654900037437,78,0.29168128645839975,0.16707450928588505,0.44877792729699895
-158,-6.32,106,0.30497830204321463,0.18130970962704884,0.46289885444578593,8,0.3679817105340276,0.24374076212776186,0.4422978982593134,20,0.395228255619948,0.19990069020308587,0.6528078308619361,78,0.2957360970438295,0.171060607079073,0.43738219316292287
-157,-6.28,106,0.3025873202261906,0.18318528235881754,0.4573555130355415,8,0.3293298876966326,0.2236637864813113,0.42054260721519654,20,0.30247986773680374,0.21102291159773212,0.647994622193807,78,0.29786770015073405,0.17395296614478878,0.443380333631223
-156,-6.24,106,0.29815549424736876,0.18094109440838035,0.4584013152307771,8,0.32727938543552126,0.2221645361064992,0.4353656030762948,20,0.3051709924020881,0.21703669910786888,0.6309731699261455,78,0.2935820900897612,0.17400408512930124,0.4358446604797291
-155,-6.2,107,0.2940613026819924,0.1818296615992917,0.4468656343656381,8,0.314300105387141,0.21635422543139046,0.38178189612885916,21,0.323759273217758,0.21484374999999886,0.6765188834154319,78,0.2890136308623763,0.17709111768166574,0.43457511800364923
-154,-6.16,107,0.2968749999999977,0.18590597772114487,0.4587546959527944,8,0.31184365507408074,0.24194099093251392,0.39389709263314515,21,0.32506843337168345,0.22335766423357853,0.6544222539229703,78,0.2876192461116729,0.15872624356198375,0.4396570308906959
-153,-6.12,107,0.2960692390912385,0.18009107691052073,0.45636006361141457,8,0.30412404686628414,0.23732465937732392,0.39893485182863914,21,0.318229715489988,0.20729927007299268,0.660960532572518,78,0.2941428227093078,0.15018179957350777,0.4526399667405775
-152,-6.08,107,0.2921245421245459,0.1870031486791619,0.45198773263584147,8,0.2797720458982116,0.23725860914215352,0.41873243911828056,21,0.31612223393045114,0.2006802721088392,0.635467980295565,78,0.2912211823212252,0.17188307577011042,0.43235040690909116
-151,-6.04,107,0.2911678739356927,0.18652764053544046,0.4542372794772462,8,0.28594166511685526,0.24935872861431124,0.4263490260940223,21,0.31612223393045114,0.20748299319727362,0.6325944170771749,78,0.2859702774084913,0.17287962580112048,0.42820209779878915
-150,-6.0,107,0.2940613026819924,0.19635974304068893,0.4548296742017524,8,0.3005904779616879,0.21912302428406782,0.40759570830529834,21,0.33403582718651065,0.22222222222221896,0.6187589158345238,78,0.28667364646251964,0.18049058133732962,0.4266031381333225
-149,-5.96,107,0.30875080627821955,0.2030627547829038,0.45294980289699355,8,0.3079066258476397,0.26373237155259793,0.4005567165482933,21,0.3526798111635664,0.24134615384615316,0.6055045871559659,78,0.28695811031394125,0.17536179450072378,0.4417273167573866
-148,-5.92,107,0.311760911631907,0.20007087718036357,0.4546130925191162,8,0.3008979186763237,0.24596921365785943,0.35087092438406015,21,0.35208473836632703,0.23035714285714276,0.6009174311926638,78,0.2882956975913311,0.1706321596878768,0.4417207271226856
-147,-5.88,107,0.3215547703180238,0.1998668853838207,0.4543200167805973,8,0.29375723669666187,0.2263751808738037,0.3744433554471276,21,0.3596334033075609,0.22898351648351764,0.5784072249589489,78,0.2889217232110248,0.1790957269680687,0.4428558667736491
-146,-5.84,107,0.33813245577951645,0.1937046342825235,0.45670556104547233,8,0.35090962232406475,0.24523303025721435,0.3952890519931722,21,0.37302423603793494,0.21373626373626317,0.5681444991789817,78,0.28857934338023516,0.1795765404807963,0.45115352873026426
-145,-5.8,108,0.330316492755999,0.18938378455474109,0.4702757988185735,8,0.36245106603446475,0.23589535235297485,0.40297555694762943,22,0.3902064799959469,0.2105909971176346,0.5532210904431631,78,0.29718553550456617,0.1773227726499818,0.4589218159873058
-144,-5.76,108,0.3315774385436819,0.19328594211918415,0.4650229704435784,8,0.3692553228528437,0.25172909962636913,0.41225955176561574,22,0.40234929000768704,0.20847820212574042,0.5453660586001607,78,0.30587850155035784,0.18362736532178203,0.4621575554527126
-143,-5.72,108,0.3293535219087841,0.18679887820513041,0.470402694117655,8,0.33811636274295354,0.26210612703280145,0.41091811572908976,22,0.41882103720010777,0.19529761904761678,0.5471037153116961,78,0.3170594666539905,0.18677026098901128,0.46589502480064654
-142,-5.68,109,0.33003655127929454,0.18431841475914004,0.4717987804878045,8,0.3411555720106306,0.2549475735913356,0.38798069613131947,22,0.41009903506553336,0.1881249999999978,0.5414365971436546,79,0.32020725388601,0.18146992777788978,0.46719845368055546
-141,-5.64,109,0.33437110834370914,0.18234442836468776,0.47412967103161924,8,0.341457833342635,0.26448207031356197,0.37570828493175296,22,0.4299768234543604,0.19625457875457716,0.5840530417489476,79,0.31658031088082966,0.17534834612570804,0.4654013280141991
-140,-5.6,109,0.33872976338729605,0.1886446886446915,0.4765250718620248,8,0.3394234525869304,0.2691661435377327,0.36196071514731437,22,0.4481926706061723,0.22074963970455733,0.5731440472424272,79,0.3212435233160633,0.1717998665632967,0.45979799289553025
-139,-5.56,109,0.33834862385321,0.1903039073806028,0.48151434486837835,8,0.3225187527121677,0.2731041429752027,0.35304636208826556,22,0.4607505672442238,0.20710176094397384,0.5609935448396286,79,0.32487637067297304,0.17738730721071067,0.46783609507310564
-138,-5.52,109,0.32831154064809465,0.20089955022488895,0.4931818181818173,8,0.31319664000991704,0.2898847130074511,0.3497091385220622,22,0.44875693088739704,0.21111983254840194,0.5768934729064015,79,0.32466136314770955,0.17991493916875861,0.4808867987878633
-137,-5.48,109,0.3409326424870476,0.20077923710174117,0.4853176721836591,8,0.33738209521683715,0.26744467047814535,0.40479095891174044,22,0.44536966087001717,0.20440067105025958,0.5745513586360472,79,0.31975274808927945,0.17123564277603004,0.4780905668358204
-136,-5.44,109,0.34126984126983834,0.19776283541758335,0.4915262915365321,8,0.34954324189654107,0.27769569355050083,0.4136363636363669,22,0.43539286258020055,0.21046770852098992,0.5786878463669918,79,0.32538860103626704,0.1683217973995912,0.4762022361970572
-135,-5.4,109,0.34433374844333653,0.19474643373342584,0.4880229958479715,8,0.34967392673253744,0.28500207586902626,0.4009576716470533,22,0.4541085110625366,0.22867107277967944,0.584494304187188,79,0.32487637067297304,0.15952813419285938,0.4743304844575185
-134,-5.36,109,0.34718222953517086,0.183919597989947,0.49244332493702603,8,0.3430247305009564,0.29602605203544,0.42661714964345887,22,0.4432138973263583,0.2597010143627441,0.5868338849548398,79,0.32767146850139695,0.1655093039141289,0.47746519537298215
-133,-5.32,109,0.3360756890168664,0.18629550321199756,0.4916959437879272,8,0.36110781158889016,0.2953328711108974,0.4206814756934847,22,0.4368199183504871,0.2603989432489162,0.5683796246244537,79,0.32849740932642657,0.1722961036061016,0.48299082903682045
-132,-5.28,109,0.33623910336239166,0.18444165621078573,0.48101802757159023,8,0.32865905016954144,0.29076659996878185,0.41820562038234954,22,0.39275638581776995,0.2682972182153745,0.5572647256575106,79,0.32373508844097165,0.165723255570695,0.48204350208658175
-131,-5.24,110,0.3459475944798832,0.18932631564040825,0.47976798887155936,9,0.35697940503433107,0.2691910499139435,0.40789473684211985,22,0.39731536527830513,0.2700854960613404,0.5512443147004102,79,0.3312622191274552,0.16546217160174448,0.4767977068667534
-130,-5.2,110,0.34852659599309044,0.2096209551249264,0.47622388654290354,9,0.3340172343044708,0.28709122203098403,0.378947368421063,22,0.42141733704620876,0.2687168286276909,0.5387424044144279,79,0.3379576314309448,0.16795166903445047,0.47493369304050875
-129,-5.16,110,0.34974925305713667,0.20510930821214868,0.48769305487841436,9,0.3561756257693862,0.22732626619552143,0.3775743707093902,22,0.43275199079541027,0.3021836494625091,0.5490561992900886,79,0.34035691249193767,0.1686821618786823,0.47650980061543624
-128,-5.12,110,0.3502354646414275,0.2012410866882521,0.495723043850819,9,0.36109971276158803,0.2731985484707079,0.39736842105263764,22,0.38868154892580487,0.2597677997057376,0.5557918579262314,79,0.33499377334994096,0.17186520975899205,0.4781165397020197
-127,-5.08,110,0.3509032923011106,0.19445366173561424,0.4965485407409765,9,0.38448912597455615,0.23321554770317743,0.5013943112102596,22,0.389739537073297,0.23021840086689638,0.5407923909345664,79,0.32802728823194854,0.17845387528319845,0.4898119717548627
-126,-5.04,110,0.36041105955955177,0.1844651639883208,0.49451977643845824,9,0.36155606407323365,0.2721617418351444,0.43614054656999285,22,0.4204628979642378,0.22942552926621929,0.5308671760832523,79,0.33997509339975523,0.17587048793598573,0.4845492540037404
-125,-5.0,110,0.36833510870481867,0.18932267260797805,0.49829809797482216,9,0.35002051702913184,0.2923794712286119,0.4400446179587285,22,0.44323161824379553,0.2037661995793311,0.5429561862188944,79,0.345087078047732,0.1746269138237756,0.49044440388739263
-124,-4.96,111,0.36990825688073264,0.18780302415880462,0.5021208216753293,9,0.3817555938037894,0.33524825605252057,0.4828375286041243,22,0.4237675344774883,0.19351240941159403,0.5317929560100263,80,0.33445260852392156,0.17999728495959572,0.4940880138705096
-123,-4.92,111,0.37239583333333015,0.19270602597044512,0.5054982104529048,9,0.4027538726333932,0.30939679934345304,0.4897025171624756,22,0.4095168533246796,0.18828274733453937,0.5276134603016086,80,0.3314250687120939,0.1851472513106759,0.49550349313418207
-122,-4.88,111,0.37651376146788845,0.1945501909052497,0.5011205780520842,9,0.39621342512909,0.30693475584735075,0.49199084668192966,22,0.4336198051555039,0.20631527487090512,0.5106726525214396,80,0.3276810302836415,0.18970532510086113,0.49611684993384175
-121,-4.84,111,0.37871559633027335,0.19722915691475668,0.5162277327433934,9,0.38416523235800565,0.3020106688551489,0.45766590389016265,22,0.4502539674622408,0.2169621947139489,0.5361707710472807,80,0.33117345406227583,0.19420035342845876,0.5157701705436613
-120,-4.8,111,0.3884934756820891,0.17509087984227922,0.5231155319746394,9,0.4370709382151035,0.2884694296265874,0.5054432348366998,22,0.4762014614559709,0.19170453160295473,0.5415827532655225,80,0.33478267823537033,0.17210153529598265,0.5216784836690239
-119,-4.76,111,0.383155397390275,0.1771902651532321,0.5318981717654476,9,0.4324942791762007,0.26877308165777436,0.4867807153965746,22,0.4524707057861714,0.1790052066085809,0.560073230783032,80,0.33562469447552523,0.17251221001221378,0.5282873850363203
-118,-4.72,111,0.38514244500540934,0.18262113500481486,0.5260846855691232,9,0.4000000000000019,0.2638398115429934,0.5147744945567571,22,0.43828534229569416,0.2019554697218039,0.5419872677896712,80,0.3363138825994234,0.15840772648581747,0.5236850494224198
-117,-4.68,111,0.38514244500540934,0.18045167268763448,0.5190300095944267,9,0.42581755593803966,0.2697290930506494,0.5007776049766658,22,0.44895085838858584,0.20266438663034175,0.558566731972875,80,0.33590191789374185,0.15484084880636584,0.5124975966542246
-116,-4.64,111,0.38972477064220085,0.18137973137973273,0.5182642646335553,9,0.3981693363844337,0.2697290930506494,0.518421052631595,22,0.46736525811627994,0.20490093847757931,0.549214258795067,80,0.34884353448088057,0.17652872701902816,0.5094205842534578
-115,-4.6,111,0.38688524590164847,0.20736276406985252,0.527192595047353,9,0.4072289156626521,0.2673733804475891,0.486893474623539,22,0.4258814195148585,0.206240379363424,0.5458702318819619,80,0.3502317756393619,0.2100496330732269,0.5090723707677532
-114,-4.56,111,0.3717728055077479,0.2056708723375425,0.5226904914816153,9,0.3717728055077479,0.2650176678445261,0.5131065253764634,22,0.42336060206902965,0.21121589429995877,0.5370803993052267,80,0.35555707138134734,0.20777370777371162,0.5071150540494971
-113,-4.52,111,0.3728731161886251,0.19749552981358354,0.5241877842755123,9,0.35559380378657807,0.16475972540045253,0.49637479085331543,22,0.41126298923885757,0.22734869809992947,0.5694804389146122,80,0.3665620110342359,0.20005461898060184,0.5054325134993158
-112,-4.48,111,0.3779105861937434,0.21854748667656404,0.5225987898503164,9,0.3628227194492299,0.2532391048292113,0.5026315789473812,22,0.42218974110106594,0.2323638214409866,0.5660739809491961,80,0.37212572030676283,0.21497177428227382,0.5037657794947711
-111,-4.44,111,0.37757437070937455,0.2147272083726231,0.5103467406331323,9,0.40860585197934945,0.2532391048292113,0.45878693623638866,22,0.4427433580600618,0.21607577337504538,0.5670951994125677,80,0.37026675225672107,0.21555976330839866,0.5057189319871342
-110,-4.4,112,0.37696136918369183,0.21015651803974694,0.5082229405891636,9,0.40789473684211985,0.25088339222614825,0.432661717921533,22,0.44562236652569465,0.21279482595958116,0.5824887091149327,81,0.37364879266770296,0.21255940878466675,0.5039929015084279
-109,-4.36,112,0.3776824151369904,0.21359220507153553,0.5070909859615422,9,0.34553775743707704,0.2873969375736149,0.4125132555673433,22,0.4093276022770108,0.2102438055514163,0.5780044521931915,81,0.3763892695106732,0.2182741116751248,0.5030487804878038
-108,-4.32,112,0.379193350359622,0.2028282650639866,0.5087637122097933,9,0.36110154905335917,0.28975265017667795,0.44473684210527425,22,0.41760003154480707,0.2108421470778093,0.579658056533903,81,0.37912974635364416,0.1854627201198956,0.5052083333333306
-107,-4.28,112,0.3793092500087888,0.19717121231147747,0.5214529780768657,9,0.35011441647597985,0.28149300155520873,0.40190880169671306,22,0.46792123461128654,0.18424869565449087,0.5845200958451977,81,0.38064948108470015,0.2142857142857211,0.5131617864537096
-106,-4.24,113,0.37763642450619345,0.19389284376170837,0.5226730310262531,9,0.3239104829210816,0.2177293934681148,0.4031813361611915,22,0.4475197894384015,0.1917376874949881,0.5890717754991854,82,0.37744206546410564,0.19952669327351902,0.5161058410560976
-105,-4.2,113,0.3798165137614676,0.1824817518248202,0.5190035132545511,9,0.3203661327231205,0.08245877061469611,0.3936373276776276,22,0.4109406987294658,0.19135994024224043,0.597843695620281,82,0.3836790288077254,0.20556764431837407,0.5151471193437414
-104,-4.16,113,0.381426202321717,0.16134185303514534,0.5263157894736931,9,0.3246127366609326,0.08545727136432209,0.4116648992576893,22,0.43689470862506596,0.19313033595889995,0.6046808486641291,82,0.382272734188381,0.1702926539662923,0.5128459970436777
-103,-4.12,113,0.3868852459016373,0.17798254122211526,0.5331846068042401,9,0.34767641996557924,0.16329704510108534,0.3915164369034994,22,0.42452072045572053,0.1920720707517496,0.5960906055948109,82,0.3837870261188955,0.18611815622868622,0.5211890958130512
-102,-4.08,113,0.38003663003663457,0.19451566951567162,0.5393195761293955,9,0.32530120481927965,0.27371695178849015,0.48741418764303224,22,0.39959169709482845,0.1931204212454157,0.5954549775556386,82,0.3877570108478591,0.1970997532607704,0.524819367507263
-101,-4.04,113,0.38339271033159816,0.2149681528662419,0.5313531353135331,9,0.33531283138919155,0.3074010327022392,0.4462242562929191,22,0.4176217186005905,0.195215074907934,0.5682966610675787,82,0.3918798414043304,0.21653699547869754,0.532560352492566
-100,-4.0,114,0.3828566383886043,0.2231644314777295,0.5476804535292238,10,0.3035059977415968,0.2897848543020377,0.34880002232517376,22,0.4315613505236023,0.22383429162743582,0.560149297332262,82,0.39805103041701606,0.2231644314777295,0.5496080236226825
-99,-3.96,114,0.3777224683197672,0.2274906067275847,0.5474767532052756,10,0.3358095794815705,0.25541109275603785,0.3714709723798965,22,0.4072630439183081,0.21435901946985392,0.5317174073794764,82,0.38953767154716046,0.23001963798917274,0.5521208791208807
-98,-3.92,114,0.37519159555008885,0.22509693249478546,0.5412525741986427,10,0.3065211882360357,0.23589637719680104,0.4611514204386919,22,0.4086430144773384,0.2159764635781304,0.5382710877714207,82,0.38478469183217345,0.2287865189854962,0.5523379457236502
-97,-3.88,114,0.381181297768032,0.2203343860941113,0.539777815105872,10,0.30328600674238587,0.2203343860941113,0.43290763577356395,22,0.37406504440797483,0.20068689276196905,0.5310702378690206,82,0.39808614620939337,0.23051267203158726,0.55221817568213
-96,-3.84,114,0.37632938172340896,0.23232919189448994,0.5421878297146794,10,0.3365605501321026,0.24827079385194417,0.43173801417648444,22,0.33284325541061877,0.2217812570311963,0.5266443398818251,82,0.3995445151638073,0.23232919189448994,0.5568203103744678
-95,-3.8,114,0.3775382671649557,0.23402993810859288,0.5355835575321662,10,0.2861446377561049,0.2527659699385636,0.4008915032473814,22,0.3376816952834225,0.20170419582788512,0.5125579470486549,82,0.39502744863732686,0.23461810121627075,0.5624505855299885
-94,-3.76,114,0.3795246055949034,0.2171652088335475,0.5373281216730539,10,0.3187335617275999,0.2737189181508275,0.42413191169824116,22,0.33048513699842474,0.18473175160181138,0.5273663889620622,82,0.3961602395758024,0.2352982192015168,0.5721124950299126
-93,-3.72,114,0.38233243906342435,0.22059129330863858,0.5450090427605971,10,0.3195859334931061,0.2767478986357259,0.41693328256065065,22,0.32541242796812475,0.18982072237493733,0.5076845341947477,82,0.4115492539026021,0.23725440293189454,0.5747572185139762
-92,-3.68,114,0.3820141962472201,0.21004023661687463,0.5502445801871245,10,0.2916192339062806,0.19685834187943577,0.37634276891810314,22,0.3114533275083665,0.18677473706303585,0.5059255768133103,82,0.41009174311926383,0.2392822550692457,0.5642518713170916
-91,-3.64,114,0.3767953820500662,0.20904223088829738,0.5428190408961073,10,0.30104909925650514,0.1686748089370037,0.3355069181597268,22,0.31153134036488567,0.17253829372519236,0.4830142161885254,82,0.418662578949793,0.24092949064419647,0.5491266663059426
-90,-3.6,114,0.38302784677029755,0.2101428685630098,0.549303943393858,10,0.28915935034292983,0.1737071041828336,0.3768837363182698,22,0.3137052986332085,0.15974402159261272,0.4792907768121379,82,0.4299691116131099,0.24034793420868955,0.5617141414689871
-89,-3.56,114,0.36821014668508584,0.2118237449971691,0.5524376959000028,10,0.30196322898864786,0.16785975087959484,0.35428643188033737,22,0.2963356536468199,0.1611987171143064,0.4983276646948143,82,0.4334570050291271,0.24503284160569966,0.5750772002058648
-88,-3.52,114,0.3753857767084702,0.2144562621883982,0.5575973116960491,10,0.26523902943094035,0.19808880408152382,0.36376553023182595,22,0.3308613062711437,0.15921896449676992,0.49444358498349683,82,0.43171029568375857,0.24869060332183163,0.5899305960202766
-87,-3.48,114,0.38525981629807426,0.22179401220326858,0.5635649682074896,10,0.2748347125406697,0.21631715943423988,0.38514290459825085,22,0.3251691508272606,0.159512297615233,0.47030512163199434,82,0.42833540256381386,0.2514713313559782,0.6008750115865001
-86,-3.44,114,0.396219004379378,0.23187500177792936,0.575681630521736,10,0.30576014304568444,0.21959588527444013,0.4123856999875814,22,0.32154819114189415,0.16134465882216248,0.4880332783523519,82,0.41897385489128824,0.25661986933213454,0.6014657738225108
-85,-3.4,115,0.3972835314091702,0.23379781645660314,0.576431775350644,10,0.30966490900502974,0.2063395742035677,0.436623706997068,23,0.2950819672131227,0.1617893170651871,0.4746706713623387,82,0.413955073734396,0.26067861048409235,0.609280954420798
-84,-3.36,116,0.38184190561689924,0.2386843215448425,0.584637246273904,10,0.31145386987895546,0.24383136688116727,0.4124064450568496,24,0.30161710674291864,0.16714691992327788,0.4670267363587722,82,0.411384829875452,0.25901163812631584,0.618608845076938
-83,-3.32,116,0.39092193876171066,0.2393004194036431,0.5965889705583873,10,0.3453138927627854,0.2691536979226347,0.4275828994245062,24,0.3105826339192508,0.1499148902739287,0.46932627867926746,82,0.41882224748910624,0.2661934396937426,0.6260390165539398
-82,-3.28,117,0.38390192455850364,0.24792408066429708,0.5954773869346746,10,0.33575831876718154,0.27011683831856104,0.4372614848958919,24,0.31118234480639734,0.17019248349101634,0.45805006984070307,83,0.42216117216117865,0.2701122595689375,0.6078760830831595
-81,-3.24,117,0.3872472783825728,0.25195356106273753,0.5858045697617892,10,0.3688387854907732,0.30719115829624866,0.45315326949193624,24,0.3302071419494239,0.17775942584977975,0.48643632236685574,83,0.4232759910246821,0.2559105457755624,0.614746737727879
-80,-3.2,117,0.40343406593406156,0.2544483985765148,0.5894736842105321,10,0.37840667268050027,0.3095713627285309,0.46839081242372976,24,0.3255099370487343,0.18159566047001696,0.5032199880464528,83,0.42825688073394474,0.256442248533369,0.6267412913523921
-79,-3.16,117,0.40819791414019074,0.26356329537843287,0.5969859017987365,10,0.3788515999597977,0.33259077499931033,0.49691354579450775,24,0.33448666170587776,0.19154116036124186,0.5019891415305562,83,0.44769755542922046,0.26700976622017214,0.6325254591415967
-78,-3.12,118,0.4196172734292083,0.27016709320719584,0.6011769651113963,10,0.4241839291115593,0.33356684843600587,0.4800740916448146,25,0.3172991496382781,0.2032007759456881,0.4656443176414647,83,0.4560999671160791,0.2826438463070893,0.6196796525597537
-77,-3.08,118,0.43806777756974163,0.2734648620072724,0.5956325285256779,10,0.4634422448857169,0.3420558133819045,0.5076066026678645,25,0.3198375428353849,0.17632241813602284,0.46921065145031005,83,0.45938835909240305,0.28314925928669726,0.6091246086856275
-76,-3.04,118,0.42964827051121357,0.2725504127757486,0.5961939593572205,10,0.5138429982698056,0.32232298677092996,0.5213531280710594,25,0.34996993385447617,0.2027707808564247,0.45804988662131196,83,0.4582148948266055,0.28227761994498124,0.6123845204378371
-75,-3.0,118,0.4301410283256342,0.2815172732618513,0.5955216678277013,10,0.4801710730948687,0.3067135180030741,0.5427247865156,25,0.37101623571857867,0.1977329974811087,0.519274376417229,83,0.4579306424104598,0.2976825043868672,0.6160009604660516
-74,-2.96,118,0.43295981538670514,0.2625530759776957,0.593986413058066,10,0.4465535524920504,0.2998044349271136,0.5799402827848565,25,0.4006426786210185,0.18671193016489235,0.5226554267650132,83,0.46048891415576965,0.30192436543724493,0.6061693448466472
-73,-2.92,118,0.4369147779304011,0.27216281532045145,0.5916459202518851,10,0.4531153549206687,0.30227091117205834,0.5747248132502458,25,0.39143730886849826,0.1542762739865297,0.5437302423603767,83,0.47150259067357325,0.30533334205884666,0.6208805287375422
-72,-2.88,118,0.44122341871687787,0.266242285572877,0.5866500820972524,10,0.4621715642137998,0.2960145478430588,0.5585904060742878,25,0.4269230769230762,0.17070805043647364,0.5462046204620459,83,0.4718842486024324,0.3108734730328842,0.6164350664103908
-71,-2.84,118,0.45607813776204614,0.2751073205457834,0.603153447212857,10,0.493716861081653,0.3077919509681858,0.5424638238041657,25,0.40769230769230885,0.18706898427131977,0.5418908531898571,83,0.4667889908256879,0.3131558882147952,0.6156877081736302
-70,-2.8,118,0.45283285961846065,0.27895831578047425,0.6101681525887923,10,0.47251780306130664,0.3176185485243633,0.5380216267879145,25,0.4006868131868113,0.15666666666666473,0.5521601685985229,83,0.4822018348623853,0.30966101983008254,0.6396600062129281
-69,-2.76,118,0.46031813707505054,0.28183640847595937,0.6141365700402877,10,0.5246158146159587,0.32158571562762095,0.5711250451472654,25,0.3842032967032942,0.15611111111110848,0.5584826132771334,83,0.49424531404143207,0.3099119622711215,0.6502216488105954
-68,-2.72,118,0.46468361744425196,0.27150154867749704,0.6192524473955692,10,0.4524448382287211,0.30448567957472406,0.5452503209242634,25,0.4014598540145972,0.16550323645133266,0.5736961451247115,83,0.49458728010825614,0.3117968195647719,0.6363080053745247
-67,-2.68,118,0.47554214226427927,0.27205276412307594,0.6346901835993092,10,0.46999990330503993,0.2864877654051629,0.5434084947256801,25,0.4291970802919707,0.18833396873808703,0.5861678004535087,83,0.49064717265104235,0.30967027783076906,0.6450758783561703
-66,-2.64,118,0.4859130637822471,0.28023706606130505,0.6327668091576447,10,0.37476732078279695,0.2597620963200473,0.5320756823128882,25,0.4598540145985419,0.1894910521639851,0.5933897002305955,83,0.5022488755622231,0.3132256366990057,0.6565368213436029
-65,-2.6,118,0.48328179470778987,0.29057822982787795,0.6354614803362173,10,0.39099557528046025,0.3003630904903073,0.5005637104425985,25,0.47706422018348804,0.17776867543904676,0.6065759637188143,83,0.5031896685856518,0.31164504846263485,0.6608315923305657
-64,-2.56,118,0.48384225660687236,0.28578485803663267,0.6482580061069543,10,0.4096508912466009,0.2888079677113213,0.4767418408674909,25,0.4801223241590204,0.16179407096411005,0.6054687499999878,83,0.5035008557647405,0.31776975022940235,0.6612612435170435
-63,-2.52,118,0.5023088102655824,0.28514700193423703,0.6462219805548033,10,0.4058714820257384,0.24910581256805522,0.506303146551556,25,0.46729083191177273,0.15166666666666428,0.6118954902429989,83,0.5168819044655338,0.33161058862377424,0.6684739746603288
-62,-2.48,118,0.49079743665421055,0.2806811273832559,0.6469570946965262,10,0.37973295907143534,0.2513887056292029,0.542425471746419,25,0.45550839052644304,0.15833333333332988,0.5859374999999909,83,0.5243503967636515,0.3264086948025658,0.6722961278891098
-61,-2.44,118,0.5008075680664523,0.2749016264942197,0.6523728901809506,10,0.3749502521875807,0.2317853590446705,0.518154606001652,25,0.45081967213115,0.15611111111110848,0.603193595405398,83,0.5067453625632325,0.31544869772773293,0.6705757657960969
-60,-2.4,118,0.48991577952426163,0.27920195638883344,0.6619670496708382,10,0.3713907760832839,0.2520412130637615,0.4994881782770202,25,0.44858689116055195,0.13839115516583522,0.5918524212144555,83,0.49999999999999417,0.3143843452116703,0.6777410897752484
-59,-2.36,118,0.47691932286769634,0.2886619067149781,0.6614182876498981,10,0.40607172471716846,0.3747771084782987,0.4667166257324634,25,0.4372991629309337,0.13777777777777409,0.5911849805295079,83,0.5033979105385946,0.3157836562508818,0.6802298420716586
-58,-2.32,118,0.4861404760708399,0.30323088446707963,0.6763151374478571,10,0.38664267304944566,0.3240025134040092,0.4751082131730593,25,0.4491803278688564,0.13177339901477822,0.5913590184262597,83,0.5100732600732634,0.31293578901879393,0.6831553290535395
-57,-2.28,119,0.4877675840978652,0.3075309618333582,0.6682011777758432,11,0.39433729995896544,0.35718591282023143,0.5650523781363477,25,0.43934426229508755,0.14868471216164372,0.5911458333333254,83,0.521046759306218,0.3214640509235098,0.6969816230059163
-56,-2.24,119,0.49258224037841286,0.3066065667289824,0.6675624991699676,11,0.41772671317193066,0.30768543841045315,0.5711885134523069,25,0.4423357664233588,0.12333333333332885,0.6341275941583431,83,0.5257125469114519,0.31970746150441953,0.6989653767033646
-55,-2.2,119,0.4997692662667274,0.3121136177652135,0.6654070021762257,11,0.46656298600312135,0.299095830775247,0.5755533496662955,25,0.41639344262295885,0.119444444444441,0.6261665977766594,83,0.5269865067466254,0.3290986432658437,0.6981016106476017
-54,-2.16,119,0.49607752653437875,0.3130182651093877,0.6592037411223247,11,0.4423471481329512,0.331882710309337,0.5045770562184496,25,0.4049180327868964,0.12323898971951167,0.6458333333333287,83,0.5322040774926468,0.3238774453926508,0.6796159954639003
-53,-2.12,119,0.5015765219500369,0.3006781392818083,0.654057989297284,11,0.4447368421052681,0.3049561868616445,0.49943600217354867,25,0.34754098360656915,0.12680145152928257,0.6627604166666613,83,0.534482758620687,0.3327597705190254,0.6563009495300911
-52,-2.08,119,0.5131578947368454,0.295177082067213,0.659345629964882,11,0.4324989741485418,0.2745639375434312,0.5066650058882161,25,0.37213114754099885,0.13978904562206038,0.6848958333333256,83,0.5423470940257636,0.3328591923286941,0.6657483060929061
-51,-2.04,119,0.5119318181818183,0.29912293032781234,0.6736028611028639,11,0.42141977841608275,0.2986287344132883,0.5387234330580717,25,0.3950819672131275,0.15766423357664114,0.7343749999999912,83,0.5492453710907099,0.33632366876979336,0.6751426546652683
-50,-2.0,122,0.5144733373310293,0.2952323117287513,0.6652329593010056,12,0.44789281988732205,0.2933063955827029,0.49737012249462503,25,0.3446712018140555,0.14581946648917335,0.7370266479663412,85,0.5481304693715218,0.33871799278226217,0.6760969976905339
-49,-1.96,123,0.5203049634355055,0.2729037920064443,0.6823398501914559,12,0.44671985320966245,0.2574101641758614,0.5223168259737531,26,0.3128916093303704,0.15243855185244345,0.7338534655525021,85,0.5583730601480882,0.33491599707815917,0.6790540540540579
-48,-1.92,123,0.49945542243659447,0.27275452533225164,0.6848520168953895,12,0.4141829281383182,0.22490360439017804,0.4657849442884329,26,0.3526560350916369,0.16800861170040465,0.7492109636186034,85,0.5546716580876624,0.33126369612856055,0.6876938986556403
-47,-1.88,123,0.4820261437908569,0.28778491755577285,0.6946202727452746,12,0.42607552426408474,0.22961783996393664,0.4488540699121728,26,0.37352328909706445,0.17423546438459425,0.7517283471458455,85,0.5656760320519322,0.3423597678916824,0.6951013513513538
-46,-1.84,123,0.4969849246231138,0.3006029433708888,0.7043767585594064,12,0.38875574466597984,0.23711764948346403,0.4686512155062874,26,0.34678078881826385,0.19103383057725865,0.7643084359415395,85,0.5721675626331271,0.3422496570644712,0.7044159544159505
-45,-1.8,123,0.5065359477124253,0.29549532381156396,0.710799012258575,12,0.4099252857399771,0.2616685559659273,0.49571293429652596,26,0.3614108914848475,0.2022119353559843,0.7785151471095226,85,0.5738636363636358,0.3498882969582382,0.7119932432432459
-44,-1.76,124,0.5239368171564598,0.3253745778720942,0.7258051915261277,12,0.44923128718014493,0.262006801477315,0.5465600275197804,27,0.370879120879118,0.207532836350727,0.7842643724450632,85,0.581499137843594,0.362915829426211,0.735304724125496
-43,-1.72,124,0.5438206227054523,0.33946905127271554,0.7204481381839782,12,0.4628328618016073,0.24282736680440833,0.6015551127200804,27,0.37101648351648053,0.22318037723886425,0.7695355802900823,85,0.576704545454545,0.37541862022772915,0.7341163908168699
-42,-1.68,124,0.5305168769971258,0.3574692985860226,0.7194224712405017,12,0.47675247563911816,0.24091885152829967,0.6248098756323665,27,0.3675181090354542,0.22698486289427666,0.7504363753749366,85,0.587155963302751,0.3818932797499437,0.7346502936465558
-41,-1.64,125,0.535379369138959,0.3663257852447041,0.7277227722772177,12,0.4595343781139605,0.26832636313421926,0.5994835401211401,27,0.37260134705807274,0.24771340652863041,0.7467631755525682,86,0.585191305254378,0.38823967225805633,0.7304516314827263
-40,-1.6,125,0.5334427574887152,0.374878758486908,0.7272320429626312,12,0.46926246611720357,0.23567059226570483,0.5304195129015941,27,0.3928072181979877,0.23883564075257308,0.7598689095848721,86,0.5872264675614731,0.40295866424265636,0.7436393459043837
-39,-1.56,125,0.5768807339449539,0.3831231813773059,0.7308122622510629,12,0.49821322970347603,0.3500746604566356,0.564154484614145,27,0.4081632653061181,0.255104735883428,0.7658644586349699,86,0.5985159745889151,0.40710679329325694,0.7377700830386037
-38,-1.52,125,0.5802215839146512,0.38200549450549093,0.7308129619101754,12,0.49347993477670093,0.3504196618447288,0.5546661503927961,27,0.42616651418115004,0.2572947454844002,0.7318557182739037,86,0.6252763755981126,0.41386672082009224,0.7395256335070232
-37,-1.48,125,0.5915596330275218,0.3960000000000018,0.7418335089567951,12,0.4707211262994193,0.37464924132197164,0.5818543425955313,27,0.41949421781674356,0.2519308857391173,0.7463796775685712,86,0.6263214570453588,0.42535106879601076,0.7442067338125031
-36,-1.44,126,0.5964493869361117,0.3778581856100113,0.7383087489627123,12,0.485337117303062,0.39309067337263026,0.5730928219378817,27,0.43220231287329447,0.2561000997870765,0.7280056923060757,87,0.6405314940663354,0.4253634286699269,0.7421515399729242
-35,-1.4,126,0.6200570449475882,0.3795260770975056,0.7380875105733334,12,0.5109001212581974,0.340456765745166,0.6275057862632814,27,0.4370879120879146,0.29051902747424024,0.7375799420682065,87,0.6503378378378402,0.4223570028556045,0.7521307613091599
-34,-1.36,127,0.6252516010978968,0.3739809799462488,0.7463183605556976,12,0.48917247939124875,0.28977728986877527,0.6562652752057674,27,0.448175182481751,0.3015813967379475,0.7407972821862103,88,0.65502722951261,0.4309309892371401,0.7551782660317119
-33,-1.32,127,0.6409075961854644,0.3740997751675165,0.7466324928031609,12,0.5059720083340895,0.2957764106160877,0.6509993384295505,27,0.46409963146524297,0.32331495816717093,0.7337701258699625,88,0.6573038810196984,0.4331515229115416,0.754849461760693
-32,-1.28,127,0.6217063989962381,0.3733902630545739,0.7488589570859199,12,0.5083982715671491,0.2777582826005354,0.5702274739119408,27,0.4888736263736287,0.3317476653598491,0.725301951223419,88,0.6600010755886891,0.43454901106928057,0.7561153598730379
-31,-1.24,127,0.6471016250303194,0.3836238712210447,0.7578958361156487,12,0.4728280278943377,0.334603916226463,0.5615664101026939,27,0.44277400581959675,0.34401802500582623,0.7341271722153415,88,0.6667752295856428,0.4591008448767064,0.7660274044615966
-30,-1.2,127,0.6490671405000716,0.3982750468955427,0.7662238636956203,12,0.4323511561093653,0.35702042610719287,0.5819671643309798,27,0.4655674102812846,0.36541887196997425,0.7400388046917303,88,0.6798507383904018,0.4676354966681985,0.7779558126588746
-29,-1.16,127,0.6364365971107546,0.4129923109151412,0.7804764502244841,12,0.4565582432280083,0.3734843760825894,0.5768372043551458,27,0.4978102189781092,0.3729986402244589,0.7198131689602381,88,0.6919615051952819,0.48092987904601825,0.7912111942460605
-28,-1.12,127,0.619909502262444,0.4319424028445522,0.786366616788953,12,0.518170498387529,0.35975007852111235,0.555005491256235,27,0.5459854014598601,0.3896484236954791,0.743558148028691,88,0.6998801346180439,0.48151419086129443,0.8035148937309844
-27,-1.08,128,0.6074674720927731,0.4418874479625795,0.784758360863921,13,0.4838927991337287,0.3888888888888887,0.5816485225505391,27,0.5620437956204427,0.4041698529280998,0.7440189503722123,88,0.6889016013160449,0.4910172970736601,0.8125646412411149
-26,-1.04,128,0.5934553603851941,0.45602530104456673,0.7856426736436859,13,0.5228169231959109,0.4035947712418275,0.578947368421068,27,0.5702436495593508,0.40810629102145335,0.7463864449403131,88,0.6889685964820755,0.49466908720234487,0.8105413619505683
-25,-1.0,128,0.6134934926741487,0.46082539682539625,0.7964490792473834,13,0.5318416523235855,0.40400471142520894,0.6157894736842285,27,0.580611169652263,0.4471282887183182,0.79213547464721,88,0.6856801069287832,0.4974649120694123,0.8129387359469169
-24,-0.96,128,0.6501236753778138,0.46385401459854037,0.8000115637623708,13,0.5991171749598728,0.3638443935926877,0.6684210526315972,27,0.5795574288724957,0.43312097004684424,0.774258241777569,88,0.6709196801602275,0.5030380130818418,0.8194205967643464
-23,-0.92,129,0.6483180428134504,0.45166809238665573,0.8052738336713933,13,0.6472712680577918,0.36161187698834324,0.6564251696379659,27,0.5879873551106407,0.45403733588302575,0.7767753457103409,89,0.6594712587921436,0.47942857142857137,0.8170454545454554
-22,-0.88,129,0.6427884615384623,0.46468987251110133,0.8011363636363648,13,0.6280096308186274,0.40402969247084575,0.6718506998444731,27,0.5985247629083225,0.4894454033585083,0.784378948473245,89,0.658182630051351,0.4879999999999986,0.8406524466750319
-21,-0.84,129,0.641038079068642,0.49714285714285644,0.8288690476190468,13,0.6220839813374738,0.4146341463414715,0.7010596765198,27,0.6145833333333277,0.506101294994737,0.7996135862652581,89,0.664838337182449,0.5012175906030654,0.8343789209535765
-20,-0.8,130,0.6351044888553903,0.515317274450774,0.8175569330985701,13,0.5974206600075866,0.4201407688142909,0.6882320133853874,27,0.6132812499999926,0.5218449448744993,0.815353771776665,90,0.6653349611786705,0.5335276939136143,0.828764829801808
-19,-0.76,130,0.6439424635679785,0.5315228058808381,0.8120571942782338,13,0.636978884677855,0.5408496732026196,0.7107309486780656,27,0.6174121405750806,0.5360075064508546,0.8314316100697385,90,0.6690456878564053,0.5293051753507257,0.8208071197074476
-18,-0.72,130,0.657591114445137,0.5425121197904428,0.8176765928478832,13,0.6361556064073279,0.5800653594771306,0.7205580631924451,27,0.649180327868866,0.5880024616379933,0.8363437008667387,90,0.6775176255165112,0.5188211204066415,0.8197861872524497
-17,-0.68,130,0.6780472475294476,0.5218445751490361,0.8139425715009914,13,0.6727688787185436,0.4381625441696099,0.6910135412392255,27,0.6571867794004628,0.5858032593200371,0.8360946761133267,90,0.6937915831197679,0.5083600085535092,0.8266225961538445
-16,-0.64,130,0.6813956839003669,0.5284772179398006,0.81843269583453,13,0.5911879531511401,0.5217391304347784,0.6625194401244122,27,0.6671532846715313,0.5868973561430715,0.8047932050884601,90,0.7191436701381801,0.5154110653422627,0.8284137310694915
-15,-0.6,130,0.6966898061280977,0.5346875902570526,0.8214345650992558,13,0.5978806469603999,0.4895666131621206,0.6836274107509185,27,0.7039615376248162,0.5854930096552537,0.7669050777873156,90,0.7425898505075321,0.5346875902570526,0.8257818739057646
-14,-0.56,130,0.7128603596970622,0.5632997686502129,0.8294157964189006,13,0.6207473508087008,0.46428571428571686,0.6713171932704096,27,0.7169907230906079,0.5820383375453533,0.7594968637692776,90,0.7599919860976332,0.5719382110523097,0.8346796342259682
-13,-0.52,131,0.731629392971246,0.5679015097479758,0.836786732288026,13,0.6246514221974337,0.46289752650176436,0.7542768273716921,27,0.731629392971246,0.5932577838827753,0.788454520759078,91,0.7660706683695186,0.6072751406925859,0.8426561530091174
-12,-0.48,131,0.7464817845146872,0.6141941943057501,0.8473768764438074,13,0.6330172894590066,0.48527679623085845,0.766609294320142,27,0.7464817845146872,0.6230669621628938,0.808361065656658,91,0.7748743718592956,0.6296574868057795,0.8624884449000972
-11,-0.44,131,0.7532689027856743,0.6305819524333397,0.8592047668373067,13,0.6405416495691402,0.45947030497592467,0.7518072289156681,27,0.7485487899405763,0.6428342490842418,0.818461230799999,91,0.7750267077232449,0.6386814606081952,0.8689648943521913
-10,-0.4,131,0.7769436997319029,0.654063267248657,0.8629025412595954,13,0.627233351380614,0.47826086956523006,0.7748709122203146,27,0.7571529494878121,0.6765240812223883,0.8544000385440003,91,0.8052362707535115,0.6686958752384355,0.8763548664443379
-9,-0.36,131,0.8094444444444442,0.6968467909406773,0.8869389966126332,13,0.6174878180833786,0.5355249204666095,0.7986230636833097,27,0.793712858496256,0.7147931476490963,0.8677786099149152,91,0.832694763729246,0.7143839611533837,0.8919428265594337
-8,-0.32,131,0.8373056994818678,0.7297326539364608,0.8999896761336865,13,0.6584216725559476,0.46405228758170075,0.8154905335628281,27,0.8216145833333307,0.7580883928244827,0.8825698475108716,91,0.8542445274959929,0.7610786247175642,0.9080012304957162
-7,-0.28,131,0.8622530699412682,0.781387022277821,0.91447350750093,13,0.7196702002355714,0.562017954229359,0.8450946643717778,27,0.8466666666666669,0.7904377626339723,0.9056659344435329,91,0.8749139865370233,0.80092269073086,0.9200347426078206
-6,-0.24,131,0.8859060402684571,0.8189048999764814,0.9303171790951206,13,0.757361601884568,0.624796968056312,0.8042675420599077,27,0.8777777777777775,0.826158239054253,0.9242227103903533,91,0.8988588051018117,0.8370277314428689,0.9352442920334011
-5,-0.2,132,0.9031843732433956,0.8589565714753209,0.943228389067264,13,0.833922261484097,0.637640449438207,0.8620689655172374,28,0.8958045872336053,0.8525721884631797,0.9302177881545468,91,0.9112446550329386,0.8677597180323071,0.9499088006579894
-4,-0.16,132,0.9253985850546396,0.8932216266314874,0.954081707946971,13,0.8810365135453457,0.7784911717496074,0.9070464767616186,28,0.9174560620647497,0.8833499273593437,0.947268072930219,91,0.9367075768333508,0.9025788099972876,0.9562035010981775
-3,-0.12,132,0.9449568283073211,0.918672778943676,0.9672236778644718,13,0.8943201376936324,0.8184210526315815,0.9358616843279445,28,0.9323891413484668,0.9123234210364883,0.9589800168693017,91,0.9527458492975734,0.934869316302182,0.9721715534371334
-2,-0.08,133,0.9688239936858727,0.9467040673211788,0.984455958549224,13,0.9215686274509818,0.8895705521472408,0.9611197511664109,28,0.9590315172190824,0.9405963889589656,0.973643958315392,92,0.972912012462237,0.9569328067382223,0.9858084482111985
-1,-0.04,133,0.9868769918851606,0.9716166186754426,0.9946524064171115,13,0.957516339869283,0.9424572317262858,0.9732292247629686,28,0.9817883922575958,0.9663139043082316,0.9923204201389043,92,0.9882972751547517,0.9769567339880856,0.9949830078104454
0,0.0,133,1.0,1.0,1.0,13,1.0,1.0,1.0,28,1.0,1.0,1.0,92,1.0,1.0,1.0
1,0.04,125,0.9855222337125144,0.9733130003812442,0.9943899018232824,13,0.9464584495259347,0.913043478260871,0.9704554780467777,28,0.9817076437834467,0.9667504797943224,0.9894574438777366,84,0.9895113950953162,0.977717453108453,0.9955557818672836
2,0.08,123,0.9705420267085619,0.9463277146159799,0.9850989672977615,12,0.9305402357110479,0.9016460516791044,0.9569653501452122,28,0.9621162041963229,0.9277321179235116,0.9866867091533972,83,0.9723192690137056,0.9552584687297798,0.9864486355367779
3,0.12,122,0.9546991210277207,0.9148245258182877,0.9700363993825714,12,0.9250390148054106,0.9077714092908399,0.9431146142152561,27,0.9533437013996914,0.9051993914599445,0.9656434720934067,83,0.9570216566197813,0.9248443600295441,0.9758069796225877
4,0.16,122,0.9341146880645506,0.8792572733453615,0.9638097314485974,12,0.8965020231964707,0.8758128875942286,0.9316744066990956,27,0.9372731985484712,0.8668056639418995,0.9579568275613262,83,0.934271161775407,0.8888058010740666,0.9660600220605571
5,0.2,122,0.9100771103951648,0.8373368115602218,0.9504131373816957,12,0.8691322821000964,0.8165766720653749,0.9164948051187667,27,0.9217032967032992,0.8402990589206909,0.9418397889394531,83,0.9099348212522218,0.8420939223145862,0.955895670968806
6,0.24,121,0.8796151264264935,0.7931883463274486,0.9362070958049244,12,0.815560640732264,0.7821704116890494,0.9094592622159815,27,0.8794444444444427,0.792428626912586,0.9342725355905792,82,0.8829280253898555,0.8040325039234171,0.9472366038928777
7,0.28,119,0.854329827701947,0.728464273981722,0.9273788023513978,12,0.7630239652173983,0.6465954425586576,0.8968991114199016,27,0.8639455782312844,0.7395027747030036,0.9257561398663329,80,0.8552784669645245,0.7617706029206783,0.9320424658855377
8,0.32,116,0.8193495259541073,0.6765497850801708,0.9068460475987257,12,0.7305275313814408,0.5931800306771402,0.8514370863348856,27,0.857142857142859,0.6784611597110921,0.9104297523477891,77,0.8241912798874877,0.694239788171408,0.9033921763200468
9,0.36,115,0.7852750256235059,0.6286640440187012,0.8741359244117095,12,0.6618453447940695,0.5467126268760023,0.8268423686079831,27,0.7757370423204968,0.6488992611821078,0.8789597983816677,76,0.7912814023865935,0.6460412415478562,0.875655286468901
10,0.4,114,0.7349043526382171,0.5865239945004483,0.8537443953074159,12,0.6026753126147284,0.5165021171764925,0.735859343055748,27,0.7826266669567322,0.6322670612266309,0.8518911690958362,75,0.7379569525111043,0.5915997186051758,0.8576231707677018
11,0.44,112,0.7013935941061527,0.5279251563972563,0.8346255956594619,12,0.5719661792972367,0.40619459597417557,0.7175144301803388,27,0.7565209824439295,0.5799991461748637,0.8477774674150578,73,0.7017280833267561,0.5781618224666147,0.8328903270542034
12,0.48,111,0.6836351212845925,0.5017504421721539,0.8341307814992025,12,0.5264685227450145,0.43723575723761965,0.7225665203255998,27,0.7608516483516471,0.5906921675774162,0.838229096824032,72,0.6938140819909187,0.5273558671075402,0.8357558819357243
13,0.52,110,0.6693771723365973,0.49078596461763413,0.8128604069198166,12,0.580124267989937,0.4139457313579425,0.7007274371465811,27,0.7273765706307975,0.5620675971538032,0.8179532389487661,71,0.6875504167787038,0.498494005707347,0.8202115229415494
14,0.56,110,0.6708273491806256,0.4892729336803134,0.8029793600982813,12,0.5556804342628403,0.3594975108689023,0.7172334600870662,27,0.6918390658713106,0.5266625615763532,0.8232885969202397,71,0.6824415165367035,0.49962958563267834,0.7938833607743885
15,0.6,108,0.6633443639249752,0.4759501965923975,0.8009463659281626,12,0.515446083407119,0.34448860282524696,0.6498829843168814,27,0.6765175718849835,0.4901955348424991,0.8241881037432046,69,0.6698037106749126,0.5043754972155963,0.7905928579683366
16,0.64,108,0.6575532293845636,0.4594107858378431,0.7851905913097037,12,0.49121999590317733,0.34382570281259006,0.5819338963413152,27,0.694888178913737,0.4611773839632043,0.8151797081875773,69,0.6674285714285701,0.47470489038785346,0.7749648382559796
17,0.68,108,0.6347879142974483,0.4427969502407695,0.7774562316682117,12,0.4436766072484609,0.40626351223272017,0.5352525640244661,27,0.677581863979859,0.4494228633020247,0.7967884664846903,69,0.6313344594594599,0.5060550458715587,0.7670638365027982
18,0.72,108,0.6111025306047577,0.4397920688546947,0.7622434631176781,12,0.44311518062324146,0.34782092317164615,0.566774425333207,27,0.6718749999999893,0.4484943159832039,0.7969180171576011,69,0.6146635420154006,0.49250374812593645,0.7571606475716103
19,0.76,108,0.5999712872450134,0.4239987732092441,0.7751974867923981,12,0.4789614063883548,0.37397234767932097,0.5901325652963079,27,0.6510416666666573,0.44692171798719743,0.7930219228379798,69,0.6048982000590138,0.4528181236868552,0.7365075696290342
20,0.8,108,0.587501224861523,0.4388629757683269,0.7574490805855075,12,0.5428381346625015,0.3948398910225896,0.59249980273022,27,0.6197916666666562,0.43804649741676466,0.7917296878744091,69,0.6137330754352034,0.4433745988078862,0.7409090909090899
21,0.84,108,0.5926114458224956,0.4249261602592758,0.76362596506901,12,0.5280435149916862,0.3233914031232358,0.5780158132442321,27,0.5986979166666548,0.4286570275823842,0.7833302076253484,69,0.6118623962040339,0.4380615300843946,0.7475738624110384
22,0.88,108,0.5931264317774245,0.3856394593246074,0.763093669443182,12,0.531252258785072,0.32157486536501795,0.5930884092253079,27,0.6608538785327741,0.425541311678552,0.7742208791442885,69,0.6084033613445367,0.38170432888646266,0.7547782185358836
23,0.92,107,0.5931989924433232,0.338830528387077,0.7301639589989224,12,0.49518048129900905,0.2981255068305123,0.622311212814647,27,0.6374999999999883,0.410549216764477,0.7476187156170435,68,0.6079579260473184,0.3306971055046381,0.7486748412626869
24,0.96,107,0.57823446987389,0.3353790772604295,0.7159165764193363,12,0.4597242591767884,0.3580198781527456,0.644583691217185,27,0.6108312342569234,0.3757115203339745,0.7210853883622146,68,0.5803739546853983,0.3148797385324589,0.7239448051948061
25,1.0,107,0.5763020833333272,0.3251727188404644,0.7104339262286112,12,0.44087171033457045,0.3253470706062553,0.6543694972654003,27,0.5915827996340429,0.38254337000943167,0.7085220137363433,68,0.5605352218090078,0.3033516696705104,0.7192725449449091
26,1.04,106,0.5608547375137699,0.2950078985802924,0.7173420365540865,12,0.4192444990568477,0.30889187828734743,0.6819228349250449,27,0.5867187499999933,0.4093481987456884,0.7127167969595516,67,0.5405224380442069,0.2683791283379148,0.7212684884559888
27,1.08,105,0.5510210913960497,0.2761116856256514,0.7160068846815871,12,0.41253304614998754,0.2907608695652171,0.6933459767899879,27,0.618455158113004,0.40110594218776646,0.7218952280596129,66,0.5387045970345627,0.24637302924557308,0.7177150974025994
28,1.12,103,0.5283497312100626,0.2787553838801319,0.7165630575829387,12,0.3889228810470493,0.2887195097568133,0.6722481951342518,27,0.5931989924433174,0.3928476042856984,0.7124882590384372,64,0.49678971205656475,0.2442743082841876,0.7215681654951118
29,1.16,102,0.5165885094377647,0.25834066278798795,0.6937271035765962,12,0.4037691164659261,0.28902947927344436,0.6245276627923948,27,0.6193016488845801,0.39903528173315744,0.6933316402740202,63,0.48650674662668464,0.21057959832963433,0.6935323547653502
30,1.2,100,0.4947159147916954,0.2684024405410708,0.6857686482958918,12,0.4089936154538689,0.2880508210351276,0.5962071233610524,27,0.6235827664399106,0.3794433844687838,0.7001431175986075,61,0.459520239880057,0.203648243942278,0.6815874480849066
31,1.24,97,0.48181293302540484,0.2728758169934662,0.6640516843562497,12,0.4098326102971244,0.28465004965472535,0.5755477023041324,27,0.5941043083900224,0.34302794898186173,0.6685216149727277,58,0.4654775132973118,0.18355214035711556,0.6599316648861167
32,1.28,93,0.47368421052632437,0.2783251231527089,0.6847720659553861,12,0.398773511190488,0.2994872860805107,0.5579397349451098,26,0.5948928912707097,0.3595581432643909,0.6694354726403422,55,0.4642032332563521,0.16674830037750196,0.6814167386050498
33,1.32,91,0.4676564156945948,0.25905956639784455,0.6604214612402294,12,0.4209197111152723,0.2984726613353157,0.5900636135515741,26,0.5768858957731164,0.365339692687068,0.6852757983265987,53,0.453924221921516,0.1340425531914893,0.655666251556662
34,1.36,88,0.4523262762170811,0.25446268055297044,0.642179166963086,12,0.4628133685428943,0.25446268055297044,0.6389776988270394,25,0.5578675394022914,0.3962431780682885,0.7235693501454926,51,0.41487164355267175,0.1280854093342267,0.6353853670963236
35,1.4,86,0.4616156186283612,0.23655419513991838,0.6909209050818355,12,0.43352116385613854,0.24075692765482684,0.6592509404553207,25,0.5330874604847178,0.40266512166859814,0.7348193697156064,49,0.41487164355267175,0.16183435881545766,0.6469773880941371
36,1.44,85,0.48930054295752223,0.2428571428571417,0.6672819566220562,12,0.5079812468605277,0.24494839129626084,0.6304073470442746,25,0.5115666178623722,0.3841251448435676,0.7321178120617094,48,0.4154042213061133,0.16980096368231185,0.6782323267442508
37,1.48,85,0.4587554269175088,0.23263419034731786,0.6342857142857147,12,0.5071580063626733,0.24912125720661898,0.5998303435690993,25,0.47405046938248235,0.3674121405750802,0.7321178120617094,48,0.4252687816355442,0.13710847975553855,0.6861776270457847
38,1.52,84,0.4515039265034324,0.2353629484203334,0.666123678387015,12,0.49616974750310333,0.24983881966400034,0.5965816897119025,25,0.4566536863402009,0.3581544808981655,0.7251051893408119,47,0.412196240256761,0.08936945407533589,0.7045027846084795
39,1.56,84,0.4438560031843225,0.22029327717540637,0.6627230008469266,12,0.4861925505444321,0.2544216105635126,0.5978683376319011,25,0.4498662083668744,0.34890214494225386,0.7201963534361833,47,0.40577716643741163,0.044726796265733657,0.7130142747881956
40,1.6,82,0.4316764098429327,0.2194231112523925,0.6935401284109133,12,0.461195842776843,0.26786079598289186,0.6150864262556537,24,0.4494358313893211,0.335653894352549,0.7055553423703262,46,0.3827845779720117,0.03564473933333842,0.7227976247971193
41,1.64,81,0.463369963369974,0.2195389681668482,0.6788935658448595,12,0.5176540243325232,0.31149262290000856,0.5826040538914954,24,0.4601607114206934,0.3227862071901603,0.6946625447498899,45,0.38778280542986343,0.07075277663512992,0.7266500622665024
42,1.68,81,0.4554687499999978,0.19983586376692286,0.7008814330395216,12,0.5083235892200699,0.2774386274874451,0.5860128319751783,24,0.47521548331234087,0.31661994343233507,0.726030772471826,45,0.3718477762494251,0.06951871657753969,0.7230636653261597
43,1.72,81,0.4612273200046253,0.21177244327523886,0.7020187659937441,12,0.4371173030615752,0.3095876973174191,0.5520319484593252,24,0.49822660841729405,0.3072211608900595,0.7316043624441148,45,0.38927097661623017,0.03233256351039153,0.722606674674882
44,1.76,80,0.4513942481260982,0.2307440219015497,0.7060495348075355,12,0.44373925008599935,0.2725622025690106,0.5460076363355857,23,0.5151133501259423,0.3007678086648838,0.7430084187960664,45,0.42344188052619475,0.005989654233590278,0.7198478406802414
45,1.8,80,0.4402961856855251,0.22528421652425812,0.7049870220175285,12,0.42225400457665985,0.28796373586146223,0.49761659700996524,23,0.5302267002518875,0.31882770267762717,0.7252132784377618,45,0.37739234449760517,-0.005758946935418849,0.7169389125083907
46,1.84,80,0.43672506519473275,0.17593732882023763,0.6866601838755273,12,0.4016734557448828,0.2716305144472855,0.4765350877193049,23,0.5151133501259423,0.3059580666603724,0.7058736234884079,45,0.39293901879871507,-0.018187066974597082,0.7032893264712456
47,1.88,80,0.4108566023574046,0.16036451740817592,0.6623338091577922,12,0.3873137243958297,0.25317118851150117,0.48224974200207205,23,0.5034947261405498,0.31899285793807786,0.6680301773451796,45,0.393811533052035,-0.02684757505773869,0.6764376818080099
48,1.92,80,0.43199105444223407,0.14621113544576173,0.6301410294062796,12,0.34813305798962463,0.27439071510678914,0.4714267285861776,23,0.5010416666666643,0.3291464307265023,0.6368496667645019,45,0.41765704584040925,-0.01565477811054148,0.6308571428571399
49,1.96,80,0.45353856225781336,0.1452398989898963,0.5886274194273464,12,0.3433245540109774,0.2856137720613485,0.49333657176649615,23,0.49433106575963714,0.32550037039617874,0.5819228086599657,45,0.4237836588466449,-0.007487067792001214,0.6197916666666676
50,2.0,78,0.41119865089145236,0.13879411988437554,0.5886044560156601,11,0.35011441647597985,0.3088306747255588,0.4520887893892024,22,0.4742362560912288,0.3134579731945133,0.5886044560156601,45,0.4050618282676547,-0.010345766403491354,0.6015325670498076
51,2.04,78,0.4269812749032511,0.1297009945648617,0.5513764767002887,11,0.3627450980392208,0.27296394398471346,0.43889866579356207,22,0.4631634424603154,0.29880717232275156,0.5850724691406239,45,0.45879120879121577,-0.007812845823557525,0.5864479698843772
52,2.08,77,0.42113095238095216,0.10411710887465103,0.5840279645065872,11,0.26619552414605624,0.23555377207063016,0.47219679633867084,21,0.465986394557823,0.37195828505214285,0.6001378003617291,45,0.42113095238095216,0.01136363636363642,0.5892078304087632
53,2.12,77,0.40761118752865566,0.10186608122941512,0.5877924173164826,11,0.30392156862745817,0.23326543135276423,0.4555371863393409,21,0.4408060453400499,0.3654743390357641,0.5847386099388543,45,0.40476190476190466,-0.01851347672202933,0.5974882928905908
54,2.16,75,0.3842257597684514,0.05902966314730667,0.5692661271678023,11,0.36578947368420295,0.19949863041417762,0.4775709815489501,21,0.42966948501153135,0.32526041666666516,0.5563774011791119,43,0.3635787275303932,-0.05732275603834641,0.6069136516423967
55,2.2,71,0.3732503888024849,0.060264126310049626,0.5800066917827311,10,0.3255159958720356,0.21561136981096016,0.4505758240546416,21,0.42695214105793233,0.2643736514786206,0.5337524746013503,40,0.3490505952380959,-0.09946394031861472,0.6167150481703632
56,2.24,70,0.3570483924117851,0.028361731696664796,0.5927599065964122,10,0.3113089095287246,0.21690965861073574,0.4885780402213179,21,0.42087515372714096,0.2554892752887481,0.5598581591141532,39,0.2998511904761927,-0.169335529414135,0.6148997574337018
57,2.28,70,0.3529695024077032,0.030259017807587107,0.5784273425969686,10,0.3529695024077032,0.2224466789071352,0.5100697836893014,21,0.42041131716595814,0.1995177052925543,0.5821548531564922,39,0.24032738095238443,-0.22654932637607406,0.6065438531966427
58,2.32,69,0.3499999999999887,0.047026532479410035,0.5637585048660784,10,0.36380417335472903,0.22870618731763598,0.5067227363129493,21,0.42051811004879797,0.12109374999999875,0.5719913584953605,38,0.1883832196435119,-0.3203786386252619,0.5728196031402975
59,2.36,69,0.34477124183007213,0.022140896614816257,0.5354691075514966,10,0.38936016940958473,0.2540082929601753,0.49107391339935824,21,0.40846409890632907,0.09023987815712874,0.5537335285505157,38,0.17626316481903154,-0.3798860253510097,0.5446639240695424
60,2.4,66,0.3464816183170304,0.002734893325707228,0.5399574671891628,9,0.3716951788491427,0.3186274509804007,0.4289473684210482,21,0.39933351846709414,0.07483989021042717,0.542393265183402,36,0.19749535249213557,-0.3980919195170839,0.5384161587748075
61,2.44,64,0.3616909289074336,-0.011611628487228565,0.5773594356096006,9,0.4157894736842056,0.3104575163398815,0.43476764199655926,20,0.415526646838541,0.1473005141375528,0.5835231618958606,35,0.19976076555023764,-0.3997943037040175,0.5477426429776185
62,2.48,64,0.3424233637615415,-0.0055729166666641525,0.5575053189143427,9,0.4027993779160168,0.32679738562092725,0.4421052631578902,20,0.37513535759213706,0.21192660582717399,0.5816333677132006,35,0.20670692257925213,-0.3823695534042589,0.5311654299432548
63,2.52,62,0.35787199485364424,0.007914797963772594,0.5789094880965884,9,0.4121306376360776,0.2826797385621033,0.4426850258175581,20,0.36487561695333653,0.1751296705608665,0.6082070009662072,33,0.28822514556825557,-0.1736999727743045,0.5870583226905053
64,2.56,62,0.3482473956504592,0.00022576485357588688,0.553160909804504,9,0.40274599542334677,0.21527041357371235,0.4509466437177305,20,0.37503947625732903,0.13183595137247883,0.5745487942597223,33,0.2697368421052581,-0.1679825755513266,0.5698169433801602
65,2.6,62,0.335958018432946,-0.012657636856513561,0.5627408122532211,9,0.45101088646967374,0.22587486744433788,0.4743545611015521,20,0.37874265566487914,0.10344186691196328,0.5987280693314464,33,0.2535885167464087,-0.23771428571428493,0.5421455938697297
66,2.64,62,0.32398680173241134,-0.04382364241803092,0.5329909485531481,9,0.4712286158631411,0.23011664899258927,0.5354691075514912,20,0.3639989667582183,0.05350391218492148,0.618129111970714,33,0.2302631578947352,-0.3142857142857139,0.5174402250351607
67,2.68,62,0.31459184138362695,-0.05243613477813097,0.5236012248029812,9,0.405909797822705,0.2386002120890866,0.505335628227199,20,0.3538148385481352,0.03445519395204483,0.5778778315448385,33,0.21611721611721882,-0.34497690531177966,0.48446147296721825
68,2.72,62,0.30418993264116867,-0.046221823770488,0.5304469854231773,9,0.3576982892690515,0.23459069020867573,0.5210526315789492,20,0.34363772839540874,0.028947908308697194,0.5423966958387224,33,0.24641148325359236,-0.3706697459584306,0.4469987228607896
69,2.76,61,0.3314993122420882,-0.04687499999999554,0.5018932874354607,9,0.4136858475894234,0.30561797752809905,0.5018932874354607,20,0.340878886697229,0.025706417528409728,0.5396463909506733,32,0.28857510954992527,-0.3659515733256361,0.45113937665290454
70,2.8,60,0.3334909667811123,-0.022254538965155723,0.4897919586725479,9,0.3921052631578994,0.3041733547351578,0.4881239242685072,20,0.33826686613515655,0.04362706690730574,0.486791744805917,31,0.2843332385555867,-0.37110545704295717,0.47470375828839606
71,2.84,60,0.3318646308351076,-0.008530492337599114,0.47362686837927714,9,0.38684210526316115,0.3300653594771334,0.4828375286041243,20,0.33393352423766803,0.06109314308585505,0.4374314031004528,31,0.26499857833380686,-0.40935167773403125,0.4706063703739009
72,2.88,60,0.3351205991064269,-0.013387353201441856,0.47841670411983306,9,0.3814606741573098,0.3578431372549079,0.47366609294320655,20,0.33270629804459634,0.09203953027813394,0.42726755290687324,31,0.2448109183963604,-0.4437396508531558,0.4927050726701279
73,2.92,60,0.3300552869147277,-0.015858888296028904,0.49503464304982187,9,0.4297385620915101,0.2873806998939687,0.47039586919105403,20,0.3300552869147277,0.06311175787861208,0.4573907143875796,31,0.21893659368780216,-0.4717088288019562,0.5183722239807839
74,2.96,59,0.31010136780133785,-0.04050037171909919,0.5057534662395102,9,0.4127608346709524,0.26594090202176823,0.4756550009562098,19,0.31985186461114734,0.031994177998182036,0.4744558850388838,31,0.23094934014474017,-0.5099904595472469,0.4941498173896122
75,3.0,58,0.2848167175784535,-0.03203828976233675,0.5005533881111165,9,0.41998394863563854,0.25556733828209627,0.485068846815838,19,0.30864442416789006,0.09920183779314576,0.4971275036176207,30,0.23243851615769595,-0.5415838279707004,0.4903972875182683
76,3.04,58,0.3174881332312327,-0.02199514636814505,0.47085513546644353,9,0.40914927768860704,0.25768822905621946,0.473684210526319,19,0.3626388769270542,0.0990134563193625,0.5190086896665987,30,0.2128345701330119,-0.5624285416051171,0.45458095663856035
77,3.08,58,0.31076730287257387,-0.0560400127067318,0.5017258957919164,9,0.4187800963081918,0.23860021208909157,0.4713958810068703,19,0.3554043579364418,0.14237008886115005,0.5402202710633468,30,0.21914963463911746,-0.5965616963528284,0.49580007981361207
78,3.12,56,0.30485630701356425,-0.0563091347318766,0.5593102484251566,8,0.38049199084668694,0.2685421267289952,0.48463999832143156,19,0.37211538461538063,0.11658470570295706,0.5768682303851078,29,0.27838827838828417,-0.653579676674369,0.558944765045343
79,3.16,56,0.2911339797888671,-0.05364883512295328,0.5671312012026639,8,0.38467602165193554,0.222435396550771,0.5103503761055056,19,0.3624999999999954,0.09999690263799779,0.5994297579333903,29,0.25732600732601146,-0.6804272517321056,0.6067600989282785
80,3.2,55,0.27400901421472473,-0.04357205592548326,0.5325161106914319,8,0.3528598583030934,0.1694703354356314,0.45917246401299067,18,0.38017555822869514,0.11734862238868593,0.647859374399471,29,0.19413919413919603,-0.652173913043478,0.5671887881286086
81,3.24,55,0.24908579465541353,-0.042130307520676674,0.5513870993301022,8,0.3581163154738303,0.16767385723057607,0.4889404905767118,18,0.3725272458564477,0.0756925223715834,0.6310701847334464,29,0.1510989010989003,-0.7040993071593575,0.5947650453421286
82,3.28,55,0.25349922239501216,-0.06643556787506974,0.5877979759728789,8,0.3643098038138777,0.15860146787968174,0.5163043478260905,18,0.3564404036557439,0.021895840875111972,0.5690015355789713,29,0.13984632272228345,-0.7046766743648998,0.6128515159842466
83,3.32,55,0.26438569206841883,-0.09674785389843646,0.5499390782231639,8,0.3721607433054745,0.15276901825083694,0.5076445910171894,18,0.3320385884742247,0.011420212628989804,0.5229428912945331,29,0.08791208791208488,-0.7101039260970015,0.6033177064551042
84,3.36,55,0.3001943904470988,-0.11385998795351854,0.5492077477460313,8,0.40876278430010926,0.17845551710667393,0.5197958017562889,18,0.3193298244659576,-0.021504920355913126,0.48184706811296274,29,0.072750210260723,-0.7223826020015431,0.5997115037865133
85,3.4,55,0.25247524752475026,-0.09182329495418307,0.5294074354614742,8,0.43429706007902585,0.166554808282651,0.5275670362958371,18,0.31222527472527184,-0.02330888908712187,0.48693006420872936,29,0.10327121420034531,-0.7452728060046224,0.5461139896373045
86,3.44,54,0.23543131805807668,-0.15734990217712247,0.4799841255771561,8,0.4312755064572643,0.10923564212760144,0.5150865340328956,18,0.3073329493087528,-0.02731940322514418,0.474174287987993,28,0.08932445497046307,-0.7912357216173637,0.44532570991282217
87,3.48,54,0.21456606237135434,-0.18340272822276923,0.46667509033149335,8,0.4463249719363408,0.12993882284361657,0.5280189331415769,18,0.29406622023809226,-0.026518063028441202,0.4496577202179929,28,0.1027627410402042,-0.8007029033322353,0.43287481216411794
88,3.52,53,0.21371576450290825,-0.19017632241812887,0.4775280898876367,8,0.36539803187192377,0.10999609309595518,0.5190415639184298,18,0.29769835414172896,-0.05990292401931528,0.40565077787742937,27,0.10164835164835179,-0.7130079164532916,0.44786051096446533
89,3.56,53,0.19214586255259353,-0.20025550942191192,0.491059147180192,8,0.33093698858496046,0.09339414283323917,0.5383234381252568,18,0.2787776769361575,-0.07900403479354175,0.3893558079097136,27,0.1285246337036883,-0.71427427474486,0.45742140301341844
90,3.6,52,0.21008325860472765,-0.1325079816533284,0.5208804625972283,8,0.32731451834232866,0.13058687280238646,0.5504061630793508,18,0.28246050824175717,-0.03847293211202684,0.40148705814211616,26,0.11600858749059553,-0.48731643939882885,0.4928932870551837
91,3.64,50,0.2507623561550255,-0.14505182669663622,0.5273266750713697,7,0.45723172628304287,0.21879084967321144,0.5534053134791024,17,0.3085808580857971,-0.05892964521948698,0.4291556986533832,26,0.148176673432458,-0.4826449241660362,0.5106238997655208
92,3.68,50,0.2526778188004428,-0.13469974065927462,0.5303541346062557,7,0.48211508553654425,0.2436704506364035,0.5718272843809559,17,0.2936268829663955,-0.0906801007556622,0.4376835555942323,26,0.16605389657195785,-0.48150381290433947,0.5112407437763254
93,3.72,50,0.2478660050058608,-0.15975080296342412,0.5219966154209023,7,0.46656298600310725,0.2186188510492023,0.5281153237270007,17,0.2838933951332563,-0.09675285628382967,0.5090390932625585,26,0.14860109020458392,-0.48826073842216133,0.5123534224161429
94,3.76,49,0.27400901421472473,-0.19268635724332006,0.529894161351373,7,0.45723172628304637,0.20572755417957897,0.5156488865054647,17,0.29142526071842273,-0.03778337531485566,0.529894161351373,25,0.1698296312270865,-0.2704720087815555,0.49695740365111496
95,3.8,44,0.2974784836514832,-0.04182961962160287,0.5312491536657834,7,0.405909797822705,0.20368077055384598,0.48403513669371023,16,0.3056589263407762,0.025781986921549285,0.5239616333727262,21,0.276040543454819,-0.2236286919831237,0.548830811554333
96,3.84,43,0.34150326797386593,-0.0037490514155599174,0.5450292560489243,7,0.3981337480559864,0.24312005503956807,0.4892137218963363,16,0.31739202137103184,0.019145166589536113,0.46628847764804243,20,0.3498837550048562,-0.12244029450951703,0.5496259205448242
97,3.88,43,0.33470861268695234,0.009166752042847729,0.551727731232547,7,0.3825816485225494,0.23067595459237145,0.4481542767519685,16,0.31138684767002334,0.013399496928225457,0.5625924808929608,20,0.3944454520426332,-0.11805521369260383,0.5485911383435472
98,3.92,42,0.33796786371222365,0.0473193511022985,0.5201042647394094,7,0.3421461897356145,0.2322669418644732,0.4601280619722227,15,0.3180949099991417,0.09613113979849035,0.5356902510603601,20,0.39575954674478747,-0.14025100762965054,0.5281068585651133
99,3.96,41,0.3627450980392283,0.058341817537956316,0.5331807780320375,7,0.4292379471228604,0.2695304437564573,0.5045117373306272,15,0.31411909390248854,0.12314526920654909,0.5238113324586214,19,0.44241604687852154,-0.25575001995194035,0.5273470149990431
100,4.0,40,0.3317332538633853,0.052127462190849544,0.5262507801123337,7,0.4183514774494539,0.27501719986240836,0.5344330232028547,15,0.3150637311703342,0.12956057147355104,0.5333144673400125,18,0.4143822757694271,0.02126085539229801,0.5096567188572884
