ticker,cid,htb_tier,peak_b12,amplitude_bps,retracement,atm_iv_peak,rr25_peak
SBICARD,1,EXT,0.447506012989886,364.7446135793217,0.0835269585939823,0.1995566284689298,
SBICARD,2,EXT,0.2375580561689767,226.2253385139205,0.0682961222091658,0.2396825168126575,
SBICARD,3,EXT,0.2946978766705694,223.1917804930751,0.4641480684771892,0.7693909935320814,-0.0058103705618662
SBICARD,4,EXT,0.1767941914225961,64.79893272346102,1.821568627450976,0.2525824531357997,-0.0069513469400506
SBICARD,5,MOD,0.1005586118600709,43.09619570232149,2.55352644836272,0.2277939568074279,0.0055079471277718
SBICARD,6,MOD,0.063832060319313,34.43098562929721,2.3218579234972374,0.409387637174301,-0.0437703376336393
SBICARD,7,MOD,0.0714021631608465,35.69916804280992,1.8473924977127316,0.2634766713455,-0.0178273940323344
SBICARD,8,MOD,0.1356079197963442,113.0459847288657,0.0411141262608167,0.2663469352368178,
SBICARD,9,MOD,0.1496467768586894,69.5721925133688,1.199461952344349,0.2929106615675471,-0.002537077261598
SBICARD,10,EXT,0.2674814560534194,203.13647589799808,0.0,0.2173848355361596,
SBICARD,11,EXT,0.2738618536097499,109.8799150301298,0.0191746232147118,0.2589985387130683,-0.0181006448935401
SBICARD,12,EXT,0.3858008698076871,167.8094120229216,0.7259501469055054,0.3713538079102458,-0.0043625772011452
SBICARD,13,EXT,0.2575212985955071,28.403782187839013,7.631578947368344,0.2321727315772404,0.0085259245154626
SBICARD,14,EXT,0.4139412292845398,303.7088069812833,0.998539267915451,0.1869259846316237,-0.0009977693917595
SBICARD,15,EXT,0.2899838037003702,138.55799373040722,1.548196901138075,0.2585772176549872,0.0039624204400342
SBICARD,16,EXT,0.399847732641061,281.28067012074087,0.153159549650067,0.2190983953497333,-0.0126270448155774
SBICARD,17,EXT,0.8056002170390283,435.6901326134443,1.207202171830088,0.3574910833965993,-0.0482262442966372
SBICARD,18,EXT,0.5197359423330216,181.68714168714197,2.110710421925708,0.3515065528112385,-0.0447731625122689
SBICARD,19,EXT,0.2587382182644677,120.92522861753676,0.3007117437722426,0.2607620836532811,-0.0670047486929789
SBICARD,20,EXT,0.3240029753724873,130.9605771245549,1.8700952380952336,,
SBICARD,21,EXT,0.269200468508885,98.57167135879644,2.125562218890556,,
SBICARD,22,EXT,0.1808722717943214,68.94044272909105,0.5662609871534825,,
RVNL,1,MOD,0.1031499038710937,107.77355062177033,0.579733052335795,0.3020239778171318,0.0549561500483984
RVNL,2,EXT,0.1987104320436177,136.8043399997518,1.029945553539019,0.4006403151772502,0.0075569613603512
RVNL,3,EXT,0.4032792915022484,298.9130434782608,0.2377248420029173,0.3329067453712218,
RVNL,4,EXT,0.4630748519765891,169.64478514359726,0.0571466454521362,0.3804205871635473,
RVNL,5,EXT,0.3870721387627878,83.18388743274895,0.1539524599226076,0.3723429667066329,
RVNL,6,EXT,0.6329259963278195,396.8957871396894,0.0182280475576569,0.6033991930608436,
RVNL,7,EXT,0.6252739144859103,311.6813162598241,0.9580387536004198,0.6095196309221307,0.0738908974480128
RVNL,8,EXT,0.8240485306341842,415.5247965500451,0.5560205334226089,0.2727648660958086,0.0699052094717239
RVNL,9,EXT,1.1822746227780374,784.4476362134354,0.0,0.5612371838395585,
RVNL,10,EXT,1.465393964713147,839.711572882396,0.8271416971173365,0.3231905128679491,-0.0511570492056231
RVNL,11,EXT,1.0760643010126842,446.9712850211309,1.3913144293268902,0.2553241585993037,0.0896872843044927
RVNL,12,EXT,0.5117342979283234,154.72182138848788,1.7825561312607956,0.4163041204540756,0.0080305498605542
RVNL,13,EXT,0.2439223191690102,0.6541077969648503,242.400000000034,0.3788565863951034,-0.0009787380625767
KPITTECH,1,EXT,0.1752039885115004,143.78156565656576,0.7935236004390802,0.3820709252743776,0.0445656289177684
KPITTECH,2,MOD,0.1300917712727388,117.35695725720647,0.8311539071168189,,
KPITTECH,3,EXT,0.2115675677884561,152.72340419167824,0.5453650267230739,,
KPITTECH,4,EXT,0.1692446539614745,69.30463699884169,2.17741355761628,0.4324144904179573,-0.0247003007161444
KPITTECH,5,MOD,0.1344989741858127,56.96911852960493,1.8429157676524155,0.4162585657549887,-0.046407916760763
KPITTECH,6,MOD,0.1211544583031871,107.81758535288654,1.1271797955502172,0.4182340088074218,-0.0241321666285752
KPITTECH,7,EXT,0.2097105993016637,151.88024826579058,0.746073717948716,0.3441873048737516,
KPITTECH,8,EXT,0.1544176742025146,102.8962847144664,0.8364688856729374,0.3228652723543107,0.1008623589530999
KPITTECH,9,MOD,0.1121441328269182,51.29549198741967,1.2394160583941505,0.2180300560631491,-0.1340934137619497
KPITTECH,10,EXT,0.1742254105185744,75.07822265700823,1.6625301620131012,0.2356490420890065,-0.0063532358356395
KPITTECH,11,MOD,0.1061207159846477,62.37367131952576,1.5562333206252332,0.3801207813746803,-0.0125991485487024
KPITTECH,12,MOD,0.0615077728991358,41.479573789190006,1.42795193653418,0.2687395164282874,-0.0126245597389738
KPITTECH,13,EXT,0.1604196014497669,115.28848101130932,1.068646712122964,0.3369838944757199,-0.028115585942948
KPITTECH,14,EXT,0.1502963924933748,100.24912896790732,1.3732232920678618,0.3151821609243919,-0.0011094761745262
KPITTECH,15,MOD,0.0541053157830949,53.02109797857092,0.9144965277777708,0.4761427139970408,-0.0706595426481424
KPITTECH,16,NON,0.0321802343675031,40.1416765053132,0.3766339869281063,0.5577856740665537,-0.0694367461346974
KPITTECH,17,EXT,0.3137262668220328,308.13422917445024,0.1252898694759168,0.4001544198788702,0.0552644550343399
KPITTECH,18,EXT,0.8010816277305407,469.3149987267636,0.0,,
KPITTECH,19,EXT,0.381756215450024,75.41681660069598,0.0,,
ASTRAL,1,NON,0.0431701965273293,72.91099337149981,0.5763052208835288,0.2874409184680004,-0.0261723222016497
ASTRAL,2,MOD,0.087508816863623,217.2740029720344,0.802971396834212,0.2252922627156033,-0.0233724289068295
ASTRAL,3,EXT,0.1573726027492625,159.88534626136834,0.7787762088147161,0.2526121156711803,-0.0076612379547433
ASTRAL,4,NON,0.023496762019206,61.00527714360574,0.4468302658486646,0.3354295505010406,-0.0243528726804077
ASTRAL,5,NON,0.0094256384118399,28.423348206545896,0.79209470304976,,
ASTRAL,6,NON,0.0197343074228631,32.347472917995965,0.9671261930010412,0.3609341526365455,0.0110795076651961
ASTRAL,7,MOD,0.0781500062215416,74.66424942153128,0.8722044728434498,0.2855211966593698,0.0334353993171845
ASTRAL,8,MOD,0.122396090460235,124.10099003942136,0.095780795344326,0.4093446421622013,-0.0290314916912038
ASTRAL,9,MOD,0.125829825826052,89.52169300211571,1.1134876110331882,0.2544357610125702,0.0170162566816004
ASTRAL,10,MOD,0.068078100389208,42.33528709053147,1.4922992299229916,0.2694819788864937,-0.0102070165771306
ASTRAL,11,NON,0.0386562393709762,43.87263123968141,0.7431284357820979,0.3151362692041288,0.0065829051295824
ASTRAL,12,MOD,0.0625832362608319,55.06236655804011,0.5582010582010599,0.2489547158173393,-0.0144943647744406
ASTRAL,13,EXT,0.2459874090651438,230.4624112772361,0.1958254949386351,0.2831141717388417,
ASTRAL,14,EXT,0.1937047694908708,143.7117960723111,0.9841628959276044,0.2046457084801935,0.0254976039171944
ASTRAL,15,EXT,0.1641972302800338,77.45559038662466,0.5286677908937649,0.2120159037150881,
ASTRAL,16,EXT,0.274719952592905,188.2275837554432,0.50250811448805,0.1726522891637564,-0.008199338122699
ASTRAL,17,EXT,0.5364083755238683,273.23326024624714,0.9160280970625806,0.3264516421871173,-0.0440526087467099
ASTRAL,18,EXT,0.5515564029936946,201.90362948585607,1.7832467282525055,0.3009542325851613,0.0102525675463973
ASTRAL,19,EXT,0.274444554647911,23.230804879062976,3.357630008525176,0.3511306954619231,-0.0061529887912854
ASTRAL,20,EXT,0.3483172314749699,233.1905952444278,0.8101891455184874,,
ASTRAL,21,EXT,0.5050944341208446,256.90074147921985,0.5709030641118905,0.2776251156576813,-0.0206519428770579
ASTRAL,22,EXT,0.3024350470806648,185.60124754533896,0.0,,
ASTRAL,23,EXT,0.1604790874500715,0.0,,,
ASTRAL,24,NON,0.0346818466110713,28.659119897959005,0.2892906815020863,,
BDL,1,NON,0.0495273373065814,18.50115594661416,2.4546561992420037,0.4829514163987206,-0.0164501722917375
BDL,2,NON,0.0458551076127534,45.25306994821037,0.8691013541239285,0.4120267554603863,0.1562470859340741
BDL,3,NON,0.0422387148656558,38.10844608810575,0.92068429237947,0.428865964028237,-0.0169709950088278
BDL,4,NON,0.0205176237999741,27.2908378974191,1.1903127383676466,0.3160510547850321,-0.0108394446460799
BDL,5,NON,0.0369416329553424,50.193027366728266,0.8333333333333327,0.3461716753268863,0.0159615177817177
BDL,6,NON,0.0176510672272876,22.283077175678475,0.981140350877206,0.3610816448422665,0.007703045014737
BDL,7,MOD,0.1099017085341602,109.13456291607524,0.9805555555555624,0.2607272514417777,0.0868987611076687
BDL,8,MOD,0.0526605061733212,41.90481072353098,0.8735983690112139,0.1855153581028975,0.0076812907699343
BDL,9,EXT,0.3217571640030556,308.2859960978284,0.6811848046084396,0.4261920022981859,-0.009520409081981
BDL,10,EXT,0.5134744730608559,294.2743429089328,1.1034485836971173,0.4380675741965211,0.0091160123175997
BDL,11,EXT,0.2480895059823892,85.45115867081753,1.8521341463414636,0.3183945835343253,0.0309390592037528
BDL,12,EXT,0.1614862325633645,120.70916635231973,0.3276515151515184,0.311273892235022,0.0296007440812556
BDL,13,EXT,0.5279485329785931,333.7002300244526,0.3285272236486926,0.277305516231326,0.0172343415667057
BDL,14,EXT,0.52491056929833,245.8516130421983,0.0,,
BDL,15,EXT,0.2935738613441716,53.1942750690177,4.74917955930616,,
BDL,16,EXT,0.4292951064854884,265.07550870509215,1.3167991230474068,,
BDL,17,EXT,0.2200094238811507,44.24031253299589,0.5148059754264931,,
IREDA,2,EXT,1.1855170212107866,494.6930120056105,0.6115762446974766,,
IREDA,3,EXT,0.8298363557516649,300.9567483921387,1.2441635349049056,0.6529872912123298,0.0338761465308439
IREDA,4,EXT,0.7188413127009259,15.538118333869624,16.858333333333476,0.4746540065557577,0.0070674938644546
IREDA,5,EXT,0.2957270459442573,130.15614839856184,2.337939014429624,0.3760166950060988,0.003926755979535
IREDA,6,EXT,0.2463411945549723,175.2551296383116,0.941072245084588,0.4663270759317661,0.1901294638177678
IREDA,7,EXT,0.2289790337284188,148.92613439828943,1.1323902027027002,0.2835203054574314,0.0935108876050874
IREDA,8,EXT,0.2325052566334571,113.06289991548933,1.48807617013704,0.3175270956081303,0.2053015884438258
IREDA,9,EXT,0.1954871381553814,78.54825984044884,2.0230654761904807,0.3091372372068055,0.0542338740256143
IREDA,10,MOD,0.0763633078078402,0.0,,0.3298176416551204,0.0096277629642897
IREDA,11,EXT,0.2699529843795906,220.55370003131216,0.97732426303855,0.4527492535434984,0.032749538545499
IREDA,12,EXT,0.4847752638039651,314.0393655969135,0.6364212724696069,0.2826857216274555,-0.0518941839796412
IREDA,13,EXT,0.3866466941730499,251.86500379444144,0.135067273071821,0.3917228946448484,0.0077359154650067
IREDA,14,EXT,0.5886205761099164,375.7047999095273,0.5773310399197311,0.3099069019320584,
IREDA,15,EXT,0.3098322201257354,74.53467022503739,3.100122100122097,0.4298970262325951,0.0321587191893699
IREDA,16,EXT,0.2899100197563352,190.7641714508665,0.4436328220111977,0.2757619865827746,-0.0335995407549236
IREDA,17,EXT,0.7298675215572094,455.3267045454543,0.0617688348151612,,
IREDA,18,EXT,0.5410881782950642,229.36575579071263,0.3860024114874494,,
IREDA,19,EXT,0.6461086559172694,407.1018330199422,0.0,,
IREDA,20,EXT,0.7920370463690157,405.312176612625,0.8982269503546095,,
IREDA,21,EXT,0.4737718042475803,66.30761681266763,0.1182145692129199,,
VOLTAS,1,MOD,0.1481955381518258,135.13803794462214,0.9128988578829634,0.2514007932031228,0.0143730299896766
VOLTAS,2,MOD,0.1385717420773259,264.3569189520991,0.8753251227284445,0.3352387191320253,-0.0101625260063982
VOLTAS,3,MOD,0.0909550591852527,63.62334196687894,1.1805705474171089,,
VOLTAS,4,MOD,0.0808587991690498,62.723956063966256,1.2450319682045972,,
VOLTAS,5,MOD,0.081820683915867,77.81529409134015,1.0491926655719814,,
VOLTAS,6,MOD,0.0775346004600107,58.28068599676515,1.2195635380455767,0.3889847768093736,-0.0045338486274911
VOLTAS,7,MOD,0.083865992778702,52.86509959407152,0.7189331501831532,0.3586077584499855,0.0272904571963604
VOLTAS,8,EXT,0.1565601850094008,151.98271871624735,1.0950622981079856,0.2987419926916342,0.0154986529196042
VOLTAS,9,EXT,0.2890669506034214,210.9559700135381,0.098020434227332,0.2892859751504811,
VOLTAS,10,EXT,0.2187583129845205,133.2663653105642,0.0099664991624786,0.2097298549819092,
VOLTAS,11,EXT,0.350233178521103,179.94281450372117,0.4664831804281375,0.2944335227735365,0.0072464621768105
VOLTAS,12,EXT,0.4557272427340731,215.91094136282177,0.0,0.2643149092496759,
VOLTAS,13,EXT,0.3447262635496138,91.1427903715825,2.506291547958207,0.2556501371168631,-0.0204287666480272
VOLTAS,14,EXT,0.267172359936245,126.15368525635954,0.6140759930915384,0.2990520155227596,0.0009327070428875
VOLTAS,15,EXT,0.2399452560134378,111.90755340882735,1.7119406106231745,0.2296739114437191,0.0035340104770791
VOLTAS,16,EXT,0.2287050745152149,150.17186203626832,0.0411733754275175,0.3286981048563808,
VOLTAS,17,EXT,0.3255421311708946,170.72724457768547,0.3103187688925497,0.4257165670975733,-0.0609997590493223
VOLTAS,18,EXT,0.2764396007061868,102.68673512448989,0.1531755915317497,0.3817913921737367,-0.0456724541076997
VOLTAS,19,EXT,0.2525992140592423,104.03688452468953,0.7673658096526821,,
VOLTAS,20,EXT,0.180159759076847,64.65323300775968,0.3395788722341181,,
