ticker,cid,peak_b12,skip_reason,lot,entry_ts,exit_ts,peak_spread,opt_status,S1,S2,S3,S1_per_share,S1_bps,SLF2,SSF1,entry_dte,spread_entry,spread_exit,direction,K_f1,K_f2,F1_entry,F2_entry,F1_exit,F2_exit,htb_tier,variant
SBICARD,3,0.2946978766705694,,800.0,2025-01-28 09:30:00+05:30,2025-01-30 12:00:00+05:30,13.354545454545473,ok,4131.6,,,5.1645,68.57,,-16545.6,2.0,14.100000000000023,5.899999999999977,F2->F1,755.0,740.0,753.2,739.1,774.55,768.65,EXT,centred
SBICARD,4,0.1767941914225961,,800.0,2025-02-21 10:45:00+05:30,2025-02-27 12:00:00+05:30,7.286363636363634,ok,6423.12,,,8.0289,96.27,,-16116.6,6.0,8.049999999999955,-3.3500000000000227,F2->F1,835.0,,834.0,825.95,853.9,857.25,EXT,centred
SBICARD,5,0.10055861186007094,,800.0,2025-03-12 15:15:00+05:30,2025-03-27 12:00:00+05:30,2.4409090909091034,ok,4907.32,,,6.1342,73.38,,-25990.2,15.0,2.5,-7.050000000000068,F2->F1,870.0,850.0,836.0,833.5,869.65,876.7,MOD,centred
SBICARD,6,0.06383206031931307,,800.0,2025-04-07 14:30:00+05:30,2025-04-24 12:00:00+05:30,0.10454545454546281,ok,665.52,,,0.8319,10.29,,-91872.0,17.0,-1.7999999999999545,-6.100000000000023,F2->F1,810.0,800.0,808.7,810.5,921.4,927.5,MOD,centred
SBICARD,7,0.07140216316084659,,800.0,2025-04-29 09:15:00+05:30,2025-05-29 12:00:00+05:30,0.5863636363636094,ok,-467.6,,26243.8,-0.5845,-6.67,,-29462.4,30.0,-1.5,-4.5,F1->F2,880.0,900.0,876.0,877.5,913.25,917.75,MOD,centred
SBICARD,9,0.14964677685868943,,800.0,2025-07-28 10:45:00+05:30,2025-07-31 12:00:00+05:30,5.668181818181799,ok,2274.36,,,2.843,33.51,,32760.2,3.0,5.399999999999977,-0.75,F2->F1,850.0,840.0,848.3,842.9,807.55,808.3,MOD,centred
SBICARD,11,0.2738618536097499,,800.0,2025-09-29 13:30:00+05:30,2025-09-30 12:00:00+05:30,14.009090909090931,ok,-1931.72,1920.8,1691.6,-2.4146,-27.69,1790.6,130.2,1.0,13.950000000000045,12.899999999999977,F1->F2,870.0,860.0,872.1,858.15,873.65,860.75,EXT,centred
SBICARD,12,0.38580086980768713,,800.0,2025-10-23 10:45:00+05:30,2025-10-28 12:00:00+05:30,23.463636363636354,ok,11900.12,,,14.8752,155.21,,49606.0,5.0,24.850000000000023,6.300000000000068,F2->F1,960.0,930.0,958.4,933.55,894.6,888.3,EXT,centred
SBICARD,13,0.2575212985955071,,800.0,2025-10-29 14:30:00+05:30,2025-11-25 12:00:00+05:30,16.50000000000002,ok,10824.92,,,13.5312,151.68,,12207.8,27.0,17.050000000000068,0.0,F2->F1,890.0,880.0,892.1,875.05,875.85,875.85,EXT,centred
SBICARD,14,0.4139412292845398,,800.0,2025-12-26 13:00:00+05:30,2025-12-30 12:00:00+05:30,23.23636363636365,ok,17238.36,19008.6,-27078.6,21.548,246.59,-8968.6,27977.2,4.0,23.100000000000023,-1.8500000000000227,F2->F1,870.0,850.0,873.85,850.75,837.8,839.65,EXT,centred
SBICARD,15,0.2899838037003702,,800.0,2026-01-21 11:00:00+05:30,2026-01-27 12:00:00+05:30,13.84090909090906,ok,12056.48,,,15.0706,188.72,,22003.8,6.0,14.599999999999909,-3.6000000000000227,F2->F1,800.0,780.0,798.55,783.95,771.65,775.25,EXT,centred
SBICARD,16,0.39984773264106105,,800.0,2026-02-20 13:45:00+05:30,2026-02-24 12:00:00+05:30,24.58181818181819,ok,12407.36,,,15.5092,194.38,,26076.2,4.0,25.899999999999977,7.300000000000068,F2->F1,800.0,770.0,797.9,772.0,764.1,756.8,EXT,centred
SBICARD,17,0.8056002170390283,,800.0,2026-03-24 10:45:00+05:30,2026-03-30 12:00:00+05:30,37.7863636363636,ok,22980.48,22976.74,15195.12,28.7256,437.36,20831.34,2145.4,6.0,38.299999999999955,7.0,F2->F1,660.0,620.0,656.8,618.5,653.05,646.05,EXT,centred
SBICARD,18,0.5197359423330216,,800.0,2026-04-17 11:45:00+05:30,2026-04-28 12:00:00+05:30,23.90454545454545,ok,16544.92,,,20.6812,298.21,,31798.0,11.0,24.0,0.6499999999999773,F2->F1,690.0,670.0,693.5,669.5,653.25,652.6,EXT,centred
SBICARD,19,0.25873821826446775,,800.0,2026-05-26 09:15:00+05:30,2026-05-26 12:00:00+05:30,11.804545454545467,ok,4356.52,5198.4,-3137.8,5.4457,86.03,764.8,4433.6,0.0,11.200000000000045,3.25,F2->F1,630.0,620.0,633.0,621.8,626.4,623.15,EXT,centred
SBICARD,20,0.2774628536024759,,800.0,2026-06-01 15:00:00+05:30,2026-06-10 12:00:00+05:30,9.695454545454554,unavailable,1797.04,,,2.2463,37.77,,,29.0,9.75,5.149999999999977,unknown,,,594.75,585.0,589.55,584.4,EXT,centred
RVNL,1,0.10314990387109378,,1525.0,2025-06-25 12:00:00+05:30,2025-06-26 12:00:00+05:30,1.5590909090909122,ok,-1671.55,714.79,3210.89,-1.0961,-27.47,1848.63,-1133.84,1.0,1.3500000000000227,0.8500000000000227,F2->F1,400.0,400.0,399.05,397.7,400.1,399.25,MOD,centred
RVNL,2,0.19871043204361777,,1525.0,2025-07-28 09:45:00+05:30,2025-07-31 12:00:00+05:30,3.809090909090912,ok,3083.17,3645.51,-27372.22,2.0218,55.31,-20433.09,24078.61,3.0,3.75,0.30000000000001137,F2->F1,370.0,370.0,365.55,361.8,350.6,350.3,EXT,centred
RVNL,7,0.6252739144859103,,1525.0,2025-12-29 13:30:00+05:30,2025-12-30 12:00:00+05:30,15.695454545454549,ok,5727.9,8229.28,-9365.79,3.756,100.99,-6498.02,14727.31,1.0,14.75,9.550000000000011,F2->F1,370.0,355.0,371.9,357.15,362.25,352.7,EXT,centred
RVNL,8,0.8240485306341842,,1525.0,2026-01-23 14:00:00+05:30,2026-01-27 12:00:00+05:30,18.590909090909086,ok,7061.67,8811.83,-45.75,4.6306,141.52,3191.06,5620.77,4.0,19.19999999999999,13.300000000000011,F2->F1,325.0,310.0,327.2,308.0,323.75,310.45,EXT,centred
RVNL,10,1.4653939647131473,,1525.0,2026-03-27 13:45:00+05:30,2026-03-30 12:00:00+05:30,28.09545454545454,ok,16616.86,16029.28,-9090.91,10.8963,407.64,437.68,15591.6,3.0,27.400000000000006,15.5,F2->F1,265.0,240.0,267.3,239.9,256.0,240.5,EXT,centred
RVNL,11,1.0760643010126842,,1525.0,2026-04-24 13:15:00+05:30,2026-04-28 12:00:00+05:30,22.635454545454536,ok,27128.19,,,17.789,589.53,,-7190.76,4.0,22.019999999999982,3.0400000000000205,F2->F1,300.0,,301.75,279.73,306.29,303.25,EXT,centred
RVNL,12,0.5117342979283234,,1525.0,2026-05-15 14:45:00+05:30,2026-05-26 12:00:00+05:30,11.57727272727273,ok,8576.75,,,5.6241,198.98,,28070.68,11.0,11.75,5.050000000000011,F2->F1,285.0,270.0,282.65,270.9,263.7,258.65,EXT,centred
RVNL,13,0.24392231916901022,,1525.0,2026-05-27 10:00:00+05:30,2026-06-10 12:00:00+05:30,3.5250000000000092,unavailable,3748.89,,,2.4583,96.38,,,34.0,3.4000000000000057,-0.030000000000001137,unknown,,,255.05,251.65,232.49,232.52,EXT,centred
KPITTECH,1,0.17520398851150049,,,2024-12-03 10:15:00+05:30,2025-01-30 12:00:00+05:30,12.154545454545458,unavailable,,,,4.0776,28.42,,,58.0,4.0499999999999545,-5.800000000000182,F1->F2,,,1434.5,1430.45,1450.85,1456.65,EXT,centred
KPITTECH,2,0.13009177127273888,,,2025-02-21 14:30:00+05:30,2025-02-27 12:00:00+05:30,6.7354545454544965,unavailable,,,,6.0905,46.59,,,6.0,7.25,-3.9600000000000364,F2->F1,,,1307.3,1300.05,1254.09,1258.05,MOD,centred
KPITTECH,3,0.21156756778845612,,,2025-03-07 13:45:00+05:30,2025-03-27 12:00:00+05:30,14.807272727272778,unavailable,,,,-0.5863,-4.52,,,20.0,13.950000000000045,9.299999999999955,F2->F1,,,1297.5,1283.55,1332.3,1323.0,EXT,centred
KPITTECH,4,0.16924465396147453,,,2025-04-03 11:15:00+05:30,2025-04-24 12:00:00+05:30,12.390909090909107,unavailable,,,,11.721,96.28,,,21.0,11.900000000000091,-4.7000000000000455,F2->F1,,,1217.4,1205.5,1225.7,1230.4,EXT,centred
KPITTECH,5,0.13449897418581272,,,2025-04-30 12:00:00+05:30,2025-05-29 12:00:00+05:30,6.9336363636363,unavailable,,,,3.8931,31.1,,,29.0,4.0,-5.099999999999909,F2->F1,,,1252.0,1248.0,1350.9,1356.0,MOD,centred
KPITTECH,6,0.12115445830318711,,,2025-06-23 10:00:00+05:30,2025-06-26 12:00:00+05:30,7.890909090909066,unavailable,,,,12.0474,85.69,,,3.0,9.200000000000045,-8.200000000000045,F2->F1,,,1406.0,1396.8,1270.8,1279.0,MOD,centred
KPITTECH,8,0.15441767420251462,,,2025-08-25 13:15:00+05:30,2025-08-28 12:00:00+05:30,10.109090909090913,unavailable,,,,6.4639,52.9,,,3.0,11.5,0.20000000000004547,F2->F1,,,1221.9,1210.4,1202.0,1201.8,EXT,centred
KPITTECH,9,0.11214413282691825,,,2025-09-29 14:00:00+05:30,2025-09-30 12:00:00+05:30,4.618181818181835,unavailable,,,,0.3504,2.88,,,1.0,4.2000000000000455,-1.0,F2->F1,,,1215.0,1210.8,1211.4,1212.4,MOD,centred
KPITTECH,10,0.17422541051857443,,,2025-10-24 12:30:00+05:30,2025-10-28 12:00:00+05:30,9.981818181818177,unavailable,,,,9.8764,84.15,,,4.0,10.599999999999909,-4.0,F2->F1,,,1173.6,1163.0,1191.5,1195.5,EXT,centred
KPITTECH,11,0.10612071598464777,,,2025-11-07 10:45:00+05:30,2025-11-25 12:00:00+05:30,4.782727272727326,unavailable,,,,1.6463,14.4,,,18.0,3.2000000000000455,-3.099999999999909,F2->F1,,,1143.5,1140.3,1183.4,1186.5,MOD,centred
KPITTECH,12,0.061507772899135844,,,2025-12-01 10:15:00+05:30,2025-12-30 12:00:00+05:30,-0.09272727272727108,unavailable,,,,0.9344,7.42,,,29.0,-0.20000000000004547,-6.0,F2->F1,,,1259.2,1259.4,1170.5,1176.5,MOD,centred
KPITTECH,13,0.16041960144976697,,,2026-01-20 11:15:00+05:30,2026-01-27 12:00:00+05:30,8.527272727272724,unavailable,,,,10.7178,94.11,,,7.0,9.299999999999955,-5.900000000000091,F2->F1,,,1138.8,1129.5,1104.0,1109.9,EXT,centred
KPITTECH,14,0.15029639249337484,,,2026-02-02 12:00:00+05:30,2026-02-24 12:00:00+05:30,8.063636363636368,unavailable,,,,6.5839,67.05,,,22.0,5.5,-4.600000000000023,F2->F1,,,982.0,976.5,776.5,781.1,EXT,centred
KPITTECH,15,0.05410531578309497,,,2026-03-20 09:15:00+05:30,2026-03-30 12:00:00+05:30,-0.4409090909090723,unavailable,,,,1.4966,22.07,,,10.0,0.35000000000002274,-3.800000000000068,F2->F1,,,677.95,677.6,647.05,650.85,MOD,centred
KPITTECH,16,0.03218023436750319,,,2026-04-06 11:15:00+05:30,2026-04-28 12:00:00+05:30,-1.6272727272727252,unavailable,,,,-0.9156,-13.16,,,22.0,-0.1999999999999318,-2.150000000000091,F1->F2,,,695.6,695.8,736.05,738.2,NON,centred
KPITTECH,17,0.31372626682203286,,,2026-05-20 10:45:00+05:30,2026-05-26 12:00:00+05:30,17.381818181818186,unavailable,,,,7.5039,101.02,,,6.0,17.450000000000045,6.949999999999932,F2->F1,,,742.85,725.4,767.4,760.45,EXT,centred
KPITTECH,18,0.28312142697478515,,,2026-06-05 11:45:00+05:30,2026-06-10 12:00:00+05:30,12.922727272727291,unavailable,,,,5.737,74.37,,,25.0,16.450000000000045,7.699999999999932,unknown,,,771.45,755.0,747.15,739.45,EXT,centred
ASTRAL,1,0.04317019652732937,,,2024-10-28 15:00:00+05:30,2024-10-31 12:00:00+05:30,-2.6818181818182025,unavailable,,,,0.0203,0.11,,,3.0,-2.3500000000001364,-9.5,F1->F2,,,1800.55,1802.9,1758.4,1767.9,NON,centred
ASTRAL,2,0.087508816863623,,,2024-11-19 11:00:00+05:30,2024-11-28 12:00:00+05:30,7.559090909090835,unavailable,,,,24.0643,136.73,,,9.0,13.799999999999955,-17.40000000000009,F2->F1,,,1759.95,1746.15,1806.1,1823.5,MOD,centred
ASTRAL,3,0.1573726027492625,,,2024-12-02 13:30:00+05:30,2025-01-30 12:00:00+05:30,13.33181818181821,unavailable,,,,12.3658,67.39,,,59.0,10.0,-9.0,F1->F2,,,1835.0,1825.0,1482.6,1491.6,EXT,centred
ASTRAL,4,0.023496762019206,,,2025-02-17 10:30:00+05:30,2025-02-27 12:00:00+05:30,-4.400000000000008,unavailable,,,,-2.318,-17.26,,,10.0,-4.4500000000000455,-7.599999999999909,F1->F2,,,1343.25,1347.7,1384.75,1392.35,NON,centred
ASTRAL,5,0.009425638411839927,,,2025-03-06 09:30:00+05:30,2025-03-27 12:00:00+05:30,-6.24090909090912,unavailable,,,,-3.8026,-28.45,,,21.0,-8.099999999999909,-9.539999999999964,F1->F2,,,1336.7,1344.8,1275.8,1285.34,NON,centred
ASTRAL,6,0.019734307422863126,,,2025-04-21 11:45:00+05:30,2025-04-24 12:00:00+05:30,-5.4545454545454755,unavailable,,,,-1.9245,-14.54,,,3.0,-5.2999999999999545,-8.799999999999955,F1->F2,,,1324.0,1329.3,1381.2,1390.0,NON,centred
ASTRAL,7,0.0781500062215416,,,2025-05-27 15:15:00+05:30,2025-05-29 12:00:00+05:30,1.8272727272727396,unavailable,,,,3.4469,22.63,,,2.0,5.300000000000182,-4.2000000000000455,F2->F1,,,1522.9,1517.6,1504.2,1508.4,MOD,centred
ASTRAL,8,0.12239609046023504,,,2025-06-25 09:45:00+05:30,2025-06-26 12:00:00+05:30,8.645454545454538,unavailable,,,,-1.9439,-12.81,,,1.0,7.5,3.400000000000091,F1->F2,,,1517.0,1509.5,1510.4,1507.0,MOD,centred
ASTRAL,9,0.12582982582605207,,,2025-07-25 14:30:00+05:30,2025-07-31 12:00:00+05:30,7.018181818181843,unavailable,,,,5.0858,35.2,,,6.0,6.7000000000000455,-4.099999999999909,F2->F1,,,1444.7,1438.0,1413.7,1417.8,MOD,centred
ASTRAL,10,0.06807810038920806,,,2025-08-13 14:45:00+05:30,2025-08-28 12:00:00+05:30,0.654545454545438,unavailable,,,,2.1527,16.57,,,15.0,0.5,-7.0,F2->F1,,,1299.5,1299.0,1370.9,1377.9,MOD,centred
ASTRAL,11,0.038656239370976286,,,2025-09-29 09:30:00+05:30,2025-09-30 12:00:00+05:30,-2.5272727272727233,unavailable,,,,-0.3885,-2.81,,,1.0,0.10000000000013642,-5.0,F1->F2,,,1383.4,1383.3,1358.4,1363.4,NON,centred
ASTRAL,12,0.06258323626083193,,,2025-10-24 09:45:00+05:30,2025-10-28 12:00:00+05:30,0.009090909090921494,unavailable,,,,-0.3151,-2.16,,,4.0,-1.5,-7.0,F2->F1,,,1457.0,1458.5,1446.3,1453.3,MOD,centred
ASTRAL,14,0.1937047694908708,,,2025-12-26 14:30:00+05:30,2025-12-30 12:00:00+05:30,13.972727272727298,unavailable,,,,10.3166,73.87,,,4.0,19.0,3.2000000000000455,F2->F1,,,1396.6,1377.6,1356.2,1353.0,EXT,centred
ASTRAL,15,0.1641972302800338,,,2026-01-27 10:00:00+05:30,2026-01-27 12:00:00+05:30,10.800000000000017,unavailable,,,,-7.0409,-50.59,,,0.0,8.100000000000136,9.599999999999909,F2->F1,,,1391.7,1383.6,1387.6,1378.0,EXT,centred
ASTRAL,16,0.274719952592905,,,2026-02-20 14:45:00+05:30,2026-02-24 12:00:00+05:30,32.08181818181819,unavailable,,,,8.2752,50.55,,,4.0,30.799999999999955,16.0,F2->F1,,,1637.1,1606.3,1648.7,1632.7,EXT,centred
ASTRAL,17,0.5364083755238683,,,2026-03-24 10:45:00+05:30,2026-03-30 12:00:00+05:30,58.07272727272729,unavailable,,,,24.316,155.94,,,6.0,55.59999999999991,25.0,F2->F1,,,1559.3,1503.7,1623.0,1598.0,EXT,centred
ASTRAL,18,0.5515564029936946,,,2026-04-23 12:30:00+05:30,2026-04-28 12:00:00+05:30,57.47272727272719,unavailable,,,,43.9499,281.26,,,5.0,58.09999999999991,8.0,F2->F1,,,1562.6,1504.5,1545.5,1537.5,EXT,centred
ASTRAL,19,0.274444554647911,,,2026-04-30 13:30:00+05:30,2026-05-26 12:00:00+05:30,30.718181818181787,unavailable,,,,8.4506,55.12,,,26.0,29.799999999999955,15.199999999999818,F2->F1,,,1533.1,1503.3,1564.1,1548.9,EXT,centred
ASTRAL,21,0.5050944341208446,,,2026-07-24 14:15:00+05:30,2026-07-28 12:00:00+05:30,48.78181818181813,unavailable,,,,17.1353,116.96,,,4.0,49.40000000000009,26.5,F2->F1,,,1465.0,1415.6,1455.3,1428.8,EXT,centred
ASTRAL,22,0.25211216170859757,,,2026-07-30 12:30:00+05:30,2026-08-12 12:00:00+05:30,26.072727272727267,unavailable,,,,2.6598,18.39,,,26.0,28.299999999999955,19.90000000000009,unknown,,,1446.3,1418.0,1447.9,1428.0,EXT,centred
BDL,1,0.049527337306581404,,,2025-06-03 10:00:00+05:30,2025-06-26 12:00:00+05:30,-2.4909090909090783,unavailable,,,,6.5158,32.31,,,23.0,2.2999999999999545,-11.900000000000091,F1->F2,,,2016.7,2014.4,1820.6,1832.5,NON,centred
BDL,2,0.045855107612753486,,,2025-07-29 14:30:00+05:30,2025-07-31 12:00:00+05:30,-2.0818181818181696,unavailable,,,,0.9052,5.56,,,2.0,-0.40000000000009095,-7.7999999999999545,F1->F2,,,1627.8,1628.2,1615.5,1623.3,NON,centred
BDL,3,0.042238714865655856,,,2025-08-08 11:00:00+05:30,2025-08-28 12:00:00+05:30,-2.8181818181817975,unavailable,,,,6.1678,39.95,,,20.0,4.7000000000000455,-7.5,F2->F1,,,1543.8,1539.1,1470.9,1478.4,NON,centred
BDL,4,0.02051762379997413,,,2025-09-08 14:45:00+05:30,2025-09-30 12:00:00+05:30,-4.954545454545454,unavailable,,,,-0.711,-4.89,,,22.0,-2.7000000000000455,-7.900000000000091,F1->F2,,,1453.2,1455.9,1497.0,1504.9,NON,centred
BDL,5,0.03694163295534244,,,2025-10-24 13:15:00+05:30,2025-10-28 12:00:00+05:30,-3.0181818181818016,unavailable,,,,-1.4215,-9.29,,,4.0,-3.5,-8.199999999999818,F1->F2,,,1529.5,1533.0,1525.4,1533.6,NON,centred
BDL,6,0.017651067227287636,,,2025-11-12 13:45:00+05:30,2025-11-25 12:00:00+05:30,-6.727272727272748,unavailable,,,,-4.5557,-29.37,,,13.0,-8.0,-9.5,F1->F2,,,1551.4,1559.4,1467.7,1477.2,NON,centred
BDL,7,0.1099017085341602,,,2025-12-26 13:00:00+05:30,2025-12-30 12:00:00+05:30,5.445454545454553,unavailable,,,,9.5346,63.59,,,4.0,6.5,-8.900000000000091,F2->F1,,,1499.5,1493.0,1432.0,1440.9,MOD,centred
BDL,8,0.052660506173321235,,,2026-01-23 13:30:00+05:30,2026-01-27 12:00:00+05:30,-1.0727272727272272,unavailable,,,,-2.4239,-17.16,,,4.0,-1.699999999999818,-5.0,F2->F1,,,1412.4,1414.1,1446.2,1451.2,MOD,centred
BDL,9,0.32175716400305565,,,2026-02-23 14:00:00+05:30,2026-02-24 12:00:00+05:30,30.300000000000058,unavailable,,,,6.7057,52.77,,,1.0,29.09999999999991,17.399999999999864,F2->F1,,,1270.8,1241.7,1249.6,1232.2,EXT,centred
BDL,10,0.5134744730608559,,,2026-03-27 11:45:00+05:30,2026-03-30 12:00:00+05:30,40.672727272727236,unavailable,,,,18.9032,162.94,,,3.0,37.69999999999982,14.299999999999955,F2->F1,,,1160.1,1122.4,1114.3,1100.0,EXT,centred
BDL,11,0.24808950598238927,,,2026-04-24 12:30:00+05:30,2026-04-28 12:00:00+05:30,19.690909090909084,unavailable,,,,10.448,75.14,,,4.0,17.0,1.0,F2->F1,,,1390.5,1373.5,1394.5,1393.5,EXT,centred
BDL,12,0.1614862325633645,,,2026-05-25 14:30:00+05:30,2026-05-26 12:00:00+05:30,12.5090909090909,unavailable,,,,1.1963,9.02,,,1.0,14.099999999999909,7.600000000000136,F2->F1,,,1326.0,1311.9,1336.7,1329.1,EXT,centred
BDL,13,0.5279485329785931,,,2026-06-25 15:00:00+05:30,2026-06-29 12:00:00+05:30,48.25454545454543,unavailable,,,,7.1323,51.85,,,5.0,49.5,37.0,F2->F1,,,1375.5,1326.0,1351.6,1314.6,EXT,centred
BDL,15,0.2935738613441716,,,2026-07-30 12:15:00+05:30,2026-08-12 12:00:00+05:30,26.66363636363636,unavailable,,,,4.7802,39.33,,,26.0,26.40000000000009,16.59999999999991,unknown,,,1215.4,1189.0,1316.0,1299.4,EXT,centred
IREDA,2,1.1855170212107866,,,2025-03-26 13:45:00+05:30,2025-03-27 12:00:00+05:30,13.595454545454544,unavailable,,,,1.9567,118.73,,,1.0,13.340000000000003,10.75,F2->F1,,,164.8,151.46,163.91,153.16,EXT,centred
IREDA,3,0.8298363557516649,,,2025-04-23 13:00:00+05:30,2025-04-24 12:00:00+05:30,12.484545454545456,unavailable,,,,3.121,176.37,,,1.0,13.200000000000017,9.390000000000015,F2->F1,,,176.96,163.76,178.84,169.45,EXT,centred
IREDA,4,0.7188413127009259,,,2025-04-25 12:45:00+05:30,2025-05-29 12:00:00+05:30,8.074545454545449,unavailable,,,,3.6482,221.1,,,34.0,8.0,3.680000000000007,F2->F1,,,165.0,157.0,176.75,173.07,EXT,centred
IREDA,5,0.29572704594425736,,,2025-06-05 11:00:00+05:30,2025-06-26 12:00:00+05:30,3.792727272727275,unavailable,,,,4.4073,254.24,,,21.0,3.8700000000000045,-1.2199999999999989,F2->F1,,,173.35,169.48,169.32,170.54,EXT,centred
IREDA,6,0.2463411945549723,,,2025-07-30 14:15:00+05:30,2025-07-31 12:00:00+05:30,2.1163636363636367,unavailable,,,,-0.9278,-61.3,,,1.0,2.259999999999991,2.5900000000000034,F2->F1,,,151.37,149.11,149.98,147.39,EXT,centred
IREDA,7,0.22897903372841888,,,2025-08-26 14:15:00+05:30,2025-08-28 12:00:00+05:30,2.162727272727272,unavailable,,,,0.0377,2.61,,,2.0,1.9799999999999898,1.3699999999999761,F2->F1,,,144.41,142.43,143.42,142.05,EXT,centred
IREDA,8,0.23250525663345714,,,2025-09-29 13:15:00+05:30,2025-09-30 12:00:00+05:30,1.9454545454545487,unavailable,,,,1.2535,83.17,,,1.0,1.9099999999999966,0.060000000000002274,F2->F1,,,150.71,148.8,148.51,148.45,EXT,centred
IREDA,9,0.19548713815538143,,,2025-10-23 10:30:00+05:30,2025-10-28 12:00:00+05:30,1.5718181818181811,unavailable,,,,1.7161,110.5,,,5.0,1.6400000000000148,-0.6899999999999977,F2->F1,,,155.3,153.66,152.15,152.84,EXT,centred
IREDA,10,0.07636330780784026,,,2025-10-29 09:45:00+05:30,2025-11-25 12:00:00+05:30,0.20333333333333314,unavailable,,,,-0.0603,-3.94,,,27.0,-0.1599999999999966,-0.6899999999999977,F1->F2,,,152.81,152.97,141.9,142.59,MOD,centred
IREDA,11,0.26995298437959064,,,2025-12-29 14:00:00+05:30,2025-12-30 12:00:00+05:30,2.197272727272734,unavailable,,,,1.8617,133.83,,,1.0,2.170000000000016,-0.2400000000000091,F2->F1,,,139.11,136.94,136.0,136.24,EXT,centred
IREDA,12,0.48477526380396513,,,2026-01-22 14:30:00+05:30,2026-01-27 12:00:00+05:30,4.137272727272728,unavailable,,,,1.1195,86.29,,,5.0,4.339999999999989,2.710000000000008,F2->F1,,,129.73,125.39,129.05,126.34,EXT,centred
IREDA,13,0.3866466941730499,,,2026-02-20 14:45:00+05:30,2026-02-24 12:00:00+05:30,3.7836363636363655,unavailable,,,,0.1589,12.46,,,4.0,3.8100000000000023,3.1499999999999915,F2->F1,,,127.51,123.7,126.52,123.37,EXT,centred
IREDA,15,0.30983222012573547,,,2026-04-17 10:45:00+05:30,2026-04-28 12:00:00+05:30,2.5009090909090874,unavailable,,,,2.2678,169.24,,,11.0,2.5500000000000114,-0.2600000000000193,F2->F1,,,134.0,131.45,138.23,138.49,EXT,centred
IREDA,16,0.2899100197563352,,,2026-05-25 15:00:00+05:30,2026-05-26 12:00:00+05:30,2.8009090909090912,unavailable,,,,1.4254,109.66,,,1.0,3.1599999999999966,1.2199999999999989,F2->F1,,,129.98,126.82,129.52,128.3,EXT,centred
IREDA,18,0.5410881782950642,,,2026-07-24 14:30:00+05:30,2026-07-28 12:00:00+05:30,4.34545454545455,unavailable,,,,2.1451,177.96,,,4.0,4.430000000000007,1.8100000000000023,F2->F1,,,120.54,116.11,120.03,118.22,EXT,centred
VOLTAS,1,0.1481955381518258,,,2024-09-20 15:00:00+05:30,2024-10-31 12:00:00+05:30,12.43636363636361,unavailable,,,,8.5114,44.7,,,41.0,6.099999999999909,-9.5,F2->F1,,,1904.25,1898.15,1638.35,1647.85,MOD,centred
VOLTAS,2,0.13857174207732595,,,2024-11-21 10:45:00+05:30,2024-11-28 12:00:00+05:30,21.822727272727228,unavailable,,,,25.4272,152.44,,,7.0,18.049999999999955,-14.0,F2->F1,,,1668.05,1650.0,1645.4,1659.4,MOD,centred
VOLTAS,3,0.09095505918525275,,,2024-12-02 11:00:00+05:30,2025-01-30 12:00:00+05:30,3.6083333333333485,unavailable,,,,-8.6543,-51.05,,,59.0,-8.950000000000045,-6.2999999999999545,F2->F1,,,1695.3,1704.25,1299.25,1305.55,MOD,centred
VOLTAS,4,0.08085879916904987,,,2025-02-04 11:45:00+05:30,2025-02-27 12:00:00+05:30,1.9500000000000455,unavailable,,,,3.3681,24.32,,,23.0,0.8000000000001819,-7.9500000000000455,F2->F1,,,1384.65,1383.85,1302.75,1310.7,MOD,centred
VOLTAS,5,0.081820683915867,,,2025-03-26 11:00:00+05:30,2025-03-27 12:00:00+05:30,2.1090909090909133,unavailable,,,,-0.3033,-2.13,,,1.0,0.34999999999990905,-5.0499999999999545,F2->F1,,,1420.85,1420.5,1428.45,1433.5,MOD,centred
VOLTAS,6,0.0775346004600107,,,2025-04-01 14:15:00+05:30,2025-04-24 12:00:00+05:30,1.9363636363636323,unavailable,,,,4.5388,33.73,,,23.0,2.5,-7.2999999999999545,F2->F1,,,1345.5,1343.0,1282.7,1290.0,MOD,centred
VOLTAS,7,0.083865992778702,,,2025-05-26 11:45:00+05:30,2025-05-29 12:00:00+05:30,2.0563636363636473,unavailable,,,,-1.0318,-8.21,,,3.0,2.310000000000173,-1.7000000000000455,F1->F2,,,1256.4,1254.09,1264.8,1266.5,MOD,centred
VOLTAS,8,0.1565601850094008,,,2025-06-23 15:00:00+05:30,2025-06-26 12:00:00+05:30,11.67272727272728,unavailable,,,,12.9914,100.42,,,3.0,12.5,-5.7000000000000455,F2->F1,,,1293.7,1281.2,1314.0,1319.7,EXT,centred
VOLTAS,11,0.350233178521103,,,2025-09-29 14:15:00+05:30,2025-09-30 12:00:00+05:30,29.97272727272732,unavailable,,,,8.4557,61.25,,,1.0,30.299999999999955,16.40000000000009,F2->F1,,,1380.6,1350.3,1364.9,1348.5,EXT,centred
VOLTAS,13,0.34472626354961383,,,2025-11-20 09:30:00+05:30,2025-11-25 12:00:00+05:30,37.47272727272732,unavailable,,,,23.2423,166.08,,,5.0,36.40000000000009,7.7000000000000455,F2->F1,,,1399.5,1363.1,1351.4,1343.7,EXT,centred
VOLTAS,14,0.267172359936245,,,2025-12-29 14:30:00+05:30,2025-12-30 12:00:00+05:30,21.59090909090905,unavailable,,,,-2.0594,-14.87,,,1.0,23.200000000000045,19.799999999999955,F2->F1,,,1385.2,1362.0,1366.0,1346.2,EXT,centred
VOLTAS,15,0.2399452560134378,,,2026-01-22 11:00:00+05:30,2026-01-27 12:00:00+05:30,17.490909090909078,unavailable,,,,18.3051,141.78,,,5.0,18.699999999999818,-4.7999999999999545,F2->F1,,,1291.1,1272.4,1313.3,1318.1,EXT,centred
VOLTAS,17,0.32554213117089464,,,2026-03-24 13:00:00+05:30,2026-03-30 12:00:00+05:30,26.527272727272702,unavailable,,,,11.49,88.83,,,6.0,27.799999999999955,11.200000000000045,F2->F1,,,1293.5,1265.7,1281.0,1269.8,EXT,centred
VOLTAS,18,0.27643960070618684,,,2026-04-17 12:00:00+05:30,2026-04-28 12:00:00+05:30,23.136363636363594,unavailable,,,,-0.7237,-5.08,,,11.0,25.600000000000136,20.5,F2->F1,,,1424.9,1399.3,1510.0,1489.5,EXT,centred
VOLTAS,19,0.2525992140592423,,,2026-05-25 12:30:00+05:30,2026-05-26 12:00:00+05:30,23.32727272727274,unavailable,,,,-1.2926,-10.03,,,1.0,23.09999999999991,19.300000000000182,F1->F2,,,1289.1,1266.0,1278.4,1259.1,EXT,centred
SBICARD,3,0.2946978766705694,,800.0,2025-01-28 10:45:00+05:30,2025-01-30 12:00:00+05:30,13.354545454545473,ok,-320.36,,,-0.4004,-5.28,,-12801.8,2.0,8.549999999999955,5.899999999999977,F2->F1,760.0,750.0,757.9,749.35,774.55,768.65,EXT,trailing
SBICARD,4,0.1767941914225961,,800.0,2025-02-21 12:00:00+05:30,2025-02-27 12:00:00+05:30,7.286363636363634,ok,4107.52,,,5.1344,61.88,,-19654.2,6.0,5.149999999999977,-3.3500000000000227,F2->F1,830.0,,829.8,824.65,853.9,857.25,EXT,trailing
SBICARD,5,0.10055861186007094,,800.0,2025-03-13 10:15:00+05:30,2025-03-27 12:00:00+05:30,2.4409090909091034,ok,4663.4,,,5.8293,69.54,,,14.0,2.199999999999932,-7.050000000000068,F2->F1,870.0,850.0,838.3,836.1,869.65,876.7,MOD,trailing
SBICARD,6,0.06383206031931307,,800.0,2025-04-08 09:30:00+05:30,2025-04-24 12:00:00+05:30,0.10454545454546281,ok,166.52,,,0.2082,2.46,,,16.0,-2.3500000000000227,-6.100000000000023,F1->F2,845.0,,845.3,847.65,921.4,927.5,MOD,trailing
SBICARD,7,0.07140216316084659,,800.0,2025-04-29 10:30:00+05:30,2025-05-29 12:00:00+05:30,0.5863636363636094,ok,2.8,,23635.76,0.0035,0.04,,-25145.6,30.0,-0.900000000000091,-4.5,F1->F2,880.0,900.0,882.3,883.2,913.25,917.75,MOD,trailing
SBICARD,9,0.14964677685868943,,800.0,2025-07-28 12:00:00+05:30,2025-07-31 12:00:00+05:30,5.668181818181799,ok,2360.6,,,2.9508,34.94,,29316.4,3.0,5.5,-0.75,F2->F1,840.0,840.0,844.45,838.95,807.55,808.3,MOD,trailing
SBICARD,11,0.2738618536097499,,800.0,2025-09-29 14:45:00+05:30,2025-09-30 12:00:00+05:30,14.009090909090931,ok,-2882.52,526.59,7264.49,-3.6031,-41.62,6278.59,-5752.0,1.0,12.75,12.899999999999977,F2->F1,870.0,850.0,865.75,853.0,873.65,860.75,EXT,trailing
SBICARD,12,0.38580086980768713,,800.0,2025-10-23 12:00:00+05:30,2025-10-28 12:00:00+05:30,23.463636363636354,ok,8843.68,,,11.0546,117.38,,37563.4,5.0,21.0,6.300000000000068,F2->F1,940.0,920.0,941.75,920.75,894.6,888.3,EXT,trailing
SBICARD,13,0.2575212985955071,,800.0,2025-10-30 09:30:00+05:30,2025-11-25 12:00:00+05:30,16.50000000000002,ok,9779.08,,,12.2239,136.56,,14491.8,26.0,15.75,0.0,F2->F1,900.0,900.0,895.1,879.35,875.85,875.85,EXT,trailing
SBICARD,14,0.4139412292845398,,800.0,2025-12-26 14:15:00+05:30,2025-12-30 12:00:00+05:30,23.23636363636365,ok,17444.4,20087.28,-25317.72,21.8055,250.58,-6053.52,26140.8,4.0,23.350000000000023,-1.8500000000000227,F2->F1,870.0,850.0,870.2,846.85,837.8,839.65,EXT,trailing
SBICARD,15,0.2899838037003702,,800.0,2026-01-21 12:15:00+05:30,2026-01-27 12:00:00+05:30,13.84090909090906,ok,9364.92,11466.6,-23351.6,11.7062,145.58,-15215.0,26681.6,6.0,11.25,-3.6000000000000227,F2->F1,800.0,800.0,804.1,792.85,771.65,775.25,EXT,trailing
SBICARD,16,0.39984773264106105,,800.0,2026-02-20 15:00:00+05:30,2026-02-24 12:00:00+05:30,24.58181818181819,ok,7416.52,,,9.2707,117.49,,19440.0,4.0,19.649999999999977,7.300000000000068,F2->F1,790.0,770.0,789.05,769.4,764.1,756.8,EXT,trailing
SBICARD,17,0.8056002170390283,,800.0,2026-03-24 12:00:00+05:30,2026-03-30 12:00:00+05:30,37.7863636363636,ok,22271.16,23007.54,-2774.46,27.839,412.61,6372.74,16634.8,6.0,37.450000000000045,7.0,F2->F1,670.0,640.0,674.7,637.25,653.05,646.05,EXT,trailing
SBICARD,18,0.5197359423330216,,800.0,2026-04-17 13:00:00+05:30,2026-04-28 12:00:00+05:30,23.90454545454545,ok,15623.6,17654.42,-28716.89,19.5295,281.51,-14183.38,31837.8,11.0,22.850000000000023,0.6499999999999773,F2->F1,690.0,670.0,693.75,670.9,653.25,652.6,EXT,trailing
SBICARD,19,0.25873821826446775,,800.0,2026-05-26 10:30:00+05:30,2026-05-26 12:00:00+05:30,11.804545454545467,ok,2950.4,1784.6,-5699.2,3.688,57.99,-2748.0,4532.6,0.0,9.450000000000045,3.25,F2->F1,640.0,620.0,635.95,626.5,626.4,623.15,EXT,trailing
SBICARD,20,0.2774628536024759,,800.0,2026-06-02 10:00:00+05:30,2026-06-10 12:00:00+05:30,9.695454545454554,unavailable,758.0,,,0.9475,15.96,,,28.0,8.450000000000045,5.149999999999977,unknown,,,593.5,585.05,589.55,584.4,EXT,trailing
RVNL,1,0.10314990387109378,,1525.0,2025-06-02 09:45:00+05:30,2025-06-26 12:00:00+05:30,1.6000000000000227,ok,-5957.56,,,-3.9066,-96.96,,9017.33,24.0,-1.4500000000000455,0.8500000000000227,F2->F1,400.0,,402.9,404.35,400.1,399.25,MOD,trailing
RVNL,2,0.19871043204361777,,1525.0,2025-07-28 11:00:00+05:30,2025-07-31 12:00:00+05:30,3.809090909090912,ok,2402.18,5881.16,-18780.37,1.5752,43.32,-15681.19,21562.36,3.0,3.3000000000000114,0.30000000000001137,F2->F1,360.0,360.0,363.6,360.3,350.6,350.3,EXT,trailing
RVNL,7,0.6252739144859103,,1525.0,2025-12-29 14:45:00+05:30,2025-12-30 12:00:00+05:30,15.695454545454549,ok,6578.62,8753.5,-4260.47,4.3139,117.14,-330.54,9084.04,1.0,15.300000000000011,9.550000000000011,F2->F1,370.0,355.0,368.25,352.95,362.25,352.7,EXT,trailing
RVNL,8,0.8240485306341842,,1525.0,2026-01-23 15:15:00+05:30,2026-01-27 12:00:00+05:30,18.590909090909086,ok,2946.3,4607.03,2835.74,1.932,59.42,3796.49,810.54,4.0,16.5,13.300000000000011,F2->F1,325.0,310.0,325.15,308.65,323.75,310.45,EXT,trailing
RVNL,9,1.1822746227780374,,1525.0,2026-02-23 15:00:00+05:30,2026-02-24 12:00:00+05:30,31.122727272727275,ok,3721.99,,,2.4407,76.61,,5170.13,1.0,31.450000000000045,27.80000000000001,F2->F1,320.0,285.0,318.6,287.15,315.7,287.9,EXT,trailing
RVNL,10,1.4653939647131473,,1525.0,2026-03-27 15:00:00+05:30,2026-03-30 12:00:00+05:30,28.09545454545454,ok,15097.65,15723.51,-7033.3,9.9001,373.73,3405.71,12317.81,3.0,26.399999999999977,15.5,F2->F1,265.0,240.0,264.9,238.5,256.0,240.5,EXT,trailing
RVNL,11,1.0760643010126842,,1525.0,2026-04-24 14:30:00+05:30,2026-04-28 12:00:00+05:30,22.635454545454536,ok,24919.81,,,16.3409,535.61,,-1671.17,4.0,20.579999999999984,3.0400000000000205,F2->F1,305.0,,305.09,284.51,306.29,303.25,EXT,trailing
RVNL,12,0.5117342979283234,,1525.0,2026-05-18 09:45:00+05:30,2026-05-26 12:00:00+05:30,11.57727272727273,ok,7919.86,,,5.1934,190.37,,15496.29,8.0,11.300000000000011,5.050000000000011,F2->F1,275.0,260.0,272.8,261.5,263.7,258.65,EXT,trailing
RVNL,13,0.24392231916901022,,1525.0,2026-05-27 10:15:00+05:30,2026-06-10 12:00:00+05:30,3.9000000000000057,unavailable,3366.35,,,2.2074,86.45,,,34.0,3.1500000000000057,-0.030000000000001137,unknown,,,255.35,252.2,232.49,232.52,EXT,trailing
KPITTECH,1,0.17520398851150049,,,2024-12-03 11:30:00+05:30,2025-01-30 12:00:00+05:30,12.154545454545458,unavailable,,,,-6.0972,-42.29,,,58.0,-6.100000000000136,-5.800000000000182,F2->F1,,,1441.8,1447.9,1450.85,1456.65,EXT,trailing
KPITTECH,2,0.13009177127273888,,,2025-02-24 09:30:00+05:30,2025-02-27 12:00:00+05:30,6.7354545454544965,unavailable,,,,2.6135,20.51,,,3.0,3.7100000000000364,-3.9600000000000364,F2->F1,,,1274.05,1270.34,1254.09,1258.05,MOD,trailing
KPITTECH,3,0.21156756778845612,,,2025-03-07 15:00:00+05:30,2025-03-27 12:00:00+05:30,14.807272727272778,unavailable,,,,-2.8365,-21.88,,,20.0,11.700000000000045,9.299999999999955,F2->F1,,,1296.45,1284.75,1332.3,1323.0,EXT,trailing
KPITTECH,4,0.16924465396147453,,,2025-04-03 12:30:00+05:30,2025-04-24 12:00:00+05:30,12.390909090909107,unavailable,,,,10.2965,85.52,,,21.0,10.450000000000045,-4.7000000000000455,F2->F1,,,1203.95,1193.5,1225.7,1230.4,EXT,trailing
KPITTECH,5,0.13449897418581272,,,2025-04-30 13:15:00+05:30,2025-05-29 12:00:00+05:30,6.9336363636363,unavailable,,,,5.4008,43.24,,,29.0,5.5,-5.099999999999909,F2->F1,,,1248.9,1243.4,1350.9,1356.0,MOD,trailing
KPITTECH,6,0.12115445830318711,,,2025-06-23 11:15:00+05:30,2025-06-26 12:00:00+05:30,7.890909090909066,unavailable,,,,8.8302,62.49,,,3.0,6.0,-8.200000000000045,F2->F1,,,1413.0,1407.0,1270.8,1279.0,MOD,trailing
KPITTECH,8,0.15441767420251462,,,2025-08-25 14:30:00+05:30,2025-08-28 12:00:00+05:30,10.109090909090913,unavailable,,,,0.3822,3.16,,,3.0,5.400000000000091,0.20000000000004547,F2->F1,,,1209.7,1204.3,1202.0,1201.8,EXT,trailing
KPITTECH,9,0.11214413282691825,,,2025-09-29 15:15:00+05:30,2025-09-30 12:00:00+05:30,4.618181818181835,unavailable,,,,-0.2482,-2.04,,,1.0,3.599999999999909,-1.0,F2->F1,,,1214.0,1210.4,1211.4,1212.4,MOD,trailing
KPITTECH,10,0.17422541051857443,,,2025-10-24 13:45:00+05:30,2025-10-28 12:00:00+05:30,9.981818181818177,unavailable,,,,5.7853,49.57,,,4.0,6.5,-4.0,F2->F1,,,1167.1,1160.6,1191.5,1195.5,EXT,trailing
KPITTECH,11,0.10612071598464777,,,2025-11-07 12:00:00+05:30,2025-11-25 12:00:00+05:30,4.782727272727326,unavailable,,,,2.3352,20.32,,,18.0,3.900000000000091,-3.099999999999909,F2->F1,,,1149.4,1145.5,1183.4,1186.5,MOD,trailing
KPITTECH,12,0.061507772899135844,,,2025-12-01 11:30:00+05:30,2025-12-30 12:00:00+05:30,-0.09272727272727108,unavailable,,,,-1.1579,-9.23,,,29.0,-2.2999999999999545,-6.0,F1->F2,,,1254.3,1256.6,1170.5,1176.5,MOD,trailing
KPITTECH,13,0.16041960144976697,,,2026-01-20 12:30:00+05:30,2026-01-27 12:00:00+05:30,8.527272727272724,unavailable,,,,6.1222,53.97,,,7.0,4.7000000000000455,-5.900000000000091,F2->F1,,,1134.3,1129.6,1104.0,1109.9,EXT,trailing
KPITTECH,14,0.15029639249337484,,,2026-02-02 13:15:00+05:30,2026-02-24 12:00:00+05:30,8.063636363636368,unavailable,,,,8.0616,81.11,,,22.0,7.0,-4.600000000000023,F2->F1,,,993.9,986.9,776.5,781.1,EXT,trailing
KPITTECH,15,0.05410531578309497,,,2026-03-20 10:30:00+05:30,2026-03-30 12:00:00+05:30,-0.4409090909090723,unavailable,,,,-0.6421,-9.57,,,10.0,-1.7999999999999545,-3.800000000000068,F1->F2,,,671.2,673.0,647.05,650.85,MOD,trailing
KPITTECH,16,0.03218023436750319,,,2026-04-06 12:30:00+05:30,2026-04-28 12:00:00+05:30,-1.6272727272727252,unavailable,,,,-4.8829,-69.53,,,22.0,-4.149999999999977,-2.150000000000091,F2->F1,,,702.25,706.4,736.05,738.2,NON,trailing
KPITTECH,17,0.31372626682203286,,,2026-05-20 12:00:00+05:30,2026-05-26 12:00:00+05:30,17.381818181818186,unavailable,,,,6.3978,85.84,,,6.0,16.350000000000023,6.949999999999932,F2->F1,,,745.35,729.0,767.4,760.45,EXT,trailing
KPITTECH,18,0.28312142697478515,,,2026-06-05 13:00:00+05:30,2026-06-10 12:00:00+05:30,12.922727272727291,unavailable,,,,0.4386,5.71,,,25.0,11.149999999999977,7.699999999999932,unknown,,,768.0,756.85,747.15,739.45,EXT,trailing
ASTRAL,1,0.04317019652732937,,,2024-10-29 10:00:00+05:30,2024-10-31 12:00:00+05:30,-2.6818181818182025,unavailable,,,,-1.5582,-8.71,,,2.0,-3.9500000000000455,-9.5,F1->F2,,,1789.0,1792.95,1758.4,1767.9,NON,trailing
ASTRAL,2,0.087508816863623,,,2024-11-19 12:15:00+05:30,2024-11-28 12:00:00+05:30,7.559090909090835,unavailable,,,,-9.0488,-51.71,,,9.0,-19.299999999999955,-17.40000000000009,F2->F1,,,1749.95,1769.25,1806.1,1823.5,MOD,trailing
ASTRAL,3,0.1573726027492625,,,2024-12-02 14:45:00+05:30,2025-01-30 12:00:00+05:30,13.33181818181821,unavailable,,,,16.0122,87.09,,,59.0,13.650000000000091,-9.0,F1->F2,,,1838.65,1825.0,1482.6,1491.6,EXT,trailing
ASTRAL,4,0.023496762019206,,,2025-02-17 11:45:00+05:30,2025-02-27 12:00:00+05:30,-4.400000000000008,unavailable,,,,-6.8681,-51.22,,,10.0,-9.0,-7.599999999999909,F2->F1,,,1341.0,1350.0,1384.75,1392.35,NON,trailing
ASTRAL,5,0.009425638411839927,,,2025-02-28 10:15:00+05:30,2025-03-27 12:00:00+05:30,-6.099999999999909,unavailable,,,,-4.6742,-34.07,,,27.0,-8.900000000000091,-9.539999999999964,F1->F2,,,1372.1,1381.0,1275.8,1285.34,NON,trailing
ASTRAL,6,0.019734307422863126,,,2025-04-21 13:00:00+05:30,2025-04-24 12:00:00+05:30,-5.4545454545454755,unavailable,,,,-3.454,-25.81,,,3.0,-6.7999999999999545,-8.799999999999955,F1->F2,,,1338.0,1344.8,1381.2,1390.0,NON,trailing
ASTRAL,7,0.0781500062215416,,,2025-05-28 10:15:00+05:30,2025-05-29 12:00:00+05:30,1.8272727272727396,unavailable,,,,-3.4544,-22.72,,,1.0,-1.6000000000001364,-4.2000000000000455,F2->F1,,,1520.1,1521.7,1504.2,1508.4,MOD,trailing
ASTRAL,8,0.12239609046023504,,,2025-06-25 11:00:00+05:30,2025-06-26 12:00:00+05:30,8.645454545454538,unavailable,,,,-3.1371,-20.73,,,1.0,6.2999999999999545,3.400000000000091,F1->F2,,,1513.0,1506.7,1510.4,1507.0,MOD,trailing
ASTRAL,9,0.12582982582605207,,,2025-07-28 09:30:00+05:30,2025-07-31 12:00:00+05:30,7.018181818181843,unavailable,,,,4.2924,29.79,,,3.0,5.900000000000091,-4.099999999999909,F2->F1,,,1441.0,1435.1,1413.7,1417.8,MOD,trailing
ASTRAL,10,0.06807810038920806,,,2025-08-14 09:45:00+05:30,2025-08-28 12:00:00+05:30,0.654545454545438,unavailable,,,,0.7737,6.01,,,14.0,-0.900000000000091,-7.0,F1->F2,,,1288.3,1289.2,1370.9,1377.9,MOD,trailing
ASTRAL,11,0.038656239370976286,,,2025-09-29 10:45:00+05:30,2025-09-30 12:00:00+05:30,-2.5272727272727233,unavailable,,,,-4.293,-31.03,,,1.0,-3.7999999999999545,-5.0,F1->F2,,,1383.7,1387.5,1358.4,1363.4,NON,trailing
ASTRAL,12,0.06258323626083193,,,2025-10-24 11:00:00+05:30,2025-10-28 12:00:00+05:30,0.009090909090921494,unavailable,,,,-1.5113,-10.39,,,4.0,-2.7000000000000455,-7.0,F2->F1,,,1454.5,1457.2,1446.3,1453.3,MOD,trailing
ASTRAL,14,0.1937047694908708,,,2025-12-29 09:30:00+05:30,2025-12-30 12:00:00+05:30,13.972727272727298,unavailable,,,,-3.3759,-24.36,,,1.0,5.2999999999999545,3.2000000000000455,F1->F2,,,1386.0,1380.7,1356.2,1353.0,EXT,trailing
ASTRAL,15,0.1641972302800338,,,2026-01-27 11:15:00+05:30,2026-01-27 12:00:00+05:30,10.800000000000017,unavailable,,,,-6.4345,-46.33,,,0.0,8.700000000000045,9.599999999999909,F2->F1,,,1388.8,1380.1,1387.6,1378.0,EXT,trailing
ASTRAL,16,0.274719952592905,,,2026-02-23 09:45:00+05:30,2026-02-24 12:00:00+05:30,32.08181818181819,unavailable,,,,7.1703,43.75,,,1.0,29.700000000000045,16.0,F2->F1,,,1639.0,1609.3,1648.7,1632.7,EXT,trailing
ASTRAL,17,0.5364083755238683,,,2026-03-24 12:00:00+05:30,2026-03-30 12:00:00+05:30,58.07272727272729,unavailable,,,,25.0872,159.37,,,6.0,56.399999999999864,25.0,F2->F1,,,1574.1,1517.7,1623.0,1598.0,EXT,trailing
ASTRAL,18,0.5515564029936946,,,2026-04-23 13:45:00+05:30,2026-04-28 12:00:00+05:30,57.47272727272719,unavailable,,,,38.1263,242.61,,,5.0,52.299999999999955,8.0,F2->F1,,,1571.5,1519.2,1545.5,1537.5,EXT,trailing
ASTRAL,19,0.274444554647911,,,2026-04-29 10:45:00+05:30,2026-05-26 12:00:00+05:30,34.0,unavailable,,,,7.58,48.34,,,27.0,29.0,15.199999999999818,F2->F1,,,1568.0,1539.0,1564.1,1548.9,EXT,trailing
ASTRAL,21,0.5050944341208446,,,2026-07-27 09:15:00+05:30,2026-07-28 12:00:00+05:30,48.78181818181813,unavailable,,,,9.7067,65.78,,,1.0,42.0,26.5,F2->F1,,,1475.6,1433.6,1455.3,1428.8,EXT,trailing
ASTRAL,22,0.25211216170859757,,,2026-07-30 13:45:00+05:30,2026-08-12 12:00:00+05:30,26.072727272727267,unavailable,,,,-0.6369,-4.41,,,26.0,25.0,19.90000000000009,unknown,,,1443.0,1418.0,1447.9,1428.0,EXT,trailing
BDL,1,0.049527337306581404,,,2025-06-02 11:00:00+05:30,2025-06-26 12:00:00+05:30,0.40000000000009095,unavailable,,,,-5.7511,-28.84,,,24.0,-10.0,-11.900000000000091,F1->F2,,,1994.0,2004.0,1820.6,1832.5,NON,trailing
BDL,2,0.045855107612753486,,,2025-07-30 09:30:00+05:30,2025-07-31 12:00:00+05:30,-2.0818181818181696,unavailable,,,,-5.7198,-34.94,,,1.0,-7.0,-7.7999999999999545,F2->F1,,,1637.0,1644.0,1615.5,1623.3,NON,trailing
BDL,3,0.042238714865655856,,,2025-08-08 12:15:00+05:30,2025-08-28 12:00:00+05:30,-2.8181818181817975,unavailable,,,,-4.6082,-30.19,,,20.0,-6.099999999999909,-7.5,F1->F2,,,1526.4,1532.5,1470.9,1478.4,NON,trailing
BDL,4,0.02051762379997413,,,2025-09-09 09:45:00+05:30,2025-09-30 12:00:00+05:30,-4.954545454545454,unavailable,,,,-8.3156,-57.28,,,21.0,-10.299999999999955,-7.900000000000091,F2->F1,,,1451.7,1462.0,1497.0,1504.9,NON,trailing
BDL,5,0.03694163295534244,,,2025-10-24 14:30:00+05:30,2025-10-28 12:00:00+05:30,-3.0181818181818016,unavailable,,,,-2.7346,-17.81,,,4.0,-4.7999999999999545,-8.199999999999818,F2->F1,,,1535.4,1540.2,1525.4,1533.6,NON,trailing
BDL,6,0.017651067227287636,,,2025-10-29 10:30:00+05:30,2025-11-25 12:00:00+05:30,-6.620000000000028,unavailable,,,,-8.1103,-53.12,,,27.0,-11.599999999999909,-9.5,F2->F1,,,1526.9,1538.5,1467.7,1477.2,NON,trailing
BDL,7,0.1099017085341602,,,2025-12-26 14:15:00+05:30,2025-12-30 12:00:00+05:30,5.445454545454553,unavailable,,,,5.6595,38.11,,,4.0,2.599999999999909,-8.900000000000091,F2->F1,,,1485.1,1482.5,1432.0,1440.9,MOD,trailing
BDL,8,0.052660506173321235,,,2026-01-23 14:45:00+05:30,2026-01-27 12:00:00+05:30,-1.0727272727272272,unavailable,,,,-4.2295,-29.91,,,4.0,-3.5,-5.0,F2->F1,,,1414.3,1417.8,1446.2,1451.2,MOD,trailing
BDL,9,0.32175716400305565,,,2026-02-23 15:15:00+05:30,2026-02-24 12:00:00+05:30,30.300000000000058,unavailable,,,,3.5051,27.61,,,1.0,25.90000000000009,17.399999999999864,F2->F1,,,1269.5,1243.6,1249.6,1232.2,EXT,trailing
BDL,10,0.5134744730608559,,,2026-03-27 13:00:00+05:30,2026-03-30 12:00:00+05:30,40.672727272727236,unavailable,,,,20.9108,180.69,,,3.0,39.700000000000045,14.299999999999955,F2->F1,,,1157.3,1117.6,1114.3,1100.0,EXT,trailing
BDL,11,0.24808950598238927,,,2026-04-24 13:45:00+05:30,2026-04-28 12:00:00+05:30,19.690909090909084,unavailable,,,,9.8456,70.76,,,4.0,16.40000000000009,1.0,F2->F1,,,1391.4,1375.0,1394.5,1393.5,EXT,trailing
BDL,12,0.1614862325633645,,,2026-05-26 09:30:00+05:30,2026-05-26 12:00:00+05:30,12.5090909090909,unavailable,,,,-4.918,-36.97,,,0.0,8.0,7.600000000000136,F1->F2,,,1330.1,1322.1,1336.7,1329.1,EXT,trailing
BDL,13,0.5279485329785931,,,2026-06-29 10:00:00+05:30,2026-06-29 12:00:00+05:30,48.25454545454543,unavailable,,,,1.9447,14.23,,,1.0,44.299999999999955,37.0,F2->F1,,,1366.7,1322.4,1351.6,1314.6,EXT,trailing
BDL,15,0.2935738613441716,,,2026-07-30 13:30:00+05:30,2026-08-12 12:00:00+05:30,26.66363636363636,unavailable,,,,2.8829,23.76,,,26.0,24.5,16.59999999999991,unknown,,,1213.1,1188.6,1316.0,1299.4,EXT,trailing
IREDA,2,1.1855170212107866,,,2025-03-26 15:00:00+05:30,2025-03-27 12:00:00+05:30,13.595454545454544,unavailable,,,,1.7402,106.8,,,1.0,13.120000000000005,10.75,F2->F1,,,162.94,149.82,163.91,153.16,EXT,trailing
IREDA,3,0.8298363557516649,,,2025-04-23 14:15:00+05:30,2025-04-24 12:00:00+05:30,12.484545454545456,unavailable,,,,1.5683,88.33,,,1.0,11.650000000000006,9.390000000000015,F2->F1,,,177.54,165.89,178.84,169.45,EXT,trailing
IREDA,4,0.7188413127009259,,,2025-04-25 14:00:00+05:30,2025-05-29 12:00:00+05:30,8.074545454545449,unavailable,,,,3.8679,234.03,,,34.0,8.219999999999999,3.680000000000007,F2->F1,,,165.27,157.05,176.75,173.07,EXT,trailing
IREDA,5,0.29572704594425736,,,2025-06-05 12:15:00+05:30,2025-06-26 12:00:00+05:30,3.792727272727275,unavailable,,,,4.2811,249.79,,,21.0,3.7399999999999807,-1.2199999999999989,F2->F1,,,171.39,167.65,169.32,170.54,EXT,trailing
IREDA,6,0.2463411945549723,,,2025-07-31 09:15:00+05:30,2025-07-31 12:00:00+05:30,2.1163636363636367,unavailable,,,,-1.6852,-112.6,,,0.0,1.5,2.5900000000000034,F2->F1,,,149.66,148.16,149.98,147.39,EXT,trailing
IREDA,7,0.22897903372841888,,,2025-08-28 09:15:00+05:30,2025-08-28 12:00:00+05:30,2.162727272727272,unavailable,,,,-0.2581,-18.16,,,0.0,1.6800000000000068,1.3699999999999761,F2->F1,,,142.15,140.47,143.42,142.05,EXT,trailing
IREDA,8,0.23250525663345714,,,2025-09-29 14:30:00+05:30,2025-09-30 12:00:00+05:30,1.9454545454545487,unavailable,,,,0.9647,64.31,,,1.0,1.6200000000000045,0.060000000000002274,F2->F1,,,150.0,148.38,148.51,148.45,EXT,trailing
IREDA,9,0.19548713815538143,,,2025-10-23 11:45:00+05:30,2025-10-28 12:00:00+05:30,1.5718181818181811,unavailable,,,,1.5567,100.51,,,5.0,1.4799999999999898,-0.6899999999999977,F2->F1,,,154.88,153.4,152.15,152.84,EXT,trailing
IREDA,10,0.07636330780784026,,,2025-10-29 11:00:00+05:30,2025-11-25 12:00:00+05:30,0.9099999999999966,unavailable,,,,0.1758,11.35,,,27.0,0.0800000000000125,-0.6899999999999977,F1->F2,,,154.9,154.82,141.9,142.59,MOD,trailing
IREDA,11,0.26995298437959064,,,2025-12-29 15:15:00+05:30,2025-12-30 12:00:00+05:30,2.197272727272734,unavailable,,,,1.3222,95.41,,,1.0,1.6300000000000239,-0.2400000000000091,F2->F1,,,138.58,136.95,136.0,136.24,EXT,trailing
IREDA,12,0.48477526380396513,,,2026-01-23 09:30:00+05:30,2026-01-27 12:00:00+05:30,4.137272727272728,unavailable,,,,-0.6822,-52.6,,,4.0,2.539999999999992,2.710000000000008,F2->F1,,,129.7,127.16,129.05,126.34,EXT,trailing
IREDA,13,0.3866466941730499,,,2026-02-23 09:45:00+05:30,2026-02-24 12:00:00+05:30,3.7836363636363655,unavailable,,,,-0.2388,-18.93,,,1.0,3.4099999999999966,3.1499999999999915,F2->F1,,,126.16,122.75,126.52,123.37,EXT,trailing
IREDA,15,0.30983222012573547,,,2026-04-17 12:00:00+05:30,2026-04-28 12:00:00+05:30,2.5009090909090874,unavailable,,,,1.8489,138.77,,,11.0,2.1299999999999955,-0.2600000000000193,F2->F1,,,133.24,131.11,138.23,138.49,EXT,trailing
IREDA,16,0.2899100197563352,,,2026-05-26 10:00:00+05:30,2026-05-26 12:00:00+05:30,2.8009090909090912,unavailable,,,,0.3346,25.78,,,0.0,2.0700000000000074,1.2199999999999989,F2->F1,,,129.81,127.74,129.52,128.3,EXT,trailing
IREDA,18,0.5410881782950642,,,2026-07-27 09:30:00+05:30,2026-07-28 12:00:00+05:30,4.34545454545455,unavailable,,,,1.3932,115.01,,,1.0,3.6799999999999926,1.8100000000000023,F2->F1,,,121.13,117.45,120.03,118.22,EXT,trailing
VOLTAS,1,0.1481955381518258,,,2024-09-23 10:00:00+05:30,2024-10-31 12:00:00+05:30,12.43636363636361,unavailable,,,,10.3439,54.76,,,38.0,7.900000000000091,-9.5,F2->F1,,,1888.9,1881.0,1638.35,1647.85,MOD,trailing
VOLTAS,2,0.13857174207732595,,,2024-11-21 12:00:00+05:30,2024-11-28 12:00:00+05:30,21.822727272727228,unavailable,,,,28.2244,168.92,,,7.0,20.84999999999991,-14.0,F2->F1,,,1670.85,1650.0,1645.4,1659.4,MOD,trailing
VOLTAS,3,0.09095505918525275,,,2024-12-02 12:15:00+05:30,2025-01-30 12:00:00+05:30,3.6083333333333485,unavailable,,,,-8.135,-47.55,,,59.0,-8.399999999999864,-6.2999999999999545,F2->F1,,,1710.9,1719.3,1299.25,1305.55,MOD,trailing
VOLTAS,4,0.08085879916904987,,,2025-02-04 13:00:00+05:30,2025-02-27 12:00:00+05:30,1.9500000000000455,unavailable,,,,2.9885,21.75,,,23.0,0.40000000000009095,-7.9500000000000455,F2->F1,,,1374.25,1373.85,1302.75,1310.7,MOD,trailing
VOLTAS,5,0.081820683915867,,,2025-03-26 12:15:00+05:30,2025-03-27 12:00:00+05:30,2.1090909090909133,unavailable,,,,0.4814,3.37,,,1.0,1.150000000000091,-5.0499999999999545,F2->F1,,,1428.9,1427.75,1428.45,1433.5,MOD,trailing
VOLTAS,6,0.0775346004600107,,,2025-04-02 09:15:00+05:30,2025-04-24 12:00:00+05:30,1.9363636363636323,unavailable,,,,2.0125,15.1,,,22.0,-0.049999999999954525,-7.2999999999999545,F2->F1,,,1332.4,1332.45,1282.7,1290.0,MOD,trailing
VOLTAS,7,0.083865992778702,,,2025-05-26 13:00:00+05:30,2025-05-29 12:00:00+05:30,2.0563636363636473,unavailable,,,,-1.5375,-12.26,,,3.0,1.7999999999999545,-1.7000000000000455,F1->F2,,,1254.0,1252.2,1264.8,1266.5,MOD,trailing
VOLTAS,8,0.1565601850094008,,,2025-06-24 10:00:00+05:30,2025-06-26 12:00:00+05:30,11.67272727272728,unavailable,,,,9.4357,71.49,,,2.0,9.0,-5.7000000000000455,F2->F1,,,1319.8,1310.8,1314.0,1319.7,EXT,trailing
VOLTAS,11,0.350233178521103,,,2025-09-30 09:15:00+05:30,2025-09-30 12:00:00+05:30,29.97272727272732,unavailable,,,,2.0555,14.92,,,0.0,23.90000000000009,16.40000000000009,F2->F1,,,1377.5,1353.6,1364.9,1348.5,EXT,trailing
VOLTAS,12,0.4557272427340731,,,2025-10-23 12:15:00+05:30,2025-10-28 12:00:00+05:30,38.281818181818196,unavailable,,,,1.6635,11.53,,,5.0,36.299999999999955,29.0,F2->F1,,,1443.3,1407.0,1407.6,1378.6,EXT,trailing
VOLTAS,13,0.34472626354961383,,,2025-11-20 10:45:00+05:30,2025-11-25 12:00:00+05:30,37.47272727272732,unavailable,,,,21.9194,155.42,,,5.0,35.09999999999991,7.7000000000000455,F2->F1,,,1410.3,1375.2,1351.4,1343.7,EXT,trailing
VOLTAS,14,0.267172359936245,,,2025-12-30 09:30:00+05:30,2025-12-30 12:00:00+05:30,21.59090909090905,unavailable,,,,-7.6392,-55.67,,,0.0,17.59999999999991,19.799999999999955,F2->F1,,,1372.3,1354.7,1366.0,1346.2,EXT,trailing
VOLTAS,15,0.2399452560134378,,,2026-01-22 12:15:00+05:30,2026-01-27 12:00:00+05:30,17.490909090909078,unavailable,,,,15.604,120.93,,,5.0,16.0,-4.7999999999999545,F2->F1,,,1290.3,1274.3,1313.3,1318.1,EXT,trailing
VOLTAS,17,0.32554213117089464,,,2026-03-24 14:15:00+05:30,2026-03-30 12:00:00+05:30,26.527272727272702,unavailable,,,,9.077,69.89,,,6.0,25.399999999999864,11.200000000000045,F2->F1,,,1298.8,1273.4,1281.0,1269.8,EXT,trailing
VOLTAS,18,0.27643960070618684,,,2026-04-17 13:15:00+05:30,2026-04-28 12:00:00+05:30,23.136363636363594,unavailable,,,,-3.3225,-23.35,,,11.0,23.0,20.5,F2->F1,,,1423.0,1400.0,1510.0,1489.5,EXT,trailing
VOLTAS,19,0.2525992140592423,,,2026-05-25 13:45:00+05:30,2026-05-26 12:00:00+05:30,23.32727272727274,unavailable,,,,-4.3969,-34.09,,,1.0,20.0,19.300000000000182,F1->F2,,,1289.7,1269.7,1278.4,1259.1,EXT,trailing
