ticker,cid,peak_b12,skip_reason,lot,entry_ts,exit_ts,peak_spread,opt_status,S1,S2,S3,S1_per_share,S1_bps,SLF2,SSF1,entry_dte,spread_entry,spread_exit,direction,K_f1,K_f2,F1_entry,F2_entry,F1_exit,F2_exit,htb_tier
SBICARD,3,0.2946978766705694,,800.0,2025-01-28 09:30:00+05:30,2025-01-30 12:00:00+05:30,13.354545454545473,ok,8988.4,,,11.2355,149.17,,-16545.6,2.0,14.100000000000023,5.899999999999977,F2->F1,755.0,740.0,753.2,739.1,774.55,768.65,EXT
SBICARD,4,0.1767941914225961,,800.0,2025-02-21 10:45:00+05:30,2025-02-27 12:00:00+05:30,7.286363636363634,ok,11816.88,,,14.7711,177.11,,-16116.6,6.0,8.049999999999955,-3.3500000000000227,F2->F1,835.0,,834.0,825.95,853.9,857.25,EXT
SBICARD,5,0.10055861186007094,,800.0,2025-03-12 15:15:00+05:30,2025-03-27 12:00:00+05:30,2.4409090909091034,ok,10372.68,,,12.9658,155.09,,-25990.2,15.0,2.5,-7.050000000000068,F2->F1,870.0,850.0,836.0,833.5,869.65,876.7,MOD
SBICARD,6,0.06383206031931307,,800.0,2025-04-07 14:30:00+05:30,2025-04-24 12:00:00+05:30,0.10454545454546281,ok,6214.48,,,7.7681,96.06,,-91872.0,17.0,-1.7999999999999545,-6.100000000000023,F2->F1,810.0,800.0,808.7,810.5,921.4,927.5,MOD
SBICARD,7,0.07140216316084659,,800.0,2025-04-29 09:15:00+05:30,2025-05-29 12:00:00+05:30,0.5863636363636094,ok,5267.6,,26243.8,6.5845,75.17,,-29462.4,30.0,-1.5,-4.5,F1->F2,880.0,900.0,876.0,877.5,913.25,917.75,MOD
SBICARD,9,0.14964677685868943,,800.0,2025-07-28 10:45:00+05:30,2025-07-31 12:00:00+05:30,5.668181818181799,ok,7565.64,,,9.457,111.48,,32760.2,3.0,5.399999999999977,-0.75,F2->F1,850.0,840.0,848.3,842.9,807.55,808.3,MOD
SBICARD,11,0.2738618536097499,,800.0,2025-09-29 13:30:00+05:30,2025-09-30 12:00:00+05:30,14.009090909090931,ok,3611.72,1920.8,1691.6,4.5146,51.77,1790.6,130.2,1.0,13.950000000000045,12.899999999999977,F1->F2,870.0,860.0,872.1,858.15,873.65,860.75,EXT
SBICARD,12,0.38580086980768713,,800.0,2025-10-23 10:45:00+05:30,2025-10-28 12:00:00+05:30,23.463636363636354,ok,17779.88,,,22.2248,231.9,,49606.0,5.0,24.850000000000023,6.300000000000068,F2->F1,960.0,930.0,958.4,933.55,894.6,888.3,EXT
SBICARD,13,0.2575212985955071,,800.0,2025-10-29 14:30:00+05:30,2025-11-25 12:00:00+05:30,16.50000000000002,ok,16455.08,,,20.5688,230.57,,12207.8,27.0,17.050000000000068,0.0,F2->F1,890.0,880.0,892.1,875.05,875.85,875.85,EXT
SBICARD,14,0.4139412292845398,,800.0,2025-12-26 13:00:00+05:30,2025-12-30 12:00:00+05:30,23.23636363636365,ok,22681.64,19008.6,-27078.6,28.352,324.45,-8968.6,27977.2,4.0,23.100000000000023,-1.8500000000000227,F2->F1,870.0,850.0,873.85,850.75,837.8,839.65,EXT
SBICARD,15,0.2899838037003702,,800.0,2026-01-21 11:00:00+05:30,2026-01-27 12:00:00+05:30,13.84090909090906,ok,17063.52,,,21.3294,267.1,,22003.8,6.0,14.599999999999909,-3.6000000000000227,F2->F1,800.0,780.0,798.55,783.95,771.65,775.25,EXT
SBICARD,16,0.39984773264106105,,800.0,2026-02-20 13:45:00+05:30,2026-02-24 12:00:00+05:30,24.58181818181819,ok,17352.64,,,21.6908,271.85,,26076.2,4.0,25.899999999999977,7.300000000000068,F2->F1,800.0,770.0,797.9,772.0,764.1,756.8,EXT
SBICARD,17,0.8056002170390283,,800.0,2026-03-24 10:45:00+05:30,2026-03-30 12:00:00+05:30,37.7863636363636,ok,27099.52,22976.74,15195.12,33.8744,515.75,20831.34,2145.4,6.0,38.299999999999955,7.0,F2->F1,660.0,620.0,656.8,618.5,653.05,646.05,EXT
SBICARD,18,0.5197359423330216,,800.0,2026-04-17 11:45:00+05:30,2026-04-28 12:00:00+05:30,23.90454545454545,ok,20815.08,,,26.0188,375.18,,31798.0,11.0,24.0,0.6499999999999773,F2->F1,690.0,670.0,693.5,669.5,653.25,652.6,EXT
SBICARD,19,0.25873821826446775,,800.0,2026-05-26 09:15:00+05:30,2026-05-26 12:00:00+05:30,11.804545454545467,ok,8363.48,5198.4,-3137.8,10.4543,165.16,764.8,4433.6,0.0,11.200000000000045,3.25,F2->F1,630.0,620.0,633.0,621.8,626.4,623.15,EXT
RVNL,1,0.10314990387109378,,1525.0,2025-06-25 12:00:00+05:30,2025-06-26 12:00:00+05:30,1.5590909090909122,ok,3196.55,714.79,3210.89,2.0961,52.53,1848.63,-1133.84,1.0,1.3500000000000227,0.8500000000000227,F2->F1,400.0,400.0,399.05,397.7,400.1,399.25,MOD
RVNL,2,0.19871043204361777,,1525.0,2025-07-28 09:45:00+05:30,2025-07-31 12:00:00+05:30,3.809090909090912,ok,7439.33,3645.51,-27372.22,4.8782,133.45,-20433.09,24078.61,3.0,3.75,0.30000000000001137,F2->F1,370.0,370.0,365.55,361.8,350.6,350.3,EXT
RVNL,7,0.6252739144859103,,1525.0,2025-12-29 13:30:00+05:30,2025-12-30 12:00:00+05:30,15.695454545454549,ok,10132.1,8229.28,-9365.79,6.644,178.65,-6498.02,14727.31,1.0,14.75,9.550000000000011,F2->F1,370.0,355.0,371.9,357.15,362.25,352.7,EXT
RVNL,8,0.8240485306341842,,1525.0,2026-01-23 14:00:00+05:30,2026-01-27 12:00:00+05:30,18.590909090909086,ok,10933.33,8811.83,-45.75,7.1694,219.11,3191.06,5620.77,4.0,19.19999999999999,13.300000000000011,F2->F1,325.0,310.0,327.2,308.0,323.75,310.45,EXT
RVNL,10,1.4653939647131473,,1525.0,2026-03-27 13:45:00+05:30,2026-03-30 12:00:00+05:30,28.09545454545454,ok,19678.14,16029.28,-9090.91,12.9037,482.74,437.68,15591.6,3.0,27.400000000000006,15.5,F2->F1,265.0,240.0,267.3,239.9,256.0,240.5,EXT
RVNL,11,1.0760643010126842,,1525.0,2026-04-24 13:15:00+05:30,2026-04-28 12:00:00+05:30,22.635454545454536,ok,30760.81,,,20.171,668.47,,-7190.76,4.0,22.019999999999982,3.0400000000000205,F2->F1,300.0,,301.75,279.73,306.29,303.25,EXT
RVNL,12,0.5117342979283234,,1525.0,2026-05-15 14:45:00+05:30,2026-05-26 12:00:00+05:30,11.57727272727273,ok,11858.25,,,7.7759,275.11,,28070.68,11.0,11.75,5.050000000000011,F2->F1,285.0,270.0,282.65,270.9,263.7,258.65,EXT
