detector,smooth,min_sustain,n,dte_build_p25,dte_build_med,dte_build_p75,dte_peak_med,retracement_med,build_censored_pct
legacy (DTE<=7 window),5,2,129,7.0,7.0,7.0,3.0,1.2271880819367031,0.0
legacy (DTE<=7 window),5,4,129,7.0,7.0,7.0,3.0,1.2271880819367031,0.0
legacy (DTE<=7 window),5,8,129,7.0,7.0,7.0,3.0,1.2271880819367031,0.0
legacy (DTE<=7 window),11,2,129,7.0,7.0,7.0,3.0,1.266658599548241,0.0
legacy (DTE<=7 window),11,4,129,7.0,7.0,7.0,3.0,1.266658599548241,0.0
legacy (DTE<=7 window),11,8,129,7.0,7.0,7.0,3.0,1.266658599548241,0.0
legacy (DTE<=7 window),21,2,129,7.0,7.0,7.0,3.0,1.1681399460314559,0.0
legacy (DTE<=7 window),21,4,129,7.0,7.0,7.0,3.0,1.1681399460314559,0.0
legacy (DTE<=7 window),21,8,129,7.0,7.0,7.0,3.0,1.1681399460314559,0.0
window-free,5,2,135,20.5,26.0,27.0,4.0,0.8381199055382024,12.592592592592592
window-free,5,4,135,20.5,26.0,27.0,4.0,0.8381199055382024,12.592592592592592
window-free,5,8,135,20.5,26.0,27.0,4.0,0.8381199055382024,12.592592592592592
window-free,11,2,135,20.0,26.0,27.0,4.0,0.8333333333333327,12.592592592592592
window-free,11,4,135,20.0,26.0,27.0,4.0,0.8333333333333327,12.592592592592592
window-free,11,8,135,20.0,26.0,27.0,4.0,0.8333333333333327,12.592592592592592
window-free,21,2,135,20.0,26.0,27.0,4.0,0.8258439626808479,17.037037037037038
window-free,21,4,135,20.0,26.0,27.0,4.0,0.8258439626808479,17.037037037037038
window-free,21,8,135,20.0,26.0,27.0,4.0,0.8258439626808479,17.037037037037038
