ticker,cid,tier,htb,amplitude_bps,peak_sessions_left,oi_ratio_at_peak,oi_share_at_peak,mid_sessions_left,peak_minus_mid,norm_at_ratio_4,sessions_left_at_ratio_4,norm_at_ratio_2,sessions_left_at_ratio_2,norm_at_ratio_1,sessions_left_at_ratio_1,norm_at_ratio_0.5,sessions_left_at_ratio_0.5,collapse_after_mid_frac
SBICARD,1,EXT,HTB,362.08669882453086,0.0,0.09465762552424255,0.08647235749069035,2.0,-2.0,0.10693807838037933,3.0,0.10693807838037933,3.0,0.15595531488194564,2.0,0.6962724688685487,1.0,0.0
SBICARD,2,EXT,HTB,221.4365434231811,0.0,,1.0,,,,,,,,,,,
SBICARD,3,EXT,HTB,225.55693958328555,2.0,1.7369909502262444,0.6346352552180202,1.0,1.0,0.3833869567861113,40.0,0.45906442484210325,2.0,0.46652469256258355,1.0,0.46652469256258355,1.0,0.0
SBICARD,4,EXT,HTB,64.36952030700914,3.0,2.9470011629838844,0.746643094666835,1.0,2.0,0.4066014786978053,3.0,-0.1798129083924459,2.0,-0.8451142192032245,1.0,-0.8451142192032245,1.0,0.0
SBICARD,5,MOD,HTB,43.02998463094196,10.0,,1.0,2.0,8.0,-0.26116972227520036,3.0,-0.26116972227520036,3.0,-0.9992763476517537,2.0,-1.1216660655627373,1.0,0.44923375307228003
SBICARD,6,MOD,HTB,32.86783621577037,10.0,81.84210526315789,0.9879288437102922,1.0,9.0,0.11066020473477738,3.0,-0.629707545663343,2.0,-1.015925073269101,1.0,-1.6080362272624045,0.0,0.3751208174841922
SBICARD,7,MOD,HTB,35.523282335403245,22.0,,1.0,2.0,20.0,0.016519950437447032,3.0,-0.8366600048015993,2.0,-0.8366600048015993,2.0,-0.550871450708315,1.0,0.30739066833287537
SBICARD,8,MOD,HTB,112.01996751046705,0.0,0.32004019343088613,0.24244730957704932,2.0,-2.0,0.15252396906942847,3.0,-0.004643772337911412,2.0,-0.004643772337911412,2.0,-0.042275350020210406,1.0,0.0
SBICARD,9,MOD,HTB,69.32025001747282,3.0,2.1818181818181817,0.6857142857142857,2.0,1.0,0.8861002102583594,3.0,0.8861002102583594,3.0,0.7513397740970318,2.0,0.4370798639979855,1.0,0.9197002507424491
SBICARD,10,EXT,HTB,201.32328328043096,0.0,0.1791407018694654,0.1519247886070316,2.0,-2.0,0.3218771084787201,3.0,0.41622371345172876,2.0,0.41622371345172876,2.0,0.5161154721298015,1.0,0.0
SBICARD,11,EXT,HTB,104.28780029082463,1.0,0.2748922790264353,0.2156200045672528,2.0,-1.0,0.7272427529223776,4.0,0.6618203906296563,3.0,0.9979877292564159,2.0,0.8571170511460985,1.0,0.20124115692432443
SBICARD,12,EXT,HTB,158.5399487682384,3.0,4.22045782635595,0.8084459192541676,2.0,1.0,0.9550983724114191,3.0,0.655433244814274,2.0,0.655433244814274,2.0,0.2503624076793408,1.0,0.9421268792776636
SBICARD,13,EXT,HTB,29.517327787975233,18.0,21.673357664233578,0.9558953722334004,1.0,17.0,-2.5283746494435104,3.0,-1.586624395159086,2.0,-4.5204954791899405,1.0,-6.556620575373962,0.0,0.6577009035509133
SBICARD,14,EXT,HTB,302.6066501401328,2.0,0.9849325931800159,0.49620455453455853,2.0,0.0,0.31463251025574096,4.0,0.6717835587625296,3.0,0.7613551515162206,2.0,0.5734893212057386,1.0,0.6393317195177559
SBICARD,15,EXT,HTB,141.5923323785323,3.0,5.469879518072289,0.845437616387337,1.0,2.0,0.43863021304535266,3.0,0.2722742709096959,2.0,0.16159164806894558,1.0,0.16159164806894558,1.0,0.5076582952816558
SBICARD,16,EXT,HTB,281.9182006091754,2.0,0.8935118970224938,0.4718807937924878,2.0,0.0,0.6270539406455532,4.0,0.856505133241832,3.0,0.660665241601575,2.0,0.4242349886509891,1.0,
SBICARD,17,EXT,HTB,445.22564008000177,3.0,2.485355648535565,0.7130852340936374,2.0,1.0,0.8083246078776856,4.0,0.8726869425662893,3.0,0.5028100926659194,2.0,0.20028775117194822,1.0,0.8943089412265635
SBICARD,18,EXT,HTB,167.47851727693075,7.0,7.195754134781535,0.8779856028432879,1.0,6.0,0.016168676000594354,3.0,0.07270276675082915,2.0,-0.6571453146437873,1.0,-1.400468996265084,0.0,0.6137016413492685
SBICARD,19,EXT,HTB,119.46179985141244,1.0,0.1742482911882555,0.14839135172334691,2.0,-1.0,0.3573563274082246,4.0,0.25490079375156055,3.0,0.27677567044132484,2.0,1.1567909159755771,1.0,0.0
SBICARD,20,EXT,HTB,127.92738985937069,3.0,2.3886568903564145,0.7048978305104175,2.0,1.0,0.46649175430190465,4.0,0.3291698611741349,3.0,0.7314774356467213,2.0,-0.319758893488448,1.0,0.5870382693870195
SBICARD,21,EXT,HTB,95.63988264820769,2.0,1.074378061971114,0.5179277980553937,2.0,0.0,0.4255155096645279,3.0,0.4255155096645279,3.0,0.4515930384530538,2.0,-0.32963458595188655,1.0,0.7821809156138004
SBICARD,22,EXT,HTB,69.38882375221905,9.0,11.487917146144994,0.91992259491338,,,,,,,,,,,
RVNL,1,MOD,HTB,102.64293195270018,1.0,0.5534501251340722,0.35627157652474106,2.0,-1.0,0.4962017617930368,4.0,0.8200236373872101,3.0,0.828801428928764,2.0,0.7916583946944405,1.0,0.7730617058136462
RVNL,2,EXT,HTB,133.95763985081393,3.0,2.4171304137430436,0.7073567938823196,2.0,1.0,0.4828670977489997,6.0,0.7916485176196211,3.0,0.7402992513448744,2.0,0.7665015702288994,1.0,0.7984780784052051
RVNL,3,EXT,HTB,299.80361156058035,0.0,0.08715817371401036,0.08017064657321735,2.0,-2.0,0.3382231866634197,5.0,0.6270692756166462,3.0,0.6946790099738465,2.0,0.95246838179427,1.0,0.0
RVNL,4,EXT,HTB,151.01413459095969,0.0,0.1544282260231038,0.1337703137726409,2.0,-2.0,0.2631371122178599,9.0,0.42614193888629476,3.0,0.5547258445637612,2.0,0.4864268505522986,1.0,
RVNL,5,EXT,HTB,83.14445164731634,0.0,0.09035031162690738,0.08286356289667679,2.0,-2.0,0.647306664804853,6.0,0.31524065601435713,3.0,0.45234931233876247,2.0,0.08041761930603517,1.0,0.015409941543709628
RVNL,6,EXT,HTB,397.0463565230417,0.0,0.06823864425614669,0.06387958778973375,2.0,-2.0,-0.0016463603031624434,6.0,0.03816624708213421,3.0,0.25975437187212286,2.0,0.5648928416689804,1.0,
RVNL,7,EXT,HTB,283.5642575221204,1.0,0.14500486029395643,0.12664126181676594,2.0,-1.0,0.03201273352244703,5.0,0.2755653090679324,3.0,0.5128215548467562,2.0,0.5128215548467562,2.0,0.4586202925842699
RVNL,8,EXT,HTB,426.95441639053325,1.0,0.26105317273795536,0.20701202644069772,2.0,-1.0,0.29274042572428044,7.0,0.4492628111504022,3.0,0.9249618333086117,2.0,0.859540087329499,1.0,0.3114157478046052
RVNL,9,EXT,HTB,760.6598297307156,0.0,0.08364233499311367,0.07718629320037151,2.0,-2.0,0.14568092454048345,4.0,0.4310733712249753,3.0,0.7741782841654126,2.0,0.7741782841654126,2.0,
RVNL,10,EXT,HTB,842.8254057359944,1.0,0.23865203967680484,0.1926707679253288,2.0,-1.0,0.18162421311828322,7.0,0.6529826973430921,3.0,0.8526664132912307,2.0,0.9511797141552403,1.0,0.6139971083320721
RVNL,11,EXT,HTB,389.1054833203093,2.0,0.5450608291665027,0.3527762913131004,2.0,0.0,0.3166590809549082,7.0,0.5631742128563612,3.0,0.6489672928078949,2.0,0.6489672928078949,2.0,0.7259043396899393
RVNL,12,EXT,HTB,166.1220563013037,7.0,3.5232396623570894,0.7789195190513312,2.0,5.0,0.9209753113613386,8.0,0.825833371953403,3.0,0.48634429972334314,2.0,0.1147623676618659,1.0,0.9142388927948404
RVNL,13,EXT,HTB,0.8428067677987201,23.0,9.248338447666555,0.9024232069318817,,,,,,,,,,,
KPITTECH,1,EXT,HTB,146.94502394129748,41.0,,,1.0,40.0,0.15481453798164618,40.0,0.4366496568793679,2.0,0.19093426851128723,1.0,0.42557964991019803,0.0,0.019271613492522134
KPITTECH,2,MOD,HTB,112.05071714215163,3.0,4.547926580557444,0.8197524813135645,1.0,2.0,0.3959747168847072,2.0,0.3959747168847072,2.0,0.09558297543237809,1.0,0.0011937521496668694,0.0,0.3952527986130465
KPITTECH,3,EXT,HTB,155.330357690394,13.0,11.643010752688172,0.9209049158020072,2.0,11.0,0.6900608998099159,6.0,0.35190811708214703,3.0,0.36697239370181944,2.0,0.9366324546292384,1.0,0.20823562674765425
KPITTECH,4,EXT,HTB,71.03629040480163,12.0,24.945833333333333,0.9614581660510679,1.0,11.0,-0.32474619139778654,3.0,-0.554209632580204,2.0,-0.8683489850810346,1.0,-1.4568841823343088,0.0,0.36740622787373933
KPITTECH,5,MOD,HTB,56.93047792094389,20.0,28.758490566037736,0.9663961450672077,1.0,19.0,-0.38736617356845676,3.0,-0.19141534375204142,2.0,-0.6669028390860536,1.0,-0.6669028390860536,1.0,0.3425216875494968
KPITTECH,6,MOD,HTB,108.36010391099774,3.0,3.450620119430409,0.7753122097223656,2.0,1.0,0.44937004372589673,3.0,0.44937004372589673,3.0,0.5395208203492498,2.0,0.2611483928038789,1.0,0.5969644592679852
KPITTECH,7,EXT,HTB,152.01408416965492,0.0,0.24419482726071362,0.1962673545254533,2.0,-2.0,0.1732774188999544,3.0,0.2290045005921236,2.0,0.2290045005921236,2.0,0.6263207646568304,1.0,0.08134675193962389
KPITTECH,8,EXT,HTB,102.9224588290575,2.0,0.9672733077905492,0.49168222023857827,2.0,0.0,0.20407116590918728,3.0,0.6300979187895138,2.0,0.6300979187895138,2.0,0.4305793985798044,1.0,0.3796926343922712
KPITTECH,9,MOD,HTB,50.757757269810895,1.0,0.34291760019915357,0.255352674019835,2.0,-1.0,0.8144290133983495,3.0,0.8144290133983495,3.0,0.26734884048711927,2.0,0.8354003016294669,1.0,0.5849890894342732
KPITTECH,10,EXT,HTB,74.74777879246716,2.0,1.3491669620701878,0.5743171872642221,1.0,1.0,0.5462114894853974,3.0,0.44907577264322296,2.0,-0.08636926506005305,1.0,-0.08636926506005305,1.0,0.692842660816724
KPITTECH,11,MOD,HTB,61.89491892279756,12.0,17.079931972789115,0.9446900573793623,1.0,11.0,-0.6981241109868772,3.0,-0.32098415911318473,2.0,1.1604608586685141,1.0,1.1604608586685141,1.0,0.0
KPITTECH,12,MOD,HTB,43.892139480322484,20.0,24.979076194236082,0.9615074842337208,2.0,18.0,0.49381904538870536,3.0,0.5672189025560355,2.0,0.5672189025560355,2.0,0.10105292028832986,1.0,0.6998387785893448
KPITTECH,13,EXT,HTB,114.05194657078204,4.0,4.16234796404019,0.8062896947346855,1.0,3.0,0.9877135154287313,4.0,0.586465278294429,3.0,0.6181843749628003,1.0,0.6181843749628003,1.0,0.4938328963802149
KPITTECH,14,EXT,HTB,98.08616953139668,16.0,14.370262390670554,0.9349393019726859,2.0,14.0,0.4591220416273763,5.0,0.12091109868394162,2.0,0.12091109868394162,2.0,-0.40692493999564994,1.0,0.12941459333133729
KPITTECH,15,MOD,HTB,47.62420889123195,6.0,7.521756487025948,0.8826533002295405,1.0,5.0,-0.08047030525142469,3.0,0.25200658442528767,2.0,-0.010228000964917806,1.0,,,0.3793421263465294
KPITTECH,16,NON,non-HTB,42.52592723520871,15.0,25.677777777777777,0.9625156184922948,2.0,13.0,-0.2904884251093538,3.0,-1.4846849839723604,2.0,-1.4846849839723604,2.0,-0.19728429408784268,0.0,0.0
KPITTECH,17,EXT,HTB,306.0711312525987,4.0,3.463890353189246,0.7759801606046292,2.0,2.0,0.9039090758096744,5.0,0.8294591572939813,3.0,1.0209575336620687,2.0,0.8410663749743461,1.0,
KPITTECH,18,EXT,HTB,476.03557924348456,1.0,0.38119884448724123,0.2759912854030501,2.0,-1.0,0.42057994882754146,4.0,0.41840836833153594,3.0,0.4184659445267364,2.0,1.1818599645739256,1.0,
KPITTECH,19,EXT,HTB,102.24709905006998,16.0,4.1729670329670325,0.8066873433317755,,,,,,,,,,,
ASTRAL,1,NON,non-HTB,68.5662215478985,3.0,1.6533598265895955,0.623119341003472,2.0,1.0,0.8320019596995372,3.0,0.8320019596995372,3.0,0.5672997075307786,2.0,0.630465096607184,1.0,0.7234723276678704
ASTRAL,2,MOD,HTB,218.52635496652312,6.0,,1.0,,,,,,,,,,,
ASTRAL,3,EXT,HTB,160.97321895596463,42.0,,,1.0,41.0,0.282246901391031,3.0,0.13729009511714305,2.0,0.16839398167317352,1.0,0.12579597379699106,0.0,0.013148099271602768
ASTRAL,4,NON,non-HTB,50.111528697684996,7.0,,1.0,2.0,5.0,0.8305648420580951,3.0,0.12852130962850003,2.0,0.12852130962850003,2.0,0.6029153782377669,1.0,0.6909243316686084
ASTRAL,5,NON,non-HTB,26.18630042601479,14.0,20.36535859269283,0.9531952625245425,2.0,12.0,0.3960320261916232,3.0,0.3960320261916232,3.0,0.36617247791488955,2.0,-0.15390752479525857,1.0,0.4716579227409488
ASTRAL,6,NON,non-HTB,31.553886774568248,3.0,3.2552352796255235,0.7649953682260305,2.0,1.0,1.1687795124095135,3.0,0.6539988568509445,2.0,0.6539988568509445,2.0,-0.21596761083497149,1.0,1.0
ASTRAL,7,MOD,HTB,82.93000631627474,2.0,0.4523381940952518,0.31145513898506283,2.0,0.0,0.0006123345952457629,4.0,0.3739674955419844,3.0,1.2750586473210757,2.0,1.2750586473210757,2.0,0.21203400943790984
ASTRAL,8,MOD,HTB,124.5060692404989,1.0,0.37986201675756587,0.2752898566265162,2.0,-1.0,0.540068248501009,3.0,0.540068248501009,3.0,1.1860238311146478,2.0,1.1860238311146478,2.0,0.0
ASTRAL,9,MOD,HTB,88.05563908017368,4.0,3.6776236429433053,0.7862162336406421,2.0,2.0,0.989681064325276,5.0,0.972081941324396,3.0,0.878694092397082,2.0,0.9794576058085033,1.0,0.9779711518020548
ASTRAL,10,MOD,HTB,39.50502515221904,9.0,12.533892382948986,0.926111426653586,1.0,8.0,0.0890336774587594,3.0,-0.021750204656782575,2.0,-0.27671480110075236,1.0,-0.9018104716194056,0.0,0.46274867033056416
ASTRAL,11,NON,non-HTB,41.55290155726303,1.0,0.45961777842864465,0.31488913414267083,2.0,-1.0,0.49982525621308727,3.0,0.49982525621308727,3.0,0.4424016706503518,2.0,-0.3821333914321924,1.0,0.5099953775487431
ASTRAL,12,MOD,HTB,58.599337538102695,2.0,1.4157200229489386,0.5860447442169762,2.0,0.0,1.1041641846533614,3.0,1.1041641846533614,3.0,0.9750287353205158,2.0,0.8566054313596383,1.0,
ASTRAL,13,EXT,HTB,230.62569791890346,0.0,0.2944426902431323,0.2274667642395414,2.0,-2.0,0.14377224605229735,3.0,0.14377224605229735,3.0,0.2651896638475047,2.0,0.4032434919957177,1.0,0.0
ASTRAL,14,EXT,HTB,143.2114654250974,2.0,0.6776749294006903,0.4039369710571843,2.0,0.0,0.2910089080885489,3.0,0.2910089080885489,3.0,1.1636935073007968,2.0,1.1605000519624393,1.0,0.38727901145916327
ASTRAL,15,EXT,HTB,77.56652792230231,0.0,0.12196695921528136,0.10870815598757622,2.0,-2.0,0.6522533595266932,3.0,0.6522533595266932,3.0,1.422204688721083,2.0,1.2856421397790854,1.0,0.717791139578728
ASTRAL,16,EXT,HTB,187.2989572329247,2.0,0.5533486121721416,0.35622950819672133,2.0,0.0,0.6064819668252109,4.0,0.7941172855723855,3.0,1.1044525449668696,2.0,0.4212411776069934,1.0,0.0
ASTRAL,17,EXT,HTB,276.167191355158,3.0,2.5078963230861966,0.7149288610901093,2.0,1.0,0.8306813225610266,4.0,0.8486687768185831,3.0,0.38366980981347715,2.0,0.4078294592555615,1.0,0.868425636886648
ASTRAL,18,EXT,HTB,198.96704842353049,3.0,1.765793148771872,0.6384400617797314,2.0,1.0,0.6126074018805798,8.0,0.7455742706998068,3.0,0.41866840303657143,2.0,-0.27543166309116485,1.0,0.8493089410196122
ASTRAL,19,EXT,HTB,24.166563929989394,17.0,30.81231231231231,0.9685656298673715,2.0,15.0,-4.076376062480496,4.0,-4.855515707767066,3.0,-5.760939060452927,2.0,-3.7008516040822235,1.0,0.1461313637665187
ASTRAL,20,EXT,HTB,231.87826375649828,1.0,0.4079153048173938,0.2897300025233409,1.0,0.0,-0.1785035084396476,3.0,0.17239922607210373,2.0,1.2244487186619328,1.0,1.2244487186619328,1.0,0.24613792889269032
ASTRAL,21,EXT,HTB,249.37062370215153,2.0,0.6602578602126216,0.3976839237057221,2.0,0.0,0.5492251193017007,4.0,0.6968317311141998,3.0,1.0967742378039718,2.0,0.33786291883815633,1.0,0.5877922508720222
ASTRAL,22,EXT,HTB,187.23768592123687,0.0,0.11268744944309626,0.10127502516497036,2.0,-2.0,0.39313801468460335,3.0,0.39313801468460335,3.0,0.5979490529161736,2.0,0.5979490529161736,2.0,
ASTRAL,24,NON,non-HTB,27.28468284254211,18.0,51.36708860759494,0.9809040367416002,,,,,,,,,,,
BDL,1,NON,non-HTB,18.721967391100534,17.0,32.561797752808985,0.9702042182792099,2.0,15.0,-0.5226007811614494,4.0,-0.39475982631191053,3.0,0.7745662446340579,2.0,-0.9325044592391775,1.0,0.6399439741783991
BDL,2,NON,non-HTB,38.02303172114737,2.0,0.789520202020202,0.44119099696606223,2.0,0.0,-0.046091325359277,4.0,0.7681215919808667,3.0,0.9319480270636393,2.0,0.23203918801259452,1.0,0.7594057540673382
BDL,3,NON,non-HTB,36.01188305678096,12.0,29.041095890410958,0.9667122663018696,2.0,10.0,0.30337860910220354,3.0,0.21513941879348397,2.0,0.21513941879348397,2.0,0.344586751963881,1.0,0.5518780553108056
BDL,4,NON,non-HTB,27.75318623695241,16.0,26.825242718446603,0.9640614096301465,1.0,15.0,0.8572877163398189,3.0,0.8572877163398189,3.0,0.6026119170118918,1.0,-0.15886570116157991,0.0,0.35989256476214804
BDL,5,NON,non-HTB,51.407803036682715,2.0,1.130677182485722,0.5306656455421533,2.0,0.0,0.3055815444474014,3.0,0.4975852586804049,2.0,0.4975852586804049,2.0,0.27014853091225594,1.0,0.28831877412504414
BDL,6,NON,non-HTB,23.287679541708265,9.0,12.329857819905213,0.9249804451397283,1.0,8.0,-0.03018865666831639,3.0,0.447818378627448,2.0,-0.7135633953712506,1.0,-0.340044481551886,0.0,0.587937841635616
BDL,7,MOD,HTB,108.29584994065962,2.0,0.9440417143583874,0.485607745649614,2.0,0.0,0.34267319693506426,4.0,0.714668786705423,3.0,0.7950849314958326,2.0,0.46504786249911056,1.0,0.7226827671757124
BDL,8,MOD,HTB,40.206395858961734,1.0,0.9581271412257327,0.4893079315707621,1.0,0.0,1.2750307171547592,3.0,0.3855111491229852,2.0,0.6240792748413396,1.0,0.08872834093912985,0.0,0.3256798400706448
BDL,9,EXT,HTB,293.8596089919778,1.0,0.4103118937472019,0.2909369874609809,2.0,-1.0,0.4343447439866823,6.0,0.616787958247249,3.0,0.7846708085657829,2.0,0.8823333932136871,1.0,0.6077644052333648
BDL,10,EXT,HTB,297.66384078794556,1.0,0.447329441491679,0.30907230148696646,2.0,-1.0,0.32745563770410635,6.0,0.2607883065515808,2.0,0.2607883065515808,2.0,0.7190709378162581,1.0,0.4328132805912741
BDL,11,EXT,HTB,85.28765018494965,2.0,0.8499412110523221,0.4594422817192341,2.0,0.0,0.8820441913240774,6.0,0.39511018002417564,3.0,0.3078488325283989,2.0,-0.12065539496599377,1.0,0.7623670275270052
BDL,12,EXT,HTB,119.20466595878125,1.0,0.356751370204285,0.2629452809401395,2.0,-1.0,0.6058720011933307,4.0,0.4071752073322546,3.0,0.8073027926536113,2.0,1.1295221891514962,1.0,0.3595278973835613
BDL,13,EXT,HTB,332.920313108612,2.0,0.5282157225182125,0.34564212024190677,2.0,0.0,0.274134357549956,6.0,0.9048583163012683,3.0,0.9893907396148091,2.0,0.7389880882492875,1.0,0.6354891121229761
BDL,14,EXT,HTB,250.44833823347898,0.0,0.11331495685522532,0.10178158135529361,2.0,-2.0,0.328419938974788,10.0,0.5799801683141137,3.0,0.5808550174643421,2.0,0.5769042382305636,1.0,0.0
BDL,15,EXT,HTB,53.92370475977364,18.0,16.22013170272813,0.941928434853865,1.0,17.0,-1.615538694107289,4.0,-4.0204239728373885,2.0,-3.472280151553393,1.0,-4.380980685853121,0.0,0.06700576234433533
BDL,16,EXT,HTB,266.9296192514092,1.0,0.4722276613798055,0.32075722645859195,2.0,-1.0,0.3100223872884149,5.0,0.3237671182362986,3.0,0.3908282626563285,2.0,0.842863582853338,1.0,0.47325168810914486
BDL,17,EXT,HTB,44.08201679674619,19.0,14.281545741324921,0.9345615936419467,,,,,,,,,,,
IREDA,2,EXT,HTB,436.65763961633945,1.0,0.38498402555910544,0.2779700115340254,3.0,-2.0,0.1751414148338976,13.0,-0.01570765302524778,7.0,0.1559537993001395,3.0,0.8745928672034781,1.0,0.40525891094147154
IREDA,3,EXT,HTB,248.29966247931856,1.0,0.7764575235980011,0.4370819528661624,1.0,0.0,0.18278485252338444,11.0,0.40079298736368824,5.0,0.7114731820034141,1.0,-0.710460443498349,0.0,0.7342506617261786
IREDA,4,EXT,HTB,19.171997311352754,23.0,,1.0,3.0,20.0,0.9726252557727832,23.0,-8.536756610021396,7.0,-8.74540856742485,3.0,-13.077292639496038,1.0,0.30782894326017146
IREDA,5,EXT,HTB,129.13474484890264,15.0,7.0944927536231885,0.8764592136360381,2.0,13.0,-0.29768333160692706,5.0,-0.08682925083315292,3.0,-0.7452052140334006,2.0,,,0.5230374297132916
IREDA,6,EXT,HTB,171.9829892024931,1.0,0.3767555014928674,0.2736546184738956,2.0,-1.0,0.21151341515267882,8.0,0.31353127925190505,3.0,0.4252833486884692,2.0,0.994342314999341,1.0,0.35218895920246535
IREDA,7,EXT,HTB,148.70655304126763,1.0,0.44583948793697686,0.3083602928656564,2.0,-1.0,0.3797501278474875,4.0,0.537963285784228,3.0,0.6796328954118428,2.0,0.99088064191223,1.0,0.6596397380035921
IREDA,8,EXT,HTB,112.93509071289559,1.0,0.311115889056117,0.2372909150541161,3.0,-2.0,0.4320008303128125,7.0,0.58962057008547,4.0,0.7481577117488151,3.0,0.8207823529793102,2.0,0.758540478544415
IREDA,9,EXT,HTB,78.63517755107739,3.0,2.292661361626879,0.6962943071965628,2.0,1.0,0.7712108464949392,7.0,0.8413008073381725,3.0,0.807891360390699,2.0,-0.3320715001503411,1.0,0.9336128543615891
IREDA,11,EXT,HTB,219.09513360328702,1.0,0.25662225076256223,0.20421590546151389,3.0,-2.0,0.3824594766018227,9.0,0.4839695188115074,4.0,0.6466963289933239,3.0,0.8002451092829719,2.0,0.4992369169418227
IREDA,12,EXT,HTB,313.6053666124854,2.0,0.732737675366408,0.4228785959833544,2.0,0.0,0.5981258357558459,6.0,0.7372088044602294,3.0,1.0586245063309936,2.0,0.827163928228093,1.0,0.7072597528196768
IREDA,13,EXT,HTB,251.07297993959395,2.0,0.6175122368114365,0.3817666554589558,2.0,0.0,0.30389406778586386,8.0,0.7136316908744396,4.0,1.0833329547117867,2.0,0.8969873782163803,1.0,0.11171137436811816
IREDA,14,EXT,HTB,377.23327252448183,0.0,0.18475361504983856,0.15594264723308449,2.0,-2.0,0.22071870559863901,7.0,0.515129512583701,3.0,0.6815626972006095,2.0,0.6812766844190399,1.0,0.4709656249646746
IREDA,15,EXT,HTB,51.97162959993241,7.0,3.5253310305123775,0.7790216907321417,2.0,5.0,0.7168564952612845,8.0,-0.0879512026223248,4.0,0.7591132183604059,2.0,-1.0011232758974455,1.0,0.950779796212149
IREDA,16,EXT,HTB,192.7996686350558,1.0,0.23024190371129147,0.18715173253058348,2.0,-1.0,0.13921641492311926,7.0,0.24642009899276102,3.0,0.3521672686387073,2.0,0.9903209591852199,1.0,0.0
IREDA,17,EXT,HTB,455.7170119729462,1.0,0.28447045234125556,0.22146905117415502,2.0,-1.0,0.17125206637007498,6.0,0.7508481055479305,3.0,0.8385393421936195,2.0,0.8385393421936195,2.0,0.0
IREDA,18,EXT,HTB,233.98242232888072,2.0,0.6240875912408759,0.3842696629213483,2.0,0.0,0.45846689007576924,10.0,0.5829738223057302,4.0,1.0156963400496182,2.0,0.4666187386661109,1.0,0.5689852293598371
IREDA,19,EXT,HTB,401.73836203464583,0.0,0.09013837458585071,0.08268525967641012,2.0,-2.0,0.18028827565095584,8.0,0.3148177502448495,3.0,0.19376729860375128,2.0,0.44418198757829497,1.0,0.0
IREDA,20,EXT,HTB,399.3961297723612,1.0,0.2002195523571385,0.1668191056910569,2.0,-1.0,0.18783395030172087,8.0,0.34862759342318494,3.0,0.47520138051382876,2.0,0.9401577809033695,1.0,0.27845956187636633
IREDA,21,EXT,HTB,68.34094474583478,18.0,13.255188316679478,0.9298501024479672,,,,,,,,,,,
VOLTAS,1,MOD,HTB,141.64305058084813,28.0,11.675675675675675,0.9211087420042644,1.0,27.0,0.2095458458823192,3.0,0.07874353736188935,2.0,0.029045298968163335,1.0,0.029045298968163335,1.0,0.1696973514589944
VOLTAS,2,MOD,HTB,266.1294810311632,5.0,,1.0,,,,,,,,,,,
VOLTAS,3,MOD,HTB,63.35238177462108,42.0,,,2.0,40.0,-0.034691189735809674,3.0,-0.2651561051545726,2.0,-0.2651561051545726,2.0,-0.33349669775215907,1.0,0.3355189264494863
VOLTAS,4,MOD,HTB,68.26669521877096,16.0,,1.0,1.0,15.0,0.5204400723549656,3.0,0.09707263940734367,2.0,-0.12517928596710623,1.0,-0.24416192911772522,0.0,0.2742686145098887
VOLTAS,5,MOD,HTB,77.65130909718164,1.0,0.40116572760831554,0.28630854987659116,2.0,-1.0,0.30547407263287496,3.0,0.30547407263287496,3.0,0.6056410676808318,2.0,-0.14723104524419298,1.0,0.37598606531112805
VOLTAS,6,MOD,HTB,55.49836156126569,14.0,27.88268551236749,0.9653771807482444,1.0,13.0,0.01691957628030335,3.0,-0.2870498980958372,2.0,-0.09310248658107212,1.0,-0.24733526404601572,0.0,0.0
VOLTAS,7,MOD,HTB,53.59788062979739,3.0,2.8220690735374734,0.7383616097041226,2.0,1.0,0.6349783379180873,3.0,0.6349783379180873,3.0,0.6501368121666862,2.0,0.9321662327443515,1.0,0.5650849121151306
VOLTAS,8,EXT,HTB,155.24531455609338,3.0,1.8242504022231973,0.6459237469833345,2.0,1.0,1.1092229689852082,3.0,1.1092229689852082,3.0,0.8065377196112394,2.0,0.5691406912797561,1.0,1.0
VOLTAS,9,EXT,HTB,212.40327683444846,0.0,0.23794639368602016,0.19221057947228884,2.0,-2.0,0.33829532165003556,3.0,0.34754002011526214,2.0,0.34754002011526214,2.0,0.536993442577088,1.0,0.0
VOLTAS,10,EXT,HTB,132.83760823036508,0.0,0.08853126440313412,0.08133093398256942,2.0,-2.0,0.7165049094798255,3.0,0.7165049094798255,3.0,0.148519828512942,2.0,0.469818819173159,1.0,0.0
VOLTAS,11,EXT,HTB,181.80947976378093,1.0,0.334945920729811,0.25090598467591635,2.0,-1.0,0.42829790103699217,5.0,0.7113097661501839,3.0,0.5948854334543198,2.0,1.1262993472737233,1.0,0.6566689881385178
VOLTAS,12,EXT,HTB,212.22742858213672,0.0,0.07278722559765517,0.06784870649173236,2.0,-2.0,0.7387698712022709,3.0,0.7387698712022709,3.0,0.7626895744891831,2.0,0.6151275819497106,1.0,
VOLTAS,13,EXT,HTB,88.75044734311342,3.0,2.374126913360083,0.7036270342883569,2.0,1.0,0.7554421036130109,5.0,0.07271604471803249,3.0,-0.6132424708418391,2.0,-1.208400187008801,1.0,0.3746604999576181
VOLTAS,14,EXT,HTB,126.85496689279798,1.0,0.1426833097817554,0.1248668888049191,2.0,-1.0,0.3040130263273996,6.0,-0.09204411252301639,3.0,0.11386336083375183,2.0,0.5771602391010696,1.0,0.0
VOLTAS,15,EXT,HTB,114.64204161882265,2.0,1.369801879775509,0.5780237966159728,2.0,0.0,0.6717513189416653,3.0,0.31938453887131724,2.0,0.31938453887131724,2.0,-0.7036044355745125,1.0,0.8599071196425914
VOLTAS,16,EXT,HTB,149.42454531001061,0.0,0.25754428371794386,0.20479937530033637,1.0,-1.0,-0.1568822050053888,3.0,0.23246486790095755,2.0,0.3981018656810521,1.0,0.3981018656810521,1.0,0.0
VOLTAS,17,EXT,HTB,175.94992538822012,3.0,1.9506070065903574,0.6610866856323325,2.0,1.0,0.802360286104346,5.0,1.004747709927389,3.0,0.6230455326282908,2.0,0.8375673064648618,1.0,1.0
VOLTAS,18,EXT,HTB,93.60026084907953,7.0,7.056515301085883,0.8758768570990964,2.0,5.0,0.6705805151335462,4.0,0.29899721608617164,3.0,0.34328903154669405,2.0,-0.03803780342428242,1.0,0.0
VOLTAS,19,EXT,HTB,107.83917614322733,1.0,0.4635394656524393,0.31672495107318166,2.0,-1.0,0.43133972081406996,3.0,0.3123382460760024,2.0,0.3123382460760024,2.0,0.862194982630232,1.0,0.5606604727444879
VOLTAS,20,EXT,HTB,62.73724612534457,14.0,10.316432775011318,0.9116329306344507,,,,,,,,,,,
