ticker,cid,htb_tier,i_f1_oi_peak,i_spread_peak,lead_bars,lead_sessions,oi_leads,f1_oi_at_own_peak,f1_oi_at_spread_peak,f1_oi_pct_of_max_at_spread_peak
SBICARD,1,EXT,1213,1707,494,19.76,True,18548000.0,1932000.0,10.416217381927972
SBICARD,2,EXT,300,418,118,4.72,True,20535200.0,2321600.0,11.305465736881063
SBICARD,3,EXT,985,1025,40,1.6,True,22832000.0,14740800.0,64.56201822004205
SBICARD,4,EXT,68,405,337,13.48,True,17085600.0,14190400.0,83.05473615208129
SBICARD,5,MOD,324,223,-101,-4.04,False,15934400.0,14774400.0,92.72015262576564
SBICARD,6,MOD,174,145,-29,-1.16,False,16134400.0,14928000.0,92.52280840936136
SBICARD,7,MOD,24,49,25,1.0,True,16030400.0,14600000.0,91.07695378780318
SBICARD,8,MOD,149,497,348,13.92,True,14248800.0,4076800.0,28.61153219920274
SBICARD,9,MOD,49,530,481,19.24,True,15200000.0,11500800.0,75.66315789473684
SBICARD,10,EXT,23,449,426,17.04,True,13956800.0,2184800.0,15.654018113034507
SBICARD,11,EXT,474,541,67,2.68,True,15446400.0,3776800.0,24.451004764864305
SBICARD,12,EXT,174,334,160,6.4,True,18391200.0,16372000.0,89.02083605202488
SBICARD,13,EXT,223,20,-203,-8.12,False,20413600.0,19003200.0,93.09088058941099
SBICARD,14,EXT,472,539,67,2.68,True,15756800.0,9936000.0,63.05848903330625
SBICARD,15,EXT,324,356,32,1.28,True,17678400.0,17070400.0,96.56077473074487
SBICARD,16,EXT,195,467,272,10.88,True,19152000.0,10995200.0,57.41019214703425
SBICARD,17,EXT,448,455,7,0.28,True,27492000.0,23760000.0,86.42514185945002
SBICARD,18,EXT,320,259,-61,-2.44,False,25076800.0,23320000.0,92.99432144452243
SBICARD,19,EXT,374,449,75,3.0,True,25272000.0,4140000.0,16.381766381766383
SBICARD,20,EXT,74,485,411,16.44,True,26920800.0,19676800.0,73.09143859023506
SBICARD,21,EXT,349,430,81,3.24,True,27210400.0,13508800.0,49.64572369388175
SBICARD,22,EXT,383,282,-101,-4.04,False,25025600.0,23959200.0,95.73876350616968
RVNL,1,MOD,324,435,111,4.44,True,10280875.0,4257000.0,41.40698140965628
RVNL,2,EXT,308,526,218,8.72,True,15441250.0,13736250.0,88.95814781834372
RVNL,3,EXT,349,438,89,3.56,True,21366125.0,1989625.0,9.312053542699015
RVNL,4,EXT,326,566,240,9.6,True,32408750.0,4742375.0,14.633008061094612
RVNL,5,EXT,125,418,293,11.72,True,33886875.0,2890250.0,8.529113410428078
RVNL,6,EXT,352,469,117,4.68,True,34724250.0,2701875.0,7.780945592777382
RVNL,7,EXT,227,566,339,13.56,True,40889750.0,5456000.0,13.343197256036047
RVNL,8,EXT,295,418,123,4.92,True,45618850.0,10841225.0,23.76479240489403
RVNL,9,EXT,349,524,175,7.0,True,63781600.0,4815950.0,7.5506885998469775
RVNL,10,EXT,123,517,394,15.76,True,58430375.0,11080650.0,18.96385227717604
RVNL,11,EXT,273,390,117,4.68,True,50533925.0,21112100.0,41.778072849081084
RVNL,12,EXT,374,296,-78,-3.12,False,51732575.0,50285350.0,97.2024879875011
RVNL,13,EXT,48,2,-46,-1.84,False,50895350.0,47694375.0,93.71067297896566
KPITTECH,1,EXT,996,50,-946,-37.84,False,2442800.0,0.0,0.0
KPITTECH,2,MOD,122,420,298,11.92,True,3347200.0,2676000.0,79.94741873804972
KPITTECH,3,EXT,363,142,-221,-8.84,False,2496400.0,2165600.0,86.74891844255728
KPITTECH,4,EXT,153,82,-71,-2.84,False,2895200.0,2394800.0,82.7162199502625
KPITTECH,5,MOD,46,85,39,1.56,True,3662400.0,3048400.0,83.23503713411971
KPITTECH,6,MOD,374,402,28,1.12,True,3496000.0,3004800.0,85.94965675057209
KPITTECH,7,EXT,99,610,511,20.44,True,5729200.0,1034800.0,18.061858549186624
KPITTECH,8,EXT,2,390,388,15.52,True,4354800.0,2423600.0,55.653531735096905
KPITTECH,9,MOD,1,543,542,21.68,True,3526400.0,1102000.0,31.25
KPITTECH,10,EXT,224,366,142,5.68,True,4756400.0,3044800.0,64.01480111008325
KPITTECH,11,MOD,189,155,-34,-1.36,False,4268400.0,4017200.0,94.1148908256021
KPITTECH,12,MOD,374,78,-296,-11.84,False,3618000.0,3163600.0,87.44057490326146
KPITTECH,13,EXT,99,332,233,9.32,True,3748925.0,3345175.0,89.23024600385443
KPITTECH,14,EXT,424,110,-314,-12.56,False,4938075.0,4189650.0,84.84379034340304
KPITTECH,15,MOD,325,399,74,2.96,True,8208025.0,8007850.0,97.56122818826697
KPITTECH,16,NON,244,57,-187,-7.48,False,6686950.0,5893050.0,88.12762171094445
KPITTECH,17,EXT,299,355,56,2.24,True,8545900.0,8378025.0,98.03560771832106
KPITTECH,18,EXT,114,549,435,17.4,True,8194850.0,2691950.0,32.84928949279121
KPITTECH,19,EXT,106,124,18,0.72,True,15018725.0,14714925.0,97.97719180556273
ASTRAL,1,NON,1377,1476,99,3.96,True,4392990.0,3359151.0,76.46616541353383
ASTRAL,2,MOD,150,257,107,4.28,True,4518504.0,4301240.0,95.19168291098116
ASTRAL,3,EXT,952,41,-911,-36.44,False,5622073.0,0.0,0.0
ASTRAL,4,NON,199,304,105,4.2,True,5776947.0,5637854.0,97.59227495076551
ASTRAL,5,NON,249,100,-149,-5.96,False,5768506.0,5523350.0,95.7500954319888
ASTRAL,6,NON,49,309,260,10.4,True,5808509.0,4849171.0,83.48391988374297
ASTRAL,7,MOD,424,548,124,4.96,True,6500671.0,2310999.0,35.55016089877491
ASTRAL,8,MOD,198,450,252,10.08,True,6068712.0,1655904.0,27.285921625544265
ASTRAL,9,MOD,321,520,199,7.96,True,5555600.0,5182875.0,93.29100367197063
ASTRAL,10,MOD,196,221,25,1.0,True,8389500.0,7622800.0,90.8611955420466
ASTRAL,11,NON,399,525,126,5.04,True,7980225.0,2667725.0,33.42919529211269
ASTRAL,12,MOD,274,355,81,3.24,True,8924150.0,5243650.0,58.75797695018573
ASTRAL,13,EXT,149,462,313,12.52,True,8797500.0,2377875.0,27.028985507246375
ASTRAL,14,EXT,99,545,446,17.84,True,7847625.0,3671575.0,46.785810993772
ASTRAL,15,EXT,44,427,383,15.32,True,7375025.0,803250.0,10.891488503428802
ASTRAL,16,EXT,274,471,197,7.88,True,8483000.0,3694100.0,43.547094188376754
ASTRAL,17,EXT,266,455,189,7.56,True,10307525.0,8841275.0,85.77495567558653
ASTRAL,18,EXT,298,362,64,2.56,True,10868100.0,9135375.0,84.05678085405913
ASTRAL,19,EXT,0,41,41,1.64,True,8970900.0,8721425.0,97.21906386204283
ASTRAL,20,EXT,21,548,527,21.08,True,7111950.0,2439925.0,34.30739811162902
ASTRAL,21,EXT,399,444,45,1.8,True,8057575.0,3721725.0,46.189144997099
ASTRAL,22,EXT,74,516,442,17.68,True,7271325.0,769675.0,10.585072184230523
ASTRAL,23,EXT,103,0,-103,-4.12,False,7026100.0,6854825.0,97.56230341156545
ASTRAL,24,NON,48,50,2,0.08,True,5175650.0,5173950.0,99.9671538840532
BDL,1,NON,381,27,-354,-14.16,False,2165800.0,941850.0,43.48739495798319
BDL,2,NON,405,570,165,6.6,True,4060225.0,2032225.0,50.052029136316335
BDL,3,NON,349,131,-218,-8.72,False,4512950.0,4134000.0,91.6030534351145
BDL,4,NON,224,171,-53,-2.12,False,5684900.0,5387850.0,94.77475417333638
BDL,5,NON,49,369,320,12.8,True,4504500.0,2702375.0,59.99278499278499
BDL,6,NON,299,242,-57,-2.28,False,4713800.0,4227600.0,89.68560397131826
BDL,7,MOD,149,539,390,15.6,True,5162300.0,2598050.0,50.32737345756736
BDL,8,MOD,109,416,307,12.28,True,5055050.0,2642850.0,52.28138198435228
BDL,9,EXT,349,493,144,5.76,True,6099800.0,1924650.0,31.552673858159284
BDL,10,EXT,106,509,403,16.12,True,5297950.0,1796900.0,33.91689238290282
BDL,11,EXT,0,387,387,15.48,True,4177600.0,2024050.0,48.450067024128685
BDL,12,EXT,199,445,246,9.84,True,3696000.0,1002400.0,27.12121212121212
BDL,13,EXT,60,522,462,18.48,True,6568450.0,2307550.0,35.13081472797997
BDL,14,EXT,423,524,101,4.04,True,7752000.0,803675.0,10.367324561403509
BDL,15,EXT,326,36,-290,-11.6,False,7897775.0,7327850.0,92.78372706236883
BDL,16,EXT,363,584,221,8.84,True,8407775.0,3074875.0,36.571804074205126
BDL,17,EXT,51,23,-28,-1.12,False,7793225.0,7696325.0,98.75661231390086
IREDA,2,EXT,331,417,86,3.44,True,23695900.0,11182400.0,47.191286256272186
IREDA,3,EXT,257,364,107,4.28,True,45431400.0,20276800.0,44.631686454742756
IREDA,4,EXT,358,13,-345,-13.8,False,35498900.0,33622600.0,94.71448411077526
IREDA,5,EXT,199,106,-93,-3.72,False,57872400.0,43444900.0,75.070154339547
IREDA,6,EXT,274,594,320,12.8,True,41051550.0,11754150.0,28.632658206571982
IREDA,7,EXT,23,419,396,15.84,True,34486200.0,12495900.0,36.23449379751901
IREDA,8,EXT,402,540,138,5.52,True,35545350.0,9984300.0,28.088906143841598
IREDA,9,EXT,208,333,125,5.0,True,41596650.0,35783400.0,86.02471593265324
IREDA,10,MOD,360,0,-360,-14.4,False,37363500.0,33478800.0,89.60295475530933
IREDA,11,EXT,221,568,347,13.88,True,44294550.0,11029650.0,24.900693200405016
IREDA,12,EXT,308,395,87,3.48,True,61085700.0,32254050.0,52.801310290297074
IREDA,13,EXT,321,471,150,6.0,True,68296200.0,27420600.0,40.14952515659729
IREDA,14,EXT,74,539,465,18.6,True,62710650.0,9080400.0,14.479837156846564
IREDA,15,EXT,0,255,255,10.2,True,47848050.0,42252150.0,88.30485254884995
IREDA,16,EXT,198,447,249,9.96,True,42276300.0,10080900.0,23.8452750122409
IREDA,17,EXT,274,540,266,10.64,True,64142400.0,15663000.0,24.419104991394146
IREDA,18,EXT,396,470,74,2.96,True,65110225.0,31724775.0,48.72472027243033
IREDA,19,EXT,389,516,127,5.08,True,87676400.0,8371250.0,9.547894302229562
IREDA,20,EXT,153,589,436,17.44,True,96441325.0,14855575.0,15.403744193684606
IREDA,21,EXT,37,50,13,0.52,True,78142225.0,78033625.0,99.86102264172796
VOLTAS,1,MOD,1365,1067,-298,-11.92,False,7809600.0,1296000.0,16.59496004917025
VOLTAS,2,MOD,100,281,181,7.24,True,10821900.0,9750300.0,90.09785712305603
VOLTAS,3,MOD,524,31,-493,-19.72,False,8192400.0,0.0,0.0
VOLTAS,4,MOD,74,84,10,0.4,True,9981600.0,8838300.0,88.54592450108198
VOLTAS,5,MOD,74,431,357,14.28,True,11327100.0,3097200.0,27.343274094869827
VOLTAS,6,MOD,48,44,-4,-0.16,False,11932800.0,11836200.0,99.19046661303298
VOLTAS,7,MOD,224,509,285,11.4,True,13497600.0,10810500.0,80.09201635846372
VOLTAS,8,EXT,124,422,298,11.92,True,12671700.0,9354300.0,73.82040294514549
VOLTAS,9,EXT,24,617,593,23.72,True,11713875.0,2283750.0,19.49611038191888
VOLTAS,10,EXT,252,443,191,7.64,True,11164875.0,864375.0,7.741913814529943
VOLTAS,11,EXT,424,544,120,4.8,True,10705125.0,3634875.0,33.954531124111114
VOLTAS,12,EXT,324,428,104,4.16,True,12701250.0,894000.0,7.038677295541778
VOLTAS,13,EXT,299,375,76,3.04,True,15489375.0,11981625.0,77.35383125529597
VOLTAS,14,EXT,53,570,517,20.68,True,11123625.0,1363125.0,12.254323568081448
VOLTAS,15,EXT,349,381,32,1.28,True,10833375.0,7596750.0,70.1235764477829
VOLTAS,16,EXT,24,517,493,19.72,True,12705750.0,2557125.0,20.125730476359127
VOLTAS,17,EXT,447,464,17,0.68,True,11221875.0,10544250.0,93.96157059314955
VOLTAS,18,EXT,149,260,111,4.44,True,12931500.0,10722375.0,82.91671499826006
VOLTAS,19,EXT,299,437,138,5.52,True,11650875.0,3702000.0,31.77443754224468
VOLTAS,20,EXT,149,235,86,3.44,True,10128375.0,8545875.0,84.37557851086675
