tau,session,f1_oi_median,f1_oi_q25,f1_oi_q75,f1_oi_n,f2_oi_median,f2_oi_q25,f2_oi_q75,f2_oi_n,spread_median,spread_q25,spread_q75,spread_n
-250,-10.0,0.9042835686850206,0.8401933340662671,0.953311164893378,94,0.06738610436976981,0.04265442146035878,0.12052846181034993,94,0.18591861895164208,0.11100135675829494,0.31957647864667493,94
-249,-9.96,0.9023322495124242,0.8360786466075517,0.9511309679237947,94,0.06721470345732443,0.04067952080108876,0.12080839602733857,94,0.18726631240493674,0.10497838348617299,0.309403514786393,94
-248,-9.92,0.9035962637881036,0.8394087121611644,0.9518918360676616,94,0.0670012652502235,0.03825614784355529,0.11676015154077686,94,0.18570402298850525,0.10553417592645192,0.3210088861752707,94
-247,-9.88,0.9044389276266489,0.8452582261611277,0.9554251672201082,94,0.06822099784975914,0.04388937821976014,0.12445172802702545,94,0.18417913105412964,0.10227950065106604,0.32351950113612654,94
-246,-9.84,0.9066164287643201,0.8443360697038185,0.9554191011556052,94,0.06745514873904582,0.04054366337001358,0.11779403714166747,94,0.18939210143117685,0.09880941856227882,0.349719972415322,94
-245,-9.8,0.9047341356938577,0.8421690893578836,0.9544468023493565,94,0.0677301162054052,0.04348387933932918,0.11827319161561119,94,0.18920794448432712,0.09054900624141973,0.34116408408629406,94
-244,-9.76,0.9041930914242127,0.8439352982021587,0.9565210922855476,94,0.06815029203136894,0.04085107704603174,0.12376358971506961,94,0.1942719420751557,0.097643397799821,0.3602367930607313,94
-243,-9.72,0.9018193780134078,0.841580487298192,0.9506348154373301,94,0.06854060905843733,0.04083518940344015,0.13088054734225413,94,0.20099764860924885,0.0967678553288402,0.3494545310443788,94
-242,-9.68,0.9002785158625989,0.8406118611061792,0.9540156464251146,95,0.068324142443219,0.035889003568233546,0.11890269216461456,95,0.17924041931603188,0.09173402877410913,0.34523580337626814,95
-241,-9.64,0.903640871721258,0.8425371508138964,0.9543952068773374,95,0.06868278138643381,0.036901420528189205,0.1244037191344848,95,0.17901628872564615,0.10539931621810031,0.33624332925690714,95
-240,-9.6,0.9038118517539803,0.842163073997747,0.9544794684214406,95,0.06932169098072623,0.04105399609345317,0.12502186763480586,95,0.191310975609754,0.10696290158469049,0.34939333724689003,95
-239,-9.56,0.9035475985994583,0.8420963389281426,0.9542131042772464,95,0.06932169098072623,0.04071081706006108,0.11976662764150439,95,0.1800000000000022,0.11413970651848684,0.3503770900440514,95
-238,-9.52,0.9005746728519006,0.8421310876945614,0.9525294099874436,95,0.06921520604834416,0.040527017014618825,0.12609148927378613,95,0.17798165137614577,0.12175897882783257,0.35401242455344406,95
-237,-9.48,0.899113643558088,0.84104206727036,0.9548500673293268,95,0.07159547621273016,0.042491630437163794,0.13370646410459053,95,0.17834862385320965,0.11614565206890229,0.35763995167136486,95
-236,-9.44,0.9057527931619553,0.8504491469560846,0.955332909815674,95,0.07012519433761558,0.04041813035483885,0.12426796145345326,95,0.193971803597472,0.1098032359336448,0.3546387257574614,95
-235,-9.4,0.9053734210273578,0.8535559298163775,0.9578816533082408,96,0.07116418802277547,0.03414410991458602,0.12921035103458908,96,0.2221391077848558,0.12047523464325599,0.3659824134057243,96
-234,-9.36,0.905787013158791,0.853870088632307,0.9527960606060619,96,0.07116418802277547,0.04499854649044745,0.13076928787709688,96,0.21823629140891643,0.12006140694169298,0.35299552574054077,96
-233,-9.32,0.9081852630140045,0.8609645963453718,0.9533623210539659,96,0.07335268620049734,0.04946316288392225,0.13105189477363124,96,0.2226773037642979,0.12587028175733944,0.3513569466248016,96
-232,-9.28,0.9088326222214659,0.861061522709609,0.9564089844086018,96,0.0745930351457019,0.05072269911685473,0.13452432363836614,96,0.21285485469139462,0.1255018362126764,0.36743129141300596,96
-231,-9.24,0.9123323472504712,0.8651447957148588,0.9579381470465544,96,0.07351897618016923,0.046375698071696336,0.1348384188814673,96,0.21910378797486021,0.1312716974830924,0.353200604969866,96
-230,-9.2,0.9099928101914735,0.8485437557214237,0.9603129810708781,96,0.07482827914368476,0.04588971927143264,0.13535863068561627,96,0.22562519313203766,0.1250693862285987,0.3509897705525223,96
-229,-9.16,0.9105352802933812,0.8499772441302018,0.960736147934916,96,0.07537252907905787,0.04994425173908611,0.13619112366076416,96,0.22431540871279426,0.12615105340962307,0.34923069991259015,96
-228,-9.12,0.9126457345652588,0.8493933096338953,0.9583564419920014,96,0.07502262355908869,0.05056288428889835,0.13647189340042115,96,0.22356778992116014,0.12390654784331001,0.3698306421119603,96
-227,-9.08,0.9132065736768615,0.8503618668110642,0.9607938979914501,96,0.07601245248935165,0.05060478289077412,0.13718711326446983,96,0.22066905801921927,0.12311409550045761,0.3741265130000295,96
-226,-9.04,0.9146235097781703,0.8553533431420808,0.9629660483542523,96,0.07590784933569002,0.04923930203568652,0.13640394031527858,96,0.22124458893803245,0.13246738778155526,0.36638727950219024,96
-225,-9.0,0.9155392368456349,0.8528176355567902,0.9596951774130704,96,0.07555191915463802,0.047812994164840715,0.1371100703419088,96,0.22576360424876407,0.12718967752389854,0.36101017225441046,96
-224,-8.96,0.913818113695563,0.860316552290496,0.9593271343774095,96,0.077104339480947,0.05493506603921611,0.1396110976379357,96,0.23187809436578116,0.11729234965130256,0.3576500586203094,96
-223,-8.92,0.9130507454703484,0.8679629998010742,0.9594969395562356,97,0.07618667730355005,0.04893393918210416,0.13858853998057624,97,0.23002853067047407,0.1259115216334472,0.36192524872277654,97
-222,-8.88,0.9125158788527111,0.8737825082839642,0.9605105199974727,97,0.07511660256934784,0.04899748975247053,0.13965684687601165,97,0.23187183811129528,0.14061358655953143,0.3630008066684605,97
-221,-8.84,0.9116963700285011,0.8581948763629219,0.9601464621185598,98,0.07613826940198837,0.04643124602101302,0.14173221251910137,98,0.2475594522284697,0.14975443081773104,0.36499097690627735,98
-220,-8.8,0.9130070442976019,0.8590526380366166,0.9600448343824373,98,0.0771151121686863,0.047102945391366315,0.14192239422985614,98,0.24405858446350065,0.15043466807165057,0.37845223912616444,98
-219,-8.76,0.9095123049291827,0.8565671311151968,0.9592559759217296,98,0.07705550894277632,0.051022016709515186,0.14236952218754584,98,0.23232531612857726,0.15880614917141375,0.37664404133236057,98
-218,-8.72,0.9137979596893566,0.8656140465807097,0.963767105987175,98,0.07769545504717268,0.05709558345080582,0.15197914000563512,98,0.23333842326185977,0.1621667381791388,0.3867218102052548,98
-217,-8.68,0.911184180774824,0.8663041673806772,0.9634640403533198,98,0.07791885653455423,0.05302351676717697,0.1533672316227289,98,0.23250533930047224,0.16402777777777777,0.3899494341093352,98
-216,-8.64,0.9123875821044847,0.8665268064359722,0.9634408356728216,98,0.0794276647132823,0.05043018157146377,0.1559804893325342,98,0.2347986583815329,0.1631060546976546,0.3653754693330688,98
-215,-8.6,0.9100085998435934,0.8559861564581428,0.9602708519315175,98,0.07912557482726526,0.051854422151156286,0.14824128517393978,98,0.23338000490211122,0.16316082353659556,0.386405210643017,98
-214,-8.56,0.9157980310092912,0.8720695835934792,0.9603661944449547,98,0.0792035175073014,0.05194191853643465,0.14904271404562736,98,0.23411944862197975,0.15847820139769767,0.4016542928312572,98
-213,-8.52,0.9105409911953939,0.8610924703646399,0.9608595533621098,98,0.08147187639495708,0.052392801116997685,0.15841041940819214,98,0.23465493749976557,0.1651944698819686,0.42995346410295093,98
-212,-8.48,0.9110174073926136,0.8639522530277775,0.9603970661343252,98,0.080207807745307,0.04795916809938606,0.1514625013617857,98,0.23506552315126278,0.15203345836802884,0.42125060456154073,98
-211,-8.44,0.9125897869891677,0.8641327793449916,0.9612774535691773,98,0.0805422466737124,0.046718209342031775,0.15259353058228167,98,0.24242798943779353,0.16370236193518703,0.4182184748849368,98
-210,-8.4,0.9138166322311283,0.8608157894736842,0.9614619399858761,98,0.08552320677315023,0.05310748712804839,0.16272670949710535,98,0.2428580044883204,0.17112347312313891,0.40916740335633817,98
-209,-8.36,0.9206811099196963,0.8705871133098697,0.961112771957054,98,0.08545086560678539,0.057677068017699326,0.16435744201282748,98,0.2457236572971991,0.16479722354592874,0.41090726610429484,98
-208,-8.32,0.9195309544554844,0.8681988931345412,0.9609112068269549,98,0.08443181223944757,0.04849373853110728,0.1552549632043168,98,0.25369973682961044,0.16913959642593634,0.4101854438215391,98
-207,-8.28,0.9192150787151786,0.8660642548399986,0.9611735714007582,98,0.08226922180818474,0.05332515769813133,0.15680184127200578,98,0.2603692466684904,0.1739055863253391,0.43073064512239556,98
-206,-8.24,0.9219478422812617,0.8704117854870909,0.9615898870457066,98,0.08263168136670457,0.05552482966199394,0.1578245656157845,98,0.2654378407575321,0.1856726334787207,0.4337164298106848,98
-205,-8.2,0.9219743359905568,0.8766925357503721,0.9616821684076804,98,0.08544945475537459,0.05710181619376245,0.16780255757756696,98,0.26164860992421096,0.18175581401435797,0.450058360999855,98
-204,-8.16,0.9218064187233701,0.8754696845346179,0.9625395582687134,98,0.0834504035806202,0.0535203476386903,0.15786607583437662,98,0.26180438054462774,0.17450224065502914,0.4262902866817878,98
-203,-8.12,0.9200005824817082,0.8715693140548862,0.9626967996042834,98,0.08541278737761065,0.057263628491497076,0.15898038150163227,98,0.25709305437934993,0.18297883050984334,0.4132890245143701,98
-202,-8.08,0.9235611733306881,0.8719322307790699,0.9624885745512741,98,0.08589748485145857,0.05724340195428025,0.15944580367952882,98,0.2562193430317662,0.17167330200446415,0.4160093032514749,98
-201,-8.04,0.9198299266362367,0.8644190544123672,0.962278922188733,98,0.08656214003745993,0.05536472065989781,0.16805355658515336,98,0.2583920325224973,0.17165274748434414,0.41510676449447176,98
-200,-8.0,0.9226507047856319,0.8742981337460207,0.9604456475965459,98,0.08694394530066903,0.05511871084460731,0.16010260094874498,98,0.26859942722128183,0.17351401054032495,0.4097215304537696,98
-199,-7.96,0.91616431410137,0.8663999160220555,0.9603391225580834,98,0.08628513180031205,0.05521630428209427,0.16034364892560438,98,0.2687805708062631,0.1802727040754741,0.4091878598066708,98
-198,-7.92,0.9159609071441753,0.8662822259551131,0.9596661274111286,98,0.0871777930492928,0.0528254886896488,0.16136258520786434,98,0.27368223305545314,0.17589255049153424,0.42207160461798165,98
-197,-7.88,0.9216176462616257,0.8733594815550224,0.9622559497258025,98,0.08658115421130555,0.05487270102931681,0.16193616293022378,98,0.2748586552631297,0.17986614509665433,0.4413423294342403,98
-196,-7.84,0.9226769901363361,0.8728435549958085,0.9625752487578798,98,0.08777738566917939,0.058840345256466926,0.16270919544848694,98,0.28004248426768374,0.175212772327193,0.4268398707489928,98
-195,-7.8,0.9212749020610761,0.8734269626699445,0.9601724237338839,98,0.08829880927084098,0.057424166520225056,0.16380690851641339,98,0.2859125164276124,0.175803601116042,0.410580184638153,98
-194,-7.76,0.9193794285813575,0.8724629207624117,0.9565386288061911,98,0.08977677006425988,0.057424166520225056,0.17243413605834132,98,0.29065038072313953,0.17987411421530872,0.41864728502659876,98
-193,-7.72,0.921890597990187,0.8720101313355124,0.9600197291192747,98,0.08923681069309572,0.05763053282494257,0.16685251618491886,98,0.2921939655971152,0.17172611476859678,0.4165480227821022,98
-192,-7.68,0.9226348552698144,0.8692011390909457,0.9593428126666106,98,0.0893458242068444,0.057645384160603524,0.16967684729163787,98,0.28902226111577806,0.17544917208878244,0.41662894895653596,98
-191,-7.64,0.9249668370267821,0.8727025218391596,0.957498768579423,98,0.08983907041252731,0.05530556133169798,0.17008093896293977,98,0.2840286838391004,0.1791854136245237,0.4162238608586857,98
-190,-7.6,0.9211153196188095,0.8644373665734231,0.9558376165704066,98,0.09041062616684692,0.0526978410464866,0.17217377349817917,98,0.28315959510563743,0.1735106183048321,0.43251128996690164,98
-189,-7.56,0.9215498539465181,0.8707544427803309,0.954584170735764,98,0.0922308419192785,0.059907767898456254,0.17468259434689107,98,0.2792788632722043,0.17082700193258862,0.43507922774711505,98
-188,-7.52,0.924461764345683,0.8745155976326346,0.9569604515609373,98,0.09630149920900552,0.054734719385116974,0.17701646464840448,98,0.2919728852070016,0.16738718051118204,0.4174309865359059,98
-187,-7.48,0.9252979306834888,0.873817263091663,0.9590360028928976,98,0.09702725932459243,0.05984448015046478,0.1780573754148282,98,0.29188852572860635,0.16567321356069886,0.42377619444922277,98
-186,-7.44,0.925646407096079,0.8726902051391946,0.9603830666529002,98,0.09574451106282529,0.04988105915621928,0.1786664118013783,98,0.3000662086458227,0.16070907686182767,0.42782498071016933,98
-185,-7.4,0.9276181732741433,0.8669365441647314,0.959590856336856,98,0.0983400316498297,0.05240749683933148,0.17922970312937014,98,0.29784995716769225,0.17500850503515722,0.4327378366560518,98
-184,-7.36,0.9262960888408187,0.8735476447704049,0.958333013964312,98,0.10097536948983046,0.05446675372902316,0.1815134152007524,98,0.2944361152756927,0.17031957052897098,0.428168094086367,98
-183,-7.32,0.9255136087231495,0.8720274865532762,0.9597754149361156,98,0.10152250663596626,0.05475865870321647,0.17869940176658994,98,0.2941880070469035,0.17804496970498865,0.4234090948160409,98
-182,-7.28,0.9266377015502207,0.8726990434742913,0.9598263114635642,98,0.10244121324837219,0.04969850066050334,0.17903250669791726,98,0.29498627003968425,0.16811174479363933,0.43666776777899685,98
-181,-7.24,0.9254073222860022,0.8744901528536025,0.959534697502138,98,0.10354615334855291,0.05253245068518433,0.17991463314741618,98,0.28952606016537424,0.17622528166229218,0.43322538419049084,98
-180,-7.2,0.9221243634334944,0.8673519900413912,0.9568197938413203,98,0.10559601071744498,0.05532795077637803,0.18411720712554588,98,0.2941866146437469,0.18595496859828287,0.4236083703001373,98
-179,-7.16,0.923788303876727,0.8671691663060419,0.9557885213052614,98,0.10444607046360187,0.05529037097295915,0.18162500595301184,98,0.29677173221909225,0.18150760890813722,0.43016846314497087,98
-178,-7.12,0.9261709672335912,0.8781734002182408,0.9600087731938225,98,0.10637203894672634,0.05333529142440244,0.18487583137535477,98,0.3031216803476591,0.18125040726204666,0.44265974547055464,98
-177,-7.08,0.9262064448285818,0.8712818807850818,0.9603379134807855,98,0.10518874247692953,0.050859919812558274,0.18301444849094964,98,0.3030631336342444,0.18178653331241473,0.4550251773460941,98
-176,-7.04,0.9251729921994314,0.8696909204375959,0.9625954303486568,98,0.10588423664888572,0.0563581882264674,0.18292160947380537,98,0.2956578248931906,0.16726858073185705,0.4346837966763209,98
-175,-7.0,0.9270746612617835,0.8701854262677926,0.9588333151139552,98,0.10662013479890534,0.061267629299542894,0.18298106721916768,98,0.2820158456700073,0.1619959582090914,0.4484467427068859,98
-174,-6.96,0.9283316259797381,0.8746135497734459,0.965755684916407,98,0.1076308009532135,0.059182103546400695,0.18289796793295893,98,0.29019611433828707,0.15204919456774263,0.4226055919230989,98
-173,-6.92,0.9263614449581039,0.8715581688938642,0.9642384922386553,98,0.10916246692719993,0.05563029177453528,0.18309424927130374,98,0.2887478056712989,0.1569761137008006,0.4124908551563664,98
-172,-6.88,0.9248409632030568,0.8726467989129473,0.9598752750642612,98,0.10989125910480056,0.05918789067502965,0.18517972438455424,98,0.2881234554738874,0.1669869453447562,0.4275723872643676,98
-171,-6.84,0.9248227761262291,0.8741288506821866,0.9595724390159941,99,0.10949458210199288,0.05729658913788692,0.1865371152158385,99,0.2906116851951595,0.16311872213029627,0.44975124523508064,99
-170,-6.8,0.9248078654019248,0.8755084647933778,0.9567431154642803,99,0.10979768129120254,0.06093180109193415,0.18680071787848018,99,0.2964885645722103,0.1704179583872457,0.43842722181415417,99
-169,-6.76,0.9215148478295269,0.8757121240693126,0.9538064345607181,99,0.1105506515342581,0.06195474009401289,0.1909919978160351,99,0.2985454723541782,0.18058336101410416,0.43501391360849906,99
-168,-6.72,0.9210171949451005,0.8729143888258013,0.9508134943030382,99,0.1109343032507388,0.05792090990068827,0.1909519015850808,99,0.3050100396689342,0.17458580678877156,0.4367983166660953,99
-167,-6.68,0.9213432788039825,0.8657429471524036,0.9493719984490735,99,0.11055542926422672,0.057816851628556286,0.1874096859263894,99,0.3067731034820492,0.1752718789666879,0.45163744332636824,99
-166,-6.64,0.9164490861618799,0.8716757307181022,0.9494430741875217,99,0.11102353930222783,0.06289247354417,0.19222735694326581,99,0.31021341463414703,0.18529290497552264,0.46357563785990175,99
-165,-6.6,0.9183691945559345,0.8761400437337206,0.9500201228156655,99,0.11139134089953762,0.05256652733463551,0.19247022195689234,99,0.31529457857877247,0.18617894824057596,0.46422074615124076,99
-164,-6.56,0.9191538159760992,0.8766222621609039,0.9511139077668653,99,0.11585750315258513,0.05259988950709857,0.1937770918962509,99,0.31020166073547123,0.18229587232383532,0.4723084886128385,99
-163,-6.52,0.9221436117424848,0.8780157589056126,0.9516127541994139,99,0.11617276166456494,0.06292715843196439,0.19720803612881443,99,0.3158822665164777,0.17999391727494307,0.48153146842261085,99
-162,-6.48,0.9223677049652655,0.8791076523480492,0.9548120157255765,99,0.11690836485918453,0.058824565314145594,0.19816060224269488,99,0.31617611048533,0.17821428571428286,0.46091400481301015,99
-161,-6.44,0.9224637449178859,0.8789131011264584,0.9582123713223781,99,0.11701345102984448,0.0612676685898184,0.20003322643998453,99,0.3104807741539096,0.17589002267573423,0.4677300326488419,99
-160,-6.4,0.9217792380109938,0.8767760990518947,0.9551392023928744,99,0.11664564943253468,0.06255842154624286,0.20333842266933144,99,0.31088691904598437,0.17402849740932394,0.46837867035510394,99
-159,-6.36,0.9213188136042729,0.8794649988478339,0.955411807740149,100,0.11844759285753476,0.06411965566673566,0.208668297375886,100,0.3192841291565901,0.18816909975669496,0.4679186002040536,100
-158,-6.32,0.9234617433000065,0.8811656694491796,0.9597045292233268,100,0.11969927147148433,0.0599514247493099,0.20974724809170714,100,0.3178363912366071,0.19059794920058362,0.47108689692982636,100
-157,-6.28,0.9236062422265214,0.8813399556552826,0.9606556072415103,100,0.12128898065730806,0.06601151852955144,0.20911839344637592,100,0.30907055651970017,0.18400029152090025,0.46015642935107653,100
-156,-6.24,0.9226236298807049,0.8823640822529679,0.9602824732780679,100,0.12173304714656438,0.06020288296832158,0.2093247728428141,100,0.3026150074558258,0.1817121721140341,0.4609729599227425,100
-155,-6.2,0.9232985650896098,0.8820325427468284,0.9581529581529582,101,0.12385338275487663,0.06215531892754327,0.2097424412094065,101,0.323759273217758,0.18480725623582225,0.4517556801416353,101
-154,-6.16,0.9220155584723245,0.8819738421684463,0.954791261085875,101,0.12409795793029325,0.055745464107283725,0.21061565851032998,101,0.31190727081137865,0.17991004497750437,0.4652031760859415,101
-153,-6.12,0.9246239843254769,0.8825677763730861,0.9566633266533067,101,0.12873421619956885,0.06225937359092643,0.21265397536394176,101,0.3078947368421084,0.17991004497750787,0.4576571259958696,101
-152,-6.08,0.9223997182828056,0.8831250716496618,0.955244818535614,101,0.12752255793927142,0.062328743366515206,0.2109882830290233,101,0.29446407538280384,0.18306801736613265,0.4583676834295111,101
-151,-6.04,0.9223073404985136,0.8845011688886081,0.9587174348697395,101,0.1278969635703321,0.06631288101399062,0.2111467522052927,101,0.2915070242656452,0.18400481058328347,0.4578918014500902,101
-150,-6.0,0.9212211296592728,0.8857105572230197,0.9588069137130943,101,0.12834625032760494,0.06491337925276561,0.21156792116921294,101,0.3050956783487423,0.19999999999999976,0.460703715882934,101
-149,-5.96,0.9162930534310881,0.8782685237922643,0.953125,101,0.12890785877419597,0.06683673469387755,0.21454891731875958,101,0.3223468338312337,0.2022979072630224,0.4594275597521396,101
-148,-5.92,0.9244741873804971,0.8858281986226894,0.9555615892840981,101,0.1298121342777949,0.07553061310603823,0.21635926222935045,101,0.31301068510370444,0.19849246231155893,0.4646554273883439,101
-147,-5.88,0.9255497131931166,0.8827091217538823,0.9557426011403747,101,0.12782128051589128,0.06402830286844022,0.21598737636146711,101,0.3215547703180238,0.20150753768844404,0.4599230996746499,101
-146,-5.84,0.9283481145919734,0.8832311105311236,0.9559753461938686,101,0.12801320436050975,0.06644402699506018,0.21629526998422044,101,0.33813245577951645,0.19296482412060462,0.45962732919254423,101
-145,-5.8,0.9231780462992828,0.8781752373155993,0.9537022820601763,102,0.12887521037897248,0.06464962762443946,0.21630615057077218,102,0.330316492755999,0.18354532163742432,0.4705810783091305,102
-144,-5.76,0.9283947572820311,0.8810485794092389,0.9543155511698398,102,0.1295043101400341,0.07351419098618998,0.21751507402633577,102,0.3315774385436819,0.18086538461538654,0.4651431075384864,102
-143,-5.72,0.9278193388042628,0.8816574711426381,0.9549642186082428,102,0.1287762576144405,0.06971117330427316,0.21848673201011296,102,0.3293535219087841,0.18399000111983987,0.4705176131880213,102
-142,-5.68,0.9252102652577098,0.879567047905708,0.9562045921781595,103,0.13054659910947336,0.06640038286729458,0.22094306009826226,103,0.34283769531688274,0.1782397934601579,0.4726852952091969,103
-141,-5.64,0.9243907698943282,0.8802674530873793,0.9535014177349241,103,0.13268935564790896,0.06672931580883222,0.22143597330981846,103,0.33437110834370914,0.1811272366711012,0.4781388986612801,103
-140,-5.6,0.925172231054584,0.881285323403949,0.9539752635522982,103,0.13351304803624248,0.07236807344296942,0.22189104740746207,103,0.33872976338729605,0.18277811643629016,0.47682848458843363,103
-139,-5.56,0.9263693696577776,0.8825856140924815,0.9571892388569098,103,0.13426185929836384,0.06682988984582827,0.22471266583361604,103,0.33834862385321,0.1843573509916514,0.4865155050498136,103
-138,-5.52,0.9269095751119719,0.88230524998194,0.9581066999530377,103,0.13672260612043435,0.06530573982912723,0.22492928525134537,103,0.32831154064809465,0.18912611198325802,0.49605876775416935,103
-137,-5.48,0.9263063867798124,0.8842122635630596,0.957354713757022,103,0.1299132892776653,0.055922784725153676,0.2262413905517907,103,0.3409326424870476,0.200114468864469,0.48596435040241287,103
-136,-5.44,0.9275186626682831,0.8862110408081667,0.9588389869064076,103,0.1400542941757157,0.06530573982912723,0.23126335708796958,103,0.34126984126983834,0.1915326317913269,0.4918534378898359,103
-135,-5.4,0.9271039367064379,0.8860105537336551,0.9571765245466961,103,0.13858946720049276,0.06527095238043872,0.23174669523941344,103,0.34433374844333653,0.1651952474841898,0.48897371454866834,103
-134,-5.36,0.9258917766380453,0.8767598800511707,0.9569367069576823,103,0.1388204496458269,0.06565361431601235,0.22971308855069994,103,0.34718222953517086,0.17119518151586804,0.4924570222008067,103
-133,-5.32,0.9329136908364605,0.8864105346460139,0.9578345995642328,103,0.1388204496458269,0.062325589320049335,0.23174783885120792,103,0.3360756890168664,0.1835832898732258,0.49180369773474664,103
-132,-5.28,0.9337126255901222,0.8861586608627114,0.9578265464662914,103,0.13889744379427163,0.06575797666207789,0.23257441347872415,103,0.33623910336239166,0.17679417495641567,0.4911027978355337,103
-131,-5.24,0.9328877365134893,0.8775285003483015,0.9582244089903114,104,0.13909028229665696,0.06343705568708656,0.23273653998188976,104,0.3459475944798832,0.17781535875926635,0.4891038325189578,104
-130,-5.2,0.9320565289812767,0.8815534587461127,0.9592950007720502,104,0.138250302257368,0.061314122960615385,0.23379104100140463,104,0.34852659599309044,0.17007710716531083,0.48866452273703403,104
-129,-5.16,0.9355567030361678,0.8827481508742017,0.9606141028550874,104,0.1430906348398323,0.06713880568231773,0.23851354025356314,104,0.3523293795806728,0.17489471344729265,0.4911961691791688,104
-128,-5.12,0.9360306691323648,0.8829514463180259,0.9621239326185097,104,0.14336737091694512,0.06910611739657649,0.23868855966704816,104,0.3546716282292828,0.1731185345277362,0.4982015912557175,104
-127,-5.08,0.930779770844808,0.8819799187534202,0.9626277956115007,104,0.13985538226731858,0.0624398850111164,0.23992598765431672,104,0.35572439695198166,0.18175116468359265,0.4997436216456229,104
-126,-5.04,0.9333339677147883,0.8830296484705475,0.9646910757566516,104,0.14032912494324773,0.06826705895412315,0.24059572291791612,104,0.36297887388869055,0.17790038210973796,0.49871506007792815,104
-125,-5.0,0.9335096406649892,0.8847308126733193,0.9592170750170377,104,0.1410577025535728,0.07433747770953042,0.24263161082937504,104,0.3709679413851148,0.17643773988548397,0.4999860382361835,104
-124,-4.96,0.932545426674182,0.8831330080764034,0.9579067233930668,104,0.14074400614002175,0.06248321225086886,0.2441568162426241,104,0.377977687732583,0.18908514405296753,0.5055341807498479,104
-123,-4.92,0.9292592150349472,0.888408032793797,0.9581239141394529,104,0.14241703409959783,0.06199824884619315,0.24570454142861106,104,0.379908659044749,0.18792575094530556,0.5062994847304205,104
-122,-4.88,0.9312767842678397,0.8918306279987842,0.9609448503858161,104,0.14635504161990587,0.07320197372165141,0.25050191173895836,104,0.39452513212111057,0.2026468264595158,0.5008757798258346,104
-121,-4.84,0.9298129481519504,0.8829198311460882,0.9607391242740864,104,0.14485254345202006,0.07469845948087972,0.2495348209348534,104,0.39044327191670963,0.19954104693952338,0.515848015219207,104
-120,-4.8,0.929591040512425,0.8831991600206535,0.9606897622362314,104,0.14184140409237694,0.06265680101158808,0.2508203187060966,104,0.4091762651036907,0.1819563445172328,0.5224965090263014,104
-119,-4.76,0.9315017085323474,0.8848230828495961,0.9604721462102109,104,0.1455106211249279,0.0750396326063168,0.25276591777187946,104,0.3941732258125611,0.18076740079796522,0.5312328025127948,104
-118,-4.72,0.930643679338544,0.8799404542050453,0.9619014097565921,104,0.14956029337725435,0.0763383371799681,0.2550756177641218,104,0.38941364180294913,0.19747778305974284,0.5249623087275161,104
-117,-4.68,0.9276656237142832,0.8837455501837502,0.9608579076514587,104,0.1494734262551331,0.07521894367001455,0.24971781486846534,104,0.3955984296601064,0.1925407796494758,0.5182214724589026,104
-116,-4.64,0.9282420160187765,0.8894216374242876,0.9634883435597619,104,0.15347748110203047,0.06611641725765563,0.2572359886417257,104,0.3957019916400307,0.18910256410256288,0.5181858706345355,104
-115,-4.6,0.9243890326528621,0.8880320774913981,0.9623541373197948,104,0.1561242070934617,0.07532417728864792,0.25274176841958895,104,0.39307721574686416,0.19882737045435683,0.5257730864593342,104
-114,-4.56,0.9268017205314527,0.8889738662466599,0.9602495369029821,104,0.15605216829888102,0.07108953549856695,0.2641022020342788,104,0.38199075435079877,0.19928484214198722,0.5205450120959485,104
-113,-4.52,0.9275490869038965,0.8876742111235346,0.9607876371758921,104,0.1602828322587717,0.07542980389236469,0.26635778812145994,104,0.3821761385817724,0.1883580275569336,0.5239359974009227,104
-112,-4.48,0.9280215154001412,0.8876198338243074,0.9588182871561141,104,0.15219930321775565,0.06628360624688957,0.2578295256395551,104,0.38006390068008256,0.2048670819486282,0.5216722151296082,104
-111,-4.44,0.927037774766597,0.8879473433195175,0.9662821143324072,104,0.15807113551821084,0.0806223639284675,0.2593343341379125,104,0.3929865861607401,0.20306776556776718,0.5095329614169872,104
-110,-4.4,0.9271039367064379,0.8883454533753781,0.9656494647707301,105,0.15535064769319124,0.06593597169713156,0.2704091106022158,105,0.3803278688524555,0.19798868636077607,0.5079846694346858,105
-109,-4.36,0.9248123351592615,0.8846277969018933,0.9635066766193913,105,0.1541578236542543,0.06789843572885967,0.2582287914544777,105,0.3795935464085636,0.18602472836268327,0.5058561070831019,105
-108,-4.32,0.9248123351592615,0.883686656841628,0.9665258876896605,105,0.16169744197865493,0.07024106400665005,0.2708901363271852,105,0.38035264483626646,0.18856065367692945,0.5075934579439271,105
-107,-4.28,0.9260943087627865,0.8882713248638838,0.9662130455185359,105,0.16144333389801796,0.07913568121229128,0.27637947725072604,105,0.38971807628523103,0.20013736263735882,0.5213114754098332,105
-106,-4.24,0.9254436947079083,0.8863412865935454,0.9633091303912569,106,0.16015513972848333,0.07671050210572739,0.2602325451384459,106,0.38592148681228877,0.19821661585082181,0.5212765714172465,106
-105,-4.2,0.9225138696031983,0.8840759302297866,0.9629258281327452,106,0.16448284023078993,0.07734563612652871,0.27134748287207144,106,0.3831089202306467,0.1868097964463597,0.5181309165638248,106
-104,-4.16,0.924758059430985,0.8865976323091711,0.9662521404120747,106,0.16620396408605795,0.08044232346617541,0.2724549314101037,106,0.3866662829647878,0.1709878461568912,0.5251664173208559,106
-103,-4.12,0.9261399346120038,0.8861041156550215,0.9667675773551896,106,0.16323872993934993,0.08267542966686789,0.27061875539987024,106,0.3904371175343182,0.1785723760020571,0.5323541210246109,106
-102,-4.08,0.9237859846664744,0.8827204716015408,0.967896706646069,106,0.16011953907264626,0.07995090576936614,0.27352976502277265,106,0.38394748871139994,0.1970997532607704,0.5379534316978132,106
-101,-4.04,0.9253375323243817,0.8852770877293941,0.9683336448292164,106,0.1613474408035275,0.07250560880290535,0.2745102642068203,106,0.40344571961368847,0.21538133442990043,0.5276897041374093,106
-100,-4.0,0.9229864069791033,0.8843762202079338,0.9650719526800875,107,0.16593257665593766,0.08147504637049333,0.27321815307925207,107,0.4047256097560939,0.22321159056879783,0.5453609070584478,107
-99,-3.96,0.9250117694532248,0.8860319074243308,0.9641481133172858,107,0.16519575904756265,0.07601906727266125,0.27382743550363625,107,0.3894817073170695,0.22393267651888138,0.5477959972530407,107
-98,-3.92,0.9244064832873764,0.8861109546891772,0.9610626012293779,107,0.16618668473657464,0.08316905137396419,0.2765202936074394,107,0.39253048780487504,0.22244092300682852,0.5484849489401826,107
-97,-3.88,0.9236762020693853,0.8816463329264599,0.9602297410192147,107,0.1725779210809151,0.07873047801649471,0.2867262844185193,107,0.3841463414634106,0.22293937872010416,0.5450841865178375,107
-96,-3.84,0.9238830667402096,0.8853267616934022,0.9584480359894512,107,0.17669108877151132,0.07393620733724489,0.2796410740515981,107,0.37810945273631363,0.24071661835234848,0.5416991578487516,107
-95,-3.8,0.9222972972972973,0.8771801688075886,0.9573371550896177,107,0.1740804359414796,0.08531376516647587,0.28641585753367876,107,0.38046455015721703,0.2387879443773881,0.5336938816596204,107
-94,-3.76,0.9221594043022614,0.8765068785121157,0.9580083654272942,107,0.17590078973346496,0.0752388421398888,0.28982638034412633,107,0.38100723298901235,0.21827932074957232,0.5361701366709238,107
-93,-3.72,0.9156592634242339,0.8732432285768776,0.9554836861265653,107,0.17559230009871668,0.06797817200169542,0.2904717498181502,107,0.3838568298027748,0.22193511917878228,0.5440058155825467,107
-92,-3.68,0.9139087172831495,0.8729427918247217,0.9548285211992351,107,0.18432742995913048,0.08646129069399389,0.30424053084943103,107,0.39226833428084096,0.21227190900201431,0.5483419211104459,107
-91,-3.64,0.9172523662262206,0.8704540370002684,0.9536520832885842,107,0.18788130071669726,0.08274090131886498,0.30571997178832494,107,0.3838568298027748,0.20989189420902582,0.5414288663501193,107
-90,-3.6,0.9187628630230963,0.869766818533359,0.9515966527945862,107,0.17929417571569595,0.08749732232860667,0.302347184609032,107,0.3844393592677312,0.21315267814110594,0.5486238561265842,107
-89,-3.56,0.9143413367942894,0.8616776580033106,0.9494169125782982,107,0.19090209086062904,0.0772201214407705,0.3168467244314107,107,0.38063740228502435,0.2144568178407002,0.549461785923288,107
-88,-3.52,0.9134653861544618,0.8643856629108448,0.9503804742387569,107,0.18015794669299112,0.0724739691207335,0.3094707081361845,107,0.3772826880934977,0.2166354324700719,0.5575264656485386,107
-87,-3.48,0.9117197062423501,0.855581154770731,0.9482710564289512,107,0.185895853899309,0.08385525841885227,0.3193138378278986,107,0.39624786810687807,0.22456592125851302,0.5668710002029762,107
-86,-3.44,0.912700228832952,0.8575639141226161,0.9520184482292089,107,0.19593316519546028,0.08893554743150683,0.34045151206222746,107,0.4027856736782256,0.23163893781405293,0.5756685948026531,107
-85,-3.4,0.9087319467620358,0.856282191133545,0.9492725290660925,108,0.19028245793633902,0.08580276357941032,0.3284886842611098,108,0.40377025772137665,0.2311249717962874,0.5820336402704949,108
-84,-3.36,0.9053775743707094,0.8452641625961484,0.945321675583975,109,0.19577553593947036,0.07258930488939795,0.34738651299160855,109,0.3993178401262598,0.2386831275720187,0.5811771396076194,109
-83,-3.32,0.9058352402745995,0.8445075757575757,0.9456121215694366,109,0.1960907944514502,0.08187003332478851,0.3478920230512587,109,0.39278795449275594,0.2409240924092416,0.5939721353426208,109
-82,-3.28,0.9058189627734067,0.84171058972656,0.9450200794646809,110,0.19723961667469378,0.0780790462883801,0.3327339280741662,110,0.38587760088418144,0.24792676221735666,0.598869346733668,110
-81,-3.24,0.9033894335766344,0.8355359074775035,0.947552556796502,110,0.19583999587954323,0.08492917290561044,0.34185523679350527,110,0.39720722098281214,0.25305756427806003,0.5944774582299246,110
-80,-3.2,0.9040504139531338,0.8366505073250418,0.9472200126315719,110,0.19505642702040352,0.08884222432793516,0.35196398758772335,110,0.420762572694496,0.25510845789644065,0.5894071591228968,110
-79,-3.16,0.9045120057848954,0.8363350279106858,0.94882653092548,110,0.2048713047681567,0.08884335166497861,0.35720086466170453,110,0.42887438249823373,0.2638053303713105,0.5964573750670005,110
-78,-3.12,0.9050275604551921,0.8355158034590462,0.9510356997797864,111,0.19419924337957126,0.08260110641990784,0.3549490351271069,111,0.44562186279977695,0.2708543918173836,0.6047506714377975,111
-77,-3.08,0.9038051209103841,0.8283187353091148,0.9476674161985668,111,0.19451450189155106,0.0874072307412427,0.35979190762533936,111,0.45698624007159744,0.27429472604458915,0.5960899689198136,111
-76,-3.04,0.9047619047619048,0.8310482534506038,0.950438713022398,111,0.1937314906219151,0.08755726263435551,0.36225317569524207,111,0.4545251146660713,0.27429286777642586,0.6062773254937425,111
-75,-3.0,0.9028265169399604,0.8291001770125961,0.9483728422975695,111,0.19502714708785784,0.07845974309900358,0.36517918228834384,111,0.44531610521458065,0.28278869791468797,0.6160009604660516,111
-74,-2.96,0.8976026400077647,0.8274782129586702,0.9473400945287102,111,0.19693978282329713,0.08945656664859533,0.3682000848512358,111,0.4463007159904542,0.26533770043585525,0.6037178952789233,111
-73,-2.92,0.8974085217897699,0.8209679905191933,0.9476539420855119,111,0.19856031946195882,0.07973553857612442,0.37403267988182476,111,0.4619101762364973,0.2733146683997334,0.6077360918034833,111
-72,-2.88,0.8986500380540581,0.8227181552858076,0.9470601115540264,112,0.20380302235295925,0.08759895514418972,0.38031671184763627,112,0.46661296000331937,0.2576259600675629,0.6009446876964225,112
-71,-2.84,0.8962481619136526,0.8005511191468231,0.9458744415539129,112,0.2171626144736897,0.10029043867098747,0.3857542415652824,112,0.4658103975535163,0.24403483522967195,0.6067490652494713,112
-70,-2.8,0.8971307168784403,0.8138543938390841,0.9470334205720792,112,0.2078028452729066,0.0813930100968462,0.3866957462844306,112,0.4761745081004518,0.2705077630756316,0.6152807653739361,112
-69,-2.76,0.8955724613627839,0.8015123712050853,0.9405586245060256,112,0.22494585498429534,0.08241471747179785,0.39137544436096666,112,0.49612950094319996,0.27521882650529145,0.6220909037485398,112
-68,-2.72,0.894758408632476,0.7958724763031868,0.9399654053716564,112,0.22558010208694312,0.11135153745509371,0.3941331420639475,112,0.49423553607859133,0.2675983209255073,0.62355006105006,112
-67,-2.68,0.8959495198985827,0.7920535027032217,0.9390390676900027,112,0.2259627285036976,0.10070956614505873,0.39756926200781273,112,0.49524137652611266,0.2775875806970616,0.6448695569896754,112
-66,-2.64,0.894232195931127,0.8002656265424594,0.9377724469391656,112,0.2244895509939484,0.08312628077075492,0.405498671523915,112,0.4993835522074953,0.2865273847408359,0.6478375165997596,112
-65,-2.6,0.8833816495621596,0.7525869378266754,0.9350843708679639,112,0.22954568127026664,0.0838781631192658,0.4193008796912081,112,0.5053176686634014,0.2949171311845888,0.6430790864819267,112
-64,-2.56,0.883589366446452,0.7451553415604725,0.9341532203982513,112,0.22554754130516458,0.08485292565933095,0.41457115808655615,112,0.49010156106443614,0.28382452292372407,0.6564691644754677,112
-63,-2.52,0.8819250908187597,0.7764845914127424,0.9354835002848343,112,0.23042872162993555,0.11312513977601801,0.4307524747720033,112,0.5198995931123025,0.28108719168073787,0.6513549998879684,112
-62,-2.48,0.8720045210042257,0.7422200594896107,0.9339942266893028,112,0.22904828700002192,0.07436557986292208,0.43108654543958436,112,0.5186993543346398,0.2733020818811294,0.652972291467703,112
-61,-2.44,0.8792090062616305,0.7427431896919557,0.9343299608040903,112,0.23298004473246536,0.07513081924632953,0.4413852613500476,112,0.5041802493480669,0.26944875024219983,0.6666782394920421,112
-60,-2.4,0.8676438375664282,0.7421904361330895,0.9344915580757023,112,0.23928735643813215,0.10687848419605983,0.4620868564523876,112,0.49245918889734586,0.2760881608103849,0.6759036901733765,112
-59,-2.36,0.8691550285800667,0.7600593255568868,0.933858453154724,112,0.24384828919790646,0.11773243673997032,0.47219099597322006,112,0.47691932286769634,0.28425826960842565,0.6671854864679135,112
-58,-2.32,0.8689445209696807,0.7514259173657197,0.9345246021850048,112,0.24127265729659886,0.07785060749279124,0.4656657169623335,112,0.4861404760708399,0.3064828022872541,0.6822381744928212,112
-57,-2.28,0.8699366216588592,0.7469151347267691,0.9332421143597869,113,0.24682364899203796,0.0780328778525352,0.4784002182140544,113,0.4877675840978652,0.30740276035131525,0.6862745098039369,113
-56,-2.24,0.8702782290820471,0.7440648328737642,0.932578029545707,113,0.2521594274432379,0.1150532759011562,0.4843561546647747,113,0.49258224037841286,0.30218798839026567,0.6773225008830805,113
-55,-2.2,0.8615560640732265,0.731306990881459,0.9327505875561786,113,0.25359986447569033,0.10242109266066675,0.48570415040794607,113,0.4997692662667274,0.3081730769230762,0.6717909300538071,113
-54,-2.16,0.8718929254302104,0.7323626336673617,0.9307435254803675,113,0.24936909991588,0.10327671441247306,0.48676835757360765,113,0.49607752653437875,0.3110576923076911,0.6778621495327113,113
-53,-2.12,0.8764302059496567,0.7317629179331308,0.9300165415447258,113,0.24992989999065332,0.10378374952465458,0.49459261825039447,113,0.5039224734656192,0.3006251395400757,0.6569360112097143,113
-52,-2.08,0.8733753046303818,0.7239895958383353,0.9299081035923141,113,0.24992989999065332,0.10856889339586766,0.4963619107877254,113,0.5250596658711242,0.29471153846153686,0.6654349061967031,113
-51,-2.04,0.8692018003122991,0.717687074829932,0.9316840033736294,113,0.25236003364800447,0.11129420712384333,0.5076979858694506,113,0.5248868778280579,0.29783433802187936,0.67537688442211,113
-50,-2.0,0.8714548922352077,0.718062678792025,0.9323644108784456,114,0.2570971198267254,0.08713684707709339,0.518582159844351,114,0.5174750554323734,0.2952323117287513,0.6793264472248326,114
-49,-1.96,0.8695267580716497,0.7052743269418094,0.9302877552773487,115,0.2569879722175165,0.0866661907314446,0.5340283147926899,115,0.523863636363636,0.2729037920064443,0.6897561154484846,115
-48,-1.92,0.8577791588978662,0.6946868781246084,0.9317496404788063,115,0.25983736797831575,0.08783217077662231,0.5454831447577133,115,0.5365853658536617,0.2766223047079027,0.7027564834315555,115
-47,-1.88,0.8499227778665388,0.6828670737283095,0.9326640611726804,115,0.2671440374552465,0.119219191934199,0.5588813003350359,115,0.5160804020100493,0.28778491755577285,0.7080018868730278,115
-46,-1.84,0.8509338153025218,0.6796270446456953,0.936206595049946,115,0.2701187026824937,0.10329634269844577,0.558326909687866,115,0.5315789473684195,0.3006029433708888,0.7058819636944628,115
-45,-1.8,0.8507462686567164,0.6640042034774378,0.9387602191117996,115,0.2813743010318787,0.09809627491699299,0.5637235968191765,115,0.5334370139968856,0.2919502055792645,0.7186404693643201,115
-44,-1.76,0.8501279643721107,0.6247498192536247,0.9319615399627579,116,0.28601443627097145,0.10065816750826877,0.5715292631106488,116,0.5502274635643043,0.3174679170967164,0.7363423978725514,116
-43,-1.72,0.853297296827353,0.6215062061491883,0.9357411124130135,116,0.3031808045034471,0.12134070155489507,0.5812466134125833,116,0.5613150885256168,0.335004005724034,0.7372082812121834,116
-42,-1.68,0.8567583153659942,0.6062871308161819,0.9336418243170118,116,0.31409255217509974,0.10844691867505805,0.5872232762427785,116,0.541731951797594,0.35299788046797526,0.7346885211995191,116
-41,-1.64,0.8501486230343903,0.5796136084869503,0.9307402398782527,118,0.2951705911454263,0.0818747612989726,0.5776990553639074,118,0.5427000215656618,0.3583467094703158,0.7318076011051377,117
-40,-1.6,0.8205736771164123,0.5716713894539905,0.9341695066256477,118,0.3014713771669756,0.07836628997119642,0.5883815059960411,118,0.5460328088382999,0.36699138254027547,0.7352064708386539,117
-39,-1.56,0.800008606861079,0.5432827966285858,0.928802067317805,118,0.3089967357365853,0.09989705173113875,0.5909157444991905,118,0.5775656324582358,0.37528604118992587,0.7379192723138139,117
-38,-1.52,0.810150960888963,0.5412666248890502,0.9345502621988048,118,0.32685697899169097,0.09055647397949965,0.6076790808491006,118,0.5828590559089393,0.3729977116704772,0.738399318859088,117
-37,-1.48,0.8220813814641316,0.5323314810466,0.9338799838459544,119,0.32635947823140776,0.10797472372840214,0.6074145801419257,119,0.5997246092081254,0.3737580267191509,0.7422910720029277,118
-36,-1.44,0.8050253909603429,0.5173885027592168,0.9331248491728356,120,0.3324715261730728,0.09852545472913415,0.6113979245539118,120,0.6103113491797797,0.37124737420181286,0.7389797550601659,119
-35,-1.4,0.8207894666627347,0.5272856473463888,0.9334639403160996,120,0.34056759440593776,0.1143258019417334,0.6141128479226501,120,0.622955607476636,0.3683899110023934,0.7398821924015933,119
-34,-1.36,0.7802130001684626,0.48481321138062766,0.9217239717325592,120,0.35552888279747136,0.11478595733432971,0.6194609272945897,120,0.6344134048752796,0.35340308044444996,0.7530654679700889,120
-33,-1.32,0.8133873091462679,0.5077503810722549,0.9350599788386416,120,0.35537451637758377,0.10266865632328938,0.639802279730038,120,0.645818289097597,0.3489434217537535,0.7480137307945162,120
-32,-1.28,0.7892578059723099,0.4979735633941046,0.9352052018496042,120,0.36471787825417556,0.11850225993358368,0.6552743632224188,120,0.642548764695243,0.3548094466255092,0.7532116000880873,120
-31,-1.24,0.7867055510860821,0.48927496845578955,0.9350993953629997,121,0.3671014738268677,0.0961349407564547,0.6588818117480538,121,0.655520047171724,0.3732119399312332,0.7630865055351865,120
-30,-1.2,0.7961794972387362,0.5017609281126993,0.9343586360450253,121,0.374640013552431,0.11901120047367642,0.6700938521564905,121,0.6556521641130818,0.39274821535536186,0.769177677744663,120
-29,-1.16,0.7792363723685264,0.4773366980491119,0.9300705067414341,121,0.37607397103346696,0.12504872534497544,0.6851734683117157,121,0.6382286064711197,0.4004505346148667,0.7842333613025101,120
-28,-1.12,0.7846214201647705,0.47909163665466187,0.9308539149795901,121,0.3868750511414778,0.12044209799180934,0.6937150690709691,121,0.6298731103336535,0.3980212816919823,0.7927018069916495,120
-27,-1.08,0.7839906077784995,0.47596004576731205,0.9227487918880286,122,0.38287489528803076,0.10268495080015455,0.6984678884459933,122,0.646005117998294,0.431903334582241,0.7938515172089601,121
-26,-1.04,0.7816799350224309,0.4421533999015527,0.9221105533437037,122,0.38591024791184314,0.11738749261827106,0.7101865024892375,122,0.6236391912908198,0.4525200876552233,0.8067226890756342,121
-25,-1.0,0.7805179597531795,0.4193628155370728,0.9200382683736436,122,0.3895933258355824,0.12263693350826538,0.7214185300161566,122,0.6564417177914144,0.4261645193260659,0.8080428954423595,121
-24,-0.96,0.7446515134406924,0.40841256755374383,0.9259269331050335,122,0.39595586699387364,0.1255909054598232,0.7398173395329309,122,0.6511145671332226,0.4379108838568301,0.8070450434932397,121
-23,-0.92,0.7590869146190582,0.4100302482311959,0.9175220706626256,122,0.413009943158214,0.12978948309924482,0.7505371219953476,122,0.6503267973856185,0.4496805111821101,0.8093901107471542,121
-22,-0.88,0.7353099045620786,0.3941750309839098,0.9164912724240467,122,0.42351581488914286,0.1261089890439748,0.7510276582325075,122,0.6454121306376295,0.44229777442773727,0.8214285714285688,121
-21,-0.84,0.7533458678232037,0.40399737686308024,0.9189578591372205,122,0.4292678405359236,0.13496879924515087,0.7513440138161835,122,0.6537688442211051,0.47165532879818317,0.8304033092037268,121
-20,-0.8,0.739127979216085,0.3973600091047675,0.921298440860875,123,0.41298349001449886,0.12471792819244511,0.7455140423488891,123,0.647433703242452,0.515317274450774,0.8232612345963132,122
-19,-0.76,0.7238424533974744,0.38885157571657925,0.9227425428872448,123,0.4192975071325008,0.11924542605921766,0.7534799017390691,123,0.6490440689787116,0.5348580608714113,0.8188828363246952,122
-18,-0.72,0.7138258217553372,0.36544617847138855,0.9229079495823773,123,0.4467704018806672,0.12927577439914184,0.7679721093070796,123,0.6621396811463358,0.571103441376549,0.8290924843391739,122
-17,-0.68,0.7064308778706582,0.35631600259818785,0.9243631748584155,123,0.42883868855525936,0.12986145751750577,0.7704425488566744,123,0.6780472475294476,0.564390331207497,0.820958316613167,122
-16,-0.64,0.6903874392861177,0.342810722086895,0.9207469295382484,123,0.4351059351760909,0.13118804963904618,0.7772110569260982,123,0.6813956839003669,0.5497775345493578,0.81843269583453,122
-15,-0.6,0.6445207774798928,0.31894203977859337,0.916654019718212,123,0.4431504606893971,0.13150207188235236,0.7857553934647701,123,0.6966898061280977,0.5793308633397072,0.8214345650992558,122
-14,-0.56,0.6162036470444254,0.31815629467958195,0.9217223141550283,123,0.46806552549236147,0.13603369411950766,0.7992379792603405,123,0.7128603596970622,0.5682613961308381,0.8294157964189006,122
-13,-0.52,0.629704501983025,0.3211271112021961,0.9230312138752712,124,0.43218192202222916,0.13920783681169435,0.7990860033580264,124,0.731629392971246,0.5977042831357486,0.836786732288026,123
-12,-0.48,0.6087173072132628,0.30901103912814,0.9243989721050918,124,0.47057631156702573,0.14655597659806632,0.8175132621638328,124,0.7507505589268613,0.6230669621628938,0.8458241291360834,123
-11,-0.44,0.5923217730189347,0.2907830008339034,0.9257573151299566,124,0.4558629542456294,0.13694651936524224,0.8236302268596734,124,0.7532689027856743,0.6359562927920801,0.8586630639261816,123
-10,-0.4,0.584632413858045,0.2872815666610163,0.9244102960547858,124,0.4639866238814011,0.1424575061110594,0.8301729559250561,124,0.7831552482715264,0.6590212555610453,0.8623741734711203,123
-9,-0.36,0.5914908445732008,0.2908621114433173,0.9188627870704424,124,0.48552965108770074,0.14573332638203657,0.8484909693383283,124,0.8124559341950629,0.7044694952286963,0.8856894351509266,123
-8,-0.32,0.5842688933974749,0.28153856508915776,0.9170140909586766,124,0.49720027181122506,0.14579179679600712,0.8565616158947779,124,0.8375114364135472,0.7350598882256836,0.9019767435104411,123
-7,-0.28,0.5862136799240685,0.28689219298142166,0.917014377777591,124,0.507294034990689,0.1390142501941484,0.8616468449896802,124,0.8622530699412682,0.781387022277821,0.9167875455712265,123
-6,-0.24,0.5851910543282544,0.28509580448299743,0.9130055017330158,124,0.5178241456551343,0.14163600408699933,0.867363588354884,124,0.8859060402684571,0.8214673254389806,0.9321732914117918,123
-5,-0.2,0.5709425816187021,0.2685578089851761,0.9034881001667907,124,0.522248583560863,0.13910011714415155,0.8722051044272148,124,0.9035836999790472,0.8631023127294752,0.9438990469554261,124
-4,-0.16,0.5791856386166114,0.2791978563226486,0.8998084498405708,124,0.5335765259731775,0.15094595530124916,0.8819334834738723,124,0.9273671569849576,0.8948830802100285,0.9542743868898428,124
-3,-0.12,0.5780835159451858,0.2768895245744117,0.8979138775673767,124,0.5416183129296116,0.15173649059026179,0.8925251571154975,124,0.9449568283073211,0.9213998290720025,0.9667125410175816,124
-2,-0.08,0.5654450261780105,0.2674242424242424,0.8965113072255929,125,0.5699029126213592,0.17210243252578084,0.8974825599029421,125,0.9679934345506752,0.9473684210526321,0.9844433641225077,125
-1,-0.04,0.5792397660818713,0.2758693752151919,0.8965802537231109,125,0.583252427184466,0.15132622987984584,0.9047619047619048,125,0.9871794871794886,0.9724284199363792,0.9946524064171115,125
0,0.0,0.5808408454860999,0.27300259742875654,0.8900516399360459,126,0.5923798940443902,0.15438805706938996,0.9120779034980177,126,1.0,1.0,1.0,125
1,0.04,0.5984126984126984,0.28059788411142383,0.8928692891962362,121,0.5283871825555112,0.14143025594783937,0.8919067517044205,121,0.9865759279315569,0.9737904349692612,0.9944422273907705,120
2,0.08,0.629467664620301,0.2755508104435601,0.8965835641735919,121,0.6042282336894749,0.15283760296229124,0.9072975140336809,121,0.9703658633480103,0.9459414037974412,0.9853957036938953,120
3,0.12,0.5527385216969124,0.2640840537641194,0.8925260827771552,120,0.5789465559175839,0.12942270866426586,0.913725088882771,120,0.9537087168381138,0.9141889180512819,0.9694374543978184,119
4,0.16,0.576547429179008,0.26640942771536213,0.8964312919385828,120,0.585044946061311,0.1593504827353,0.9212309146085199,120,0.933891454965359,0.8785001617773553,0.963745519776517,119
5,0.2,0.5759113693324219,0.2574934522215382,0.8967085355532232,120,0.5455056366032531,0.15301978450998371,0.9188047134075317,120,0.9099348212522218,0.8312421121049324,0.9503871279628902,119
6,0.24,0.5862914862914863,0.24193904737502658,0.8966142059369593,119,0.5641537029650312,0.11832112911787085,0.921758106934738,119,0.8795297854354681,0.7870580518707578,0.936151442125274,118
7,0.28,0.5910611854684512,0.24039615846338536,0.8971083231334149,117,0.5540546467260208,0.08595284872298625,0.8924814100798678,117,0.8535897843172955,0.7242757639241291,0.9268273973949804,116
8,0.32,0.6283703756917909,0.24252546848012227,0.8944657569164953,114,0.5611635843184009,0.10365457654403383,0.8944412508247972,114,0.8241912798874877,0.6742502585315387,0.9062617575920461,113
9,0.36,0.5666001064643764,0.23581543499035165,0.8879926220151879,112,0.5752258244618282,0.09385373467467159,0.8933198661436328,112,0.7852750256235059,0.6269634134980004,0.8723883341974598,111
10,0.4,0.6028088470271634,0.240017356487554,0.8908766206797653,111,0.5716883116883117,0.08382099154873392,0.8980917960835284,111,0.7349043526382171,0.5742391191739636,0.8455472462066218,110
11,0.44,0.5991085695063494,0.2531309412439267,0.8928571428571429,109,0.5706687940433453,0.08828032979976443,0.8873365803640092,109,0.7028791550135056,0.5181735598709207,0.8346255956594619,108
12,0.48,0.6075078650569181,0.2528129585315404,0.8913945582029033,108,0.5693269937318748,0.08676454054777287,0.892149451270226,108,0.6922591335910975,0.4851430402662563,0.8341307814992025,107
13,0.52,0.5810229445506692,0.23557259087164367,0.8890800341940881,107,0.5718293125639418,0.08683592689819825,0.8917606055482201,107,0.6822358863175323,0.480283840963071,0.8128604069198166,106
14,0.56,0.6105931495405179,0.270419946054686,0.8957423889807778,107,0.5783140539821833,0.12142741560306641,0.8997072359796816,107,0.6793728638623153,0.4777199528672434,0.8037916465894562,106
15,0.6,0.612765246449457,0.26775444697071016,0.8952702702702703,105,0.5474978227373216,0.08546168958742632,0.9012415750266052,105,0.6707312753146148,0.47363106005462635,0.8009463659281626,104
16,0.64,0.582238385734397,0.2285058997495247,0.8906577502744785,105,0.5496488830987258,0.07276054374346462,0.9060340856748043,105,0.6648415882922069,0.44689559865509565,0.7927930937123413,104
17,0.68,0.5734788049429063,0.2442143303912711,0.8911568020760555,105,0.5928518791451731,0.09098080462792532,0.9114463380930447,105,0.649633049242418,0.43902921953094776,0.7797289078095305,104
18,0.72,0.5970927318295739,0.22141913962054346,0.8978212906784335,105,0.5869565217391305,0.08039229722957979,0.9186242898817749,105,0.6170602777950308,0.4385570849782312,0.7769559785339244,104
19,0.76,0.5283208020050125,0.19908079342041607,0.8951483456738984,105,0.5987591168608297,0.08998822143698469,0.920351604483341,105,0.5999712872450134,0.41680746142217173,0.7751974867923981,104
20,0.8,0.5482620706716694,0.2145637806681353,0.8948376741055247,105,0.6097340389897501,0.09321588219826453,0.9226546906187625,105,0.590380618478789,0.4355083015375467,0.7574490805855075,104
21,0.84,0.49684873949579833,0.20599068733059978,0.8933592905040018,105,0.6123520808403138,0.09334735734946095,0.9260047016679727,105,0.5962753436963426,0.4249261602592758,0.76362596506901,104
22,0.88,0.5253968253968254,0.20786432084980536,0.8942245295262816,105,0.6180029251429331,0.09252061248527679,0.9324974812493003,105,0.5931264317774245,0.3856394593246074,0.763093669443182,104
23,0.92,0.5259513356846948,0.2085295375989384,0.8949449295095111,104,0.6219484894700756,0.07870307187695226,0.9314119950144959,104,0.5991479866112185,0.338830528387077,0.7301639589989224,103
24,0.96,0.5234949273429592,0.2088536302114552,0.8962821530483769,104,0.6307535100998151,0.09201884209026229,0.9350852380394561,104,0.5825134394969066,0.3353790772604295,0.7159165764193363,103
25,1.0,0.5124939449463997,0.19966100558154512,0.8955950355000136,104,0.6435424183432312,0.09338164309560334,0.9424165190907023,104,0.5776447915610108,0.33038124027458393,0.7104339262286112,103
26,1.04,0.5160186368696656,0.19841922146164698,0.8981669789781397,103,0.6518054532056006,0.08717887719034975,0.9457663364879993,103,0.5649520890339643,0.3054969709333602,0.7173420365540865,102
27,1.08,0.504594820384294,0.1888145975207185,0.8984804888114716,103,0.6603420880456118,0.08735199539448259,0.9468040707193885,103,0.553694134692426,0.2831707207409775,0.7154769984247435,102
28,1.12,0.5123087954110899,0.19236917089443326,0.9058298450364538,101,0.661338377867108,0.082826258143031,0.9353778751369113,101,0.5448419017264023,0.280534852383231,0.7122623474446783,100
29,1.16,0.49061856918048663,0.17497057669674382,0.8803958623433459,101,0.6699929061243793,0.0717148832345765,0.9448896062719778,101,0.5193657149099206,0.2663507919989989,0.6946453579110929,100
30,1.2,0.5146224356176342,0.20246681211496464,0.9068726259548388,99,0.6574370482822349,0.06086637685159722,0.946551938547727,99,0.5053660188332165,0.28229145014896656,0.6926170881582999,98
31,1.24,0.5398487996794212,0.19728934612551272,0.9068471341414401,96,0.6568331579009865,0.06273505922030514,0.9397565678252382,96,0.49817708333333355,0.2945337023562917,0.6717492865527324,95
32,1.28,0.5462339767123936,0.21899745494941575,0.9074042700009234,92,0.6389203127882752,0.05794846536373538,0.9023082248699434,92,0.4984375000000029,0.30408479834540375,0.6810256856549717,91
33,1.32,0.533430113011887,0.19305599002693327,0.8991118999732846,90,0.6287204929156835,0.05700920603072725,0.8816585634574163,90,0.4680672268907547,0.2672131147541021,0.6631049654305468,89
34,1.36,0.5397796817625459,0.2185215704805608,0.9013290952481783,87,0.5747251890543386,0.06156905772589527,0.8698608418792346,87,0.48049912188415606,0.26577026538940557,0.6388371930634154,86
35,1.4,0.5657121779317664,0.20707453143480764,0.9125304783485824,86,0.5787121979267587,0.05737472390180201,0.8691120811370187,86,0.4810255108516351,0.24381625441696209,0.6827371695178798,85
36,1.44,0.5539520610433772,0.20815295815295815,0.9047209824522496,85,0.5863719346721271,0.05757293606455618,0.8691691967982335,85,0.4962725583438315,0.24711004543159948,0.663108611145891,84
37,1.48,0.5782523535730082,0.21411483253588517,0.9168043726960722,85,0.6088715646124241,0.05912870984969863,0.8768065104532061,85,0.4664029481499956,0.24179380457482597,0.6319187797116533,84
38,1.52,0.5452767135717188,0.1886121681132156,0.9092457196205448,84,0.596688968415443,0.05808492552038158,0.8758964526863732,84,0.4566536863402009,0.243304726932564,0.6451337972259865,83
39,1.56,0.5646916661401402,0.1990442028938162,0.9112228220040691,84,0.6073821040409833,0.05692479553658687,0.8828386360487578,84,0.44526408970197745,0.24014963313882803,0.6503216152769284,83
40,1.6,0.6269813000890472,0.20770246989083554,0.9215491756163618,83,0.6329617213689873,0.058327801338864387,0.884827509496301,83,0.4316764098429327,0.22275398411917086,0.651966368876869,82
41,1.64,0.5441933491485671,0.19308576488632578,0.9032307962214793,82,0.6260922236650504,0.06104285398266865,0.8925499965096996,82,0.447656249999999,0.2241157983267678,0.671514880286417,81
42,1.68,0.5440013838329559,0.17214718864586323,0.911776251464522,82,0.6370877866244002,0.06486632013626911,0.8949071220933179,82,0.44597069597070943,0.2018454440599742,0.6586605667810344,81
43,1.72,0.5910628766199266,0.17731776130008203,0.9199202333037522,82,0.6538756353629551,0.062107469120726566,0.8981389081864399,82,0.45627422271983703,0.2237600922722013,0.638327614690554,81
44,1.76,0.5769807923169268,0.20907831780407957,0.9219524596415406,81,0.660112241022828,0.06008471474141087,0.9002385295355689,81,0.44685313365733137,0.2307440219015497,0.6653391066041462,80
45,1.8,0.5104804161566707,0.21573391420911528,0.9212533367230202,81,0.6495996304280874,0.059279950341402855,0.9044011037837332,81,0.4288765669066946,0.22528421652425812,0.6541363132170617,80
46,1.84,0.47880899062785104,0.18445708096398591,0.9174129353233831,81,0.6814531846885475,0.06024159389217173,0.9076750385856601,81,0.43672506519473275,0.17593732882023763,0.6609951341095889,80
47,1.88,0.5002304855562385,0.2128853887399464,0.9193147278253662,81,0.6857410150463865,0.059435133457479826,0.904223019597019,81,0.4108566023574046,0.16036451740817592,0.6148554334592569,80
48,1.92,0.48806609547123625,0.22516802045107823,0.9114427860696518,81,0.7104545100179309,0.06008471474141087,0.905051062655258,81,0.43199105444223407,0.14621113544576173,0.6082659188700209,80
49,1.96,0.4282904902373929,0.21255026809651476,0.9033808684505689,81,0.7393792865248927,0.0699626153963531,0.9064311344189898,81,0.4517203269822528,0.1452398989898963,0.5780164000615853,80
50,2.0,0.48011015911872706,0.22044433720204415,0.9161810303125006,79,0.716661533723437,0.05924882155166924,0.8954397047844151,79,0.41119865089145236,0.13879411988437554,0.5752433401639313,78
51,2.04,0.4404910010782118,0.209589515898162,0.9111699995308828,79,0.7308284570372652,0.06066355715353612,0.8983910916691156,79,0.4269812749032511,0.1297009945648617,0.5454435283056698,78
52,2.08,0.4285013337930125,0.22052976974420346,0.908356620424572,78,0.7063707511949142,0.060643019327522335,0.8986265051094916,78,0.42113095238095216,0.04134615384615148,0.5526553765208811,77
53,2.12,0.49020784324198674,0.22136860933515498,0.9246770516717325,78,0.7149805514528689,0.06191933789930906,0.9026441748683971,78,0.40761118752865566,0.06113033448673005,0.5847386099388543,77
54,2.16,0.4989733696101217,0.22140377882955578,0.920897584986563,76,0.6544914168327707,0.061276755892625046,0.8952690685994095,76,0.3692810457516406,0.015992369798593403,0.5503405993237331,75
55,2.2,0.6871536402666052,0.24898322672140466,0.9275993902404274,72,0.38288387195800755,0.04159110669482052,0.8894859330326138,72,0.3732503888024849,0.03815314622696674,0.5468140289025416,71
56,2.24,0.5985894357743097,0.2398818412246242,0.9229474434398952,71,0.36532663316582914,0.04349234411324383,0.8792492050563565,71,0.3570483924117851,0.028361731696664796,0.5724588189547495,70
57,2.28,0.7348373200317424,0.24440304868583856,0.9276395906341894,71,0.40922723502010083,0.05968850882728273,0.8858314990675091,71,0.3529695024077032,0.030259017807587107,0.5614419955315355,70
58,2.32,0.6568429133625029,0.24141848050440506,0.9252464241888604,70,0.39120531934554187,0.04858766154507538,0.8883332833474162,70,0.3499999999999887,0.047026532479410035,0.5625879043600589,69
59,2.36,0.6552286655507913,0.24374534952305682,0.9327519716516711,70,0.33560601285050945,0.0427422360909943,0.8943313976710476,70,0.34477124183007213,0.022140896614816257,0.5330520393811542,69
60,2.4,0.7783899779607935,0.24385172996903987,0.9348346926863078,67,0.30719910795177363,0.06115138624607402,0.8962942372207829,67,0.3464816183170304,0.002734893325707228,0.5399574671891628,66
61,2.44,0.8330056793359546,0.23288229303069985,0.9365069276725563,65,0.23784556720686367,0.04213917525773196,0.8783747571514705,65,0.3616909289074336,-0.011611628487228565,0.5739351274248967,64
62,2.48,0.778215984224568,0.23503564673359523,0.9386042964281175,65,0.23784556720686367,0.04044545920506966,0.8952698426093928,65,0.3424233637615415,-0.004975818452381665,0.5575053189143427,64
63,2.52,0.8330056793359546,0.2497296233826779,0.938867258779088,63,0.22778664077131164,0.04143210568487456,0.8994155638642061,63,0.35787199485364424,0.04441870229296372,0.5789094880965884,62
64,2.56,0.8408341822975969,0.24941390122095025,0.9391606060426385,63,0.22834154123604078,0.04153148578793371,0.9019794507299541,63,0.3482473956504592,0.04439127902138659,0.553160909804504,62
65,2.6,0.8424222448612693,0.2819811062437104,0.9416738085726258,63,0.23879885605338416,0.04974361273427061,0.9133376248670966,63,0.335958018432946,0.027223245125357766,0.5627408122532211,62
66,2.64,0.8434410019775873,0.2332131017532938,0.9341074540114357,63,0.23975214489990468,0.044948849915906516,0.9209891312307423,63,0.32398680173241134,-0.018474767519210518,0.5329909485531481,62
67,2.68,0.8452088452088452,0.24031826228782538,0.9449783589815715,63,0.23975214489990468,0.04188023035792089,0.9279562356487354,63,0.31459184138362695,-0.04654847484238446,0.5236012248029812,62
68,2.72,0.8464073829927489,0.23934356853645247,0.9438733163245132,63,0.2713697824808936,0.043777946838902,0.9301884735010209,63,0.30418993264116867,-0.04402590754543141,0.5304469854231773,62
69,2.76,0.8490304763896799,0.23832231951978708,0.9463604295970415,62,0.2380902108192557,0.051117571437755006,0.9271237481707539,62,0.3314993122420882,-0.03322352281488003,0.5018932874354607,61
70,2.8,0.8331044633924842,0.20918340106160876,0.9457726497819567,62,0.2526645680704977,0.04820255504423761,0.92486897343853,62,0.33348783314020847,-0.022135416666661176,0.4810583283223085,61
71,2.84,0.8272990459315689,0.20796027217989882,0.939908106946851,62,0.24150413758168493,0.048537365818145446,0.9263694831807574,62,0.33018307180218887,0.0016468435498658578,0.4647007857548332,61
72,2.88,0.8242887547929867,0.2020328204016898,0.9376044029545397,62,0.24562938307825413,0.054334252654964596,0.9259414728492628,62,0.327677624602348,0.00018298261665254063,0.47366609294320655,61
73,2.92,0.8235705329443559,0.1914619854237099,0.9384339215284052,62,0.24555171514924973,0.048776263997799156,0.9285790078065191,62,0.3138575488760688,-0.0013020833333292163,0.47039586919105403,61
74,2.96,0.8044997815640017,0.182837528604119,0.9479471208847082,61,0.240618714018173,0.04685655253837072,0.9292452830188679,61,0.28812484658009985,-0.033701377250786264,0.45824952768136273,60
75,3.0,0.8224534383901634,0.18483203777289875,0.9495641487226216,60,0.2391196496192366,0.043865520625522104,0.9291095542628593,60,0.26335637963544506,-0.011617563131242011,0.4793765286710785,59
76,3.04,0.800776728195979,0.18358114373909207,0.945312455144246,60,0.24032015416076496,0.046248014520624645,0.9298900759820643,60,0.307353865493396,-0.011203407490400063,0.46137820151665865,59
77,3.08,0.8207291024767698,0.18294759648092027,0.9453077755576127,60,0.24097909846263083,0.0459159602112976,0.9325089911233521,60,0.31842105263159054,-0.044439748703242604,0.48608065934500166,59
78,3.12,0.8450118160259665,0.18422039647851912,0.9523482888895537,58,0.17073960105452077,0.03622994125300635,0.9272295049764885,58,0.30521206517970795,-0.05509421909933086,0.5330033003300333,57
79,3.16,0.8202821631356513,0.1798791800729902,0.9527936912533803,58,0.17209975568262587,0.04319505094832775,0.9287644536930733,58,0.29203744366115886,-0.04534973097616949,0.5161742505930499,57
80,3.2,0.8375075307685688,0.1750173753712011,0.9530316512012202,57,0.17288580536283518,0.04355670103092783,0.9281590763309814,57,0.2818650617152097,-0.031394021813623836,0.4871201862394062,56
81,3.24,0.8039536915683705,0.16990679094540612,0.9527020018670262,57,0.23832221163012393,0.04656139315230224,0.9321004692243997,57,0.2639743083990125,-0.03413202539753912,0.4944414540305637,56
82,3.28,0.8416919959473151,0.1759019397232577,0.9550407428463142,57,0.23357664233576642,0.04648760330578512,0.9321004692243997,57,0.27346173416064085,-0.06534411119046363,0.568969114213647,56
83,3.32,0.8416413373860182,0.1761546723952739,0.9534280676278394,57,0.17719857491093194,0.046413813459268004,0.9406788566624632,57,0.27243070530081565,-0.08172541074992752,0.5287107621400788,56
84,3.36,0.8386263878130648,0.1728406055209261,0.9468921735834754,57,0.2329487481359391,0.046635182998819365,0.9351366271046094,57,0.2540445636446099,-0.09089405605135917,0.491097566553842,56
85,3.4,0.8375075307685688,0.17186108637577915,0.9458499147242752,57,0.23184993328624126,0.0467827626918536,0.9484998597999813,57,0.24407616542904054,-0.08004995702703566,0.5019497301253351,56
86,3.44,0.8407630594109217,0.17542730641490323,0.9480839320343952,56,0.20657161392813092,0.04605471555155247,0.9497921352925096,56,0.22867513611615586,-0.15224096791077912,0.4678573488313392,55
87,3.48,0.8212054824559177,0.16628620471481464,0.9364701750619958,56,0.1460345271507882,0.039640047719237875,0.9522848614923914,56,0.19600725952813391,-0.1348544010877404,0.454903539447413,55
88,3.52,0.8421479229989868,0.1877677280015847,0.9455460263791615,55,0.18169885617851117,0.04542799632420064,0.9437854293986424,55,0.1867126916888423,-0.13386829164820258,0.4515781234327139,54
89,3.56,0.8349913106010667,0.17597308946461881,0.939943203790824,55,0.1820738796174761,0.04530848720164559,0.9474830144007094,55,0.1908980663345852,-0.17610650626483215,0.44407748065203595,54
90,3.6,0.8329238329238329,0.17767477700462336,0.9466716899741638,55,0.18338646165385336,0.04262321379419008,0.9295717012948364,55,0.19669713492448604,-0.17989048486485945,0.4593901788149285,54
91,3.64,0.8339848272645367,0.16307649857055817,0.9465820141300021,52,0.10461024044311926,0.040263510195596305,0.8998693913947855,52,0.22298900150959494,-0.1765362829396026,0.47652918577394326,51
92,3.68,0.8322054297404582,0.16345103575947884,0.9371247165656679,52,0.10438358130878636,0.03419941701167184,0.9007548241018997,52,0.24218750000000044,-0.17681685535168373,0.5005278477441935,51
93,3.72,0.8401780281239289,0.21512017102416042,0.9478943837487043,52,0.1358631468698371,0.04906633022553829,0.9015203480899088,52,0.20442708333333576,-0.19279919118153935,0.4977378451866559,51
94,3.76,0.8350116189000775,0.2009054674239262,0.9413710285963471,51,0.10435806831566549,0.03841577865155518,0.8682701837057789,51,0.22420240748933484,-0.19776805356909177,0.5209957505472078,50
95,3.8,0.8657645361794453,0.6527519534453868,0.9505738030762969,46,0.08356609366178827,0.03292588341623333,0.5222029642017303,46,0.2810457516339964,-0.20991926182237902,0.5253886010362668,45
96,3.84,0.8839501206757844,0.6631152460984394,0.9439075232139473,45,0.07707995607383779,0.032166954338616036,0.5166666666666667,45,0.3269160248585236,-0.07158054289925525,0.5427512407268295,44
97,3.88,0.882667940466613,0.6620648259303722,0.9404070694825496,45,0.07702766302358417,0.03185313039384905,0.5214405360134003,45,0.31138684767002334,-0.05104566187692347,0.5485911383435472,44
98,3.92,0.8808688895410385,0.699517512897747,0.938282631193774,44,0.08368482525780739,0.03461920358906299,0.38133825915643355,44,0.3180949099991417,-0.02899802221130313,0.5170540132018813,43
99,3.96,0.879424778761062,0.6864148715976357,0.941180227209041,43,0.07685604740327641,0.018602619963562116,0.3358940977949013,43,0.31512262466107344,-0.03142531050285204,0.5288401915020196,42
100,4.0,0.8837896189111472,0.7416249758184861,0.9408979582823064,42,0.07604403789024587,0.031133048836275684,0.3303199399983289,42,0.3153092394969663,0.013290188373978752,0.515550239234447,41
