rel_mid,by,group,spread_bps_median,spread_bps_p25,spread_bps_p75,spread_norm_median,spread_norm_p25,spread_norm_p75,oi_share_f1_median,oi_share_f1_p25,oi_share_f1_p75,n
-15.0,all,all,19.387359441644048,-32.8188012793775,131.9727891156469,0.1751379852257771,0.06535855522583073,0.3235931127398902,0.9527217388798508,0.9278189644353881,0.9685155952572329,117
-14.0,all,all,23.501812417051806,-25.932691107554607,120.06290703555868,0.17583912031688742,0.06344878027804973,0.38864165217768226,0.9506885078443004,0.9250216987122458,0.9681834930380729,122
-13.0,all,all,35.130387785434706,-25.189792479948146,114.21921340921025,0.23444716055237147,0.06234152974038383,0.43206181366518226,0.9471277710319026,0.9149198259804364,0.9663664422217523,123
-12.0,all,all,28.89161267728904,-17.929008891261663,112.05379787086247,0.20648586587341766,0.11076224636677683,0.3561444911858348,0.9396582134089912,0.9120144131858561,0.961223847014068,123
-11.0,all,all,30.84153326479776,-23.35550955580193,105.44784595414461,0.20420092408761184,0.05455656492660401,0.37298194455410405,0.9318661191343174,0.8920456874697558,0.9540748132502881,123
-10.0,all,all,33.311125916055964,-25.454945935744632,104.03579223908112,0.17868456797691135,0.060739605424004396,0.35766947668123905,0.9257367688498161,0.8833290282095901,0.9506218555797183,123
-9.0,all,all,36.452004860267316,-24.39749080361939,117.54913103878499,0.2350972943260846,0.09929761217887062,0.3942372120970715,0.9208141375173864,0.875424772388131,0.9472043563511962,123
-8.0,all,all,37.22482510750244,-22.157469160477547,118.17356255241646,0.2322576871667693,0.11348926391959367,0.41808243959534797,0.9140230909453306,0.8651181442163605,0.9414106534608835,123
-7.0,all,all,45.92227230206727,-29.07630910774192,129.68815949344264,0.2415530566094766,0.11657898957320584,0.4691937606359615,0.8995744581918667,0.8468826796938383,0.9310929344019294,123
-6.0,all,all,55.38226494366315,-22.44038607404533,138.38316489251116,0.30067250179631183,0.17732178770660958,0.5223379626536602,0.881087485211455,0.8304776282719943,0.9229842705064238,123
-5.0,all,all,54.592164418753654,-30.525474784884473,143.38445170631294,0.2650257013411958,0.141023460823756,0.5264106905644803,0.8718744159970099,0.8154073344819099,0.9135735138429951,123
-4.0,all,all,51.77304964538975,-22.68598900747859,145.19647966960702,0.3300936351997328,0.16024628685036468,0.5173586823522514,0.8483402106300425,0.795582196630009,0.8974121996303143,123
-3.0,all,all,55.782021025530675,-30.304029073690238,153.36741551459258,0.32093701727514057,0.08594072481625305,0.5428897907292491,0.8245131375579599,0.7712540897810987,0.8640464728080597,123
-2.0,all,all,58.5903842839913,-25.518370625179298,172.6543615155558,0.3797501278474875,0.11537753218371102,0.5956965028098362,0.7568937946097741,0.7135961622230592,0.8130187711305166,123
-1.0,all,all,58.73187102960539,-22.305915908392898,186.83238948714012,0.4071752073322546,0.21602705567459718,0.7040707486321919,0.6014513240976346,0.5631336577042678,0.6405340664745265,123
0.0,all,all,63.68598908240158,-15.59271347321722,199.83080455995633,0.48634429972334314,0.16499281487105955,0.7552264962287188,0.40324118207816967,0.3638664294203918,0.4542231882034746,123
1.0,all,all,69.83655274888626,-45.56949419680774,193.9928961033117,0.4305793985798044,-0.18862090805911408,0.7978389932497372,0.23737302149775572,0.19273576436786605,0.27290576069175043,123
2.0,all,all,18.28458267822996,-59.46201911652121,135.15702792837004,0.07893711474264087,-0.352651538421036,0.5620592380714582,0.11165368829508995,0.07226810394766468,0.16640626683063775,94
3.0,all,all,88.5708677244598,-63.761479989340195,259.6457327269527,-0.4285024723383398,-3.55416889552919,-0.12569184217134766,0.10338376143655287,0.06610866083139046,0.1461363608073346,4
-15.0,htb,HTB,37.15851330511622,-24.124163849527882,136.4708942606045,0.17226346695000017,0.06565151877428815,0.3036141948118165,0.9513304662263434,0.9250828997561426,0.96841989384295,106
-14.0,htb,HTB,38.90528575261688,-16.22377157661894,138.27860703868868,0.1758921142023149,0.07365073928933197,0.3857822215944981,0.9493482673907383,0.9207796923299083,0.9680234201888293,111
-13.0,htb,HTB,44.47231883231759,-14.306156034984657,134.37683954474994,0.2161323453117244,0.0596787862688758,0.3874831889052126,0.946198487805617,0.9132614025416094,0.9637565516926659,111
-12.0,htb,HTB,37.78337531486026,-6.776343197762513,120.04307397840583,0.20638387556447096,0.10475941738772374,0.3523740268846068,0.9381738832791374,0.9071007577883806,0.9588701935223081,111
-11.0,htb,HTB,40.55569937009272,-10.998304196890684,117.91708185962705,0.17865782711873862,0.05455656492660401,0.3587041239053368,0.9292147372904846,0.8876189280132349,0.9507345924030373,111
-10.0,htb,HTB,48.050139275766654,-15.936279324369561,116.69684491744037,0.17540366479258065,0.05821252187588636,0.34333633560504884,0.9226357532967241,0.879208973852112,0.9484641394985793,111
-9.0,htb,HTB,48.57892679658298,-1.5371059932150595,128.34338779977054,0.22063522119866893,0.09884079861816533,0.37639180347560763,0.9200318533134559,0.8731396209816218,0.944972255850314,111
-8.0,htb,HTB,63.78556582813635,-7.647233116826707,140.32374929203723,0.2254614039377307,0.11203925431137622,0.40941182700137896,0.9055763581690519,0.8618056048028664,0.9379894680221303,111
-7.0,htb,HTB,67.87330316741972,-5.594904977660858,141.24257797460444,0.2415530566094766,0.11657898957320584,0.4691937606359615,0.8902285224234475,0.8454379931215861,0.9300942712110225,111
-6.0,htb,HTB,61.10294686363927,-5.923390668208169,145.08758894172172,0.2777833621528503,0.16206433627842057,0.5060822008106161,0.8806759735488612,0.8288235974818483,0.9199604228418827,111
-5.0,htb,HTB,74.72674548293604,-12.497881264133373,151.82566529207645,0.2650257013411958,0.141023460823756,0.5331272346280187,0.8629829290206649,0.8110351187274264,0.9082069874752802,111
-4.0,htb,HTB,72.37156036265418,-12.26444150478585,160.8985170261493,0.32745563770410635,0.17323746861134495,0.5172013582574647,0.8407755039236806,0.7920853569081504,0.8931047158911879,111
-3.0,htb,HTB,76.27522644207778,2.004466953872414,161.93028507417523,0.3382231866634197,0.13097608724065657,0.5481669352126792,0.8190032903532082,0.7663284417324107,0.8600808846596142,111
-2.0,htb,HTB,82.6393337604095,-7.981124311094442,186.3343497750537,0.39191941583326206,0.12555102172326532,0.605399864259287,0.7477248090352182,0.7109149693702986,0.8023656005943304,111
-1.0,htb,HTB,80.80564433455969,0.4178854993727917,199.36258369387838,0.4071752073322546,0.18867429240457084,0.6843076449383647,0.5954807933718302,0.558359187392253,0.6381321658595627,111
0.0,htb,HTB,80.4697694649837,4.481433343205726,214.48945098709623,0.48634429972334314,0.16499281487105955,0.7602341849383132,0.40235164890031705,0.36194841772911973,0.4512400813476357,111
1.0,htb,HTB,87.15155398910548,-22.812774408587423,209.88311452243101,0.4666187386661109,-0.15965532494924933,0.8312821149287799,0.22793347469534783,0.1848579809594226,0.26991429375872467,111
2.0,htb,HTB,38.594440609945536,-44.85040935133625,160.90948708214924,0.09361225452367432,-0.35840330808608467,0.6131946861745838,0.10324850924714263,0.07101283632194705,0.1509221721489037,84
3.0,htb,HTB,88.5708677244598,-63.761479989340195,259.6457327269527,-0.4285024723383398,-3.55416889552919,-0.12569184217134766,0.10338376143655287,0.06610866083139046,0.1461363608073346,4
-15.0,htb,non-HTB,-54.98721227621425,-59.13013556876659,-41.68274969218218,0.34014473841558024,0.08410660388102814,0.5127303580565216,0.9636941479342942,0.9608212654085195,0.9685258513013184,11
-14.0,htb,non-HTB,-58.06010928961749,-64.28881499722242,-54.21970510254283,0.09185990911218263,-0.000405028424243746,0.35444685434420975,0.9585006784260516,0.9548827893262176,0.9670776278338497,11
-13.0,htb,non-HTB,-46.88295628137048,-54.4754999370051,-39.156050868064966,0.5166485153878552,0.2897247654606638,0.6570732781869553,0.9611864216995034,0.9489698295608882,0.9693282221685098,12
-12.0,htb,non-HTB,-57.55656423426073,-63.72254592536937,-52.180965640432824,0.31828235530257065,0.15390407055198854,0.37800592167063,0.9519465100293695,0.9361894738578325,0.96246872849437,12
-11.0,htb,non-HTB,-54.95594589635107,-64.40198393504,-42.5253427851775,0.37832696225987944,0.21421169383439292,0.5280812921839251,0.9535130461759562,0.930776624247261,0.9600345248443019,12
-10.0,htb,non-HTB,-49.67917077986179,-57.39913625470521,-45.6826280233755,0.37238364372607924,0.11667113635367837,0.5827660641365614,0.9491226053222546,0.9305787869969995,0.9566776640142426,12
-9.0,htb,non-HTB,-52.77866102058555,-59.111465310342936,-46.415200451538766,0.39880304579624354,0.2845116617800921,0.5486226473590905,0.9484157384757691,0.9258478719891152,0.9527048224058303,12
-8.0,htb,non-HTB,-51.30138563330861,-58.326326867208444,-44.71258027380625,0.38461019753790415,0.21760965183112846,0.5344569781234558,0.939106262830786,0.9208451399447499,0.9464840268573732,12
-7.0,htb,non-HTB,-56.830255951679035,-62.35089481026358,-51.89958570893265,0.2601366367876893,0.14399107788214627,0.42948038026011554,0.9280800821355236,0.9110057233602598,0.9361078387643829,12
-6.0,htb,non-HTB,-51.22083011258568,-59.96176084250325,-44.2151436779019,0.4367312676438031,0.27547065705503315,0.5591599839301822,0.9239393553318894,0.9098812306910495,0.9301596236580757,12
-5.0,htb,non-HTB,-53.32340755217009,-57.9780829521318,-42.572061068909065,0.3210854225200941,0.12316488030163922,0.4862333280568014,0.9165886213453261,0.896366184513277,0.9227923552668298,12
-4.0,htb,non-HTB,-54.44847943495874,-62.22448323467646,-44.706679077243365,0.37928344925466206,0.02519470805620016,0.5259026958162999,0.8953897372073223,0.8740254255673618,0.9075209322618228,12
-3.0,htb,non-HTB,-58.79678436139499,-62.86433326652562,-52.73722513645523,0.08189034057259593,-0.020031218310981456,0.4187648221251987,0.8619084098561609,0.8343031361010618,0.8909410546521126,12
-2.0,htb,non-HTB,-51.65571153834797,-61.65103939191181,-44.62482029730986,0.25450846769395385,0.0013116444144562513,0.43296879937625216,0.8214704790080856,0.786696284890106,0.8624881304282623,12
-1.0,htb,non-HTB,-42.456876526990584,-55.571285042586894,-37.88450707141416,0.42192520240953557,0.29208431888773917,0.7837324045001738,0.6240698246055741,0.5992769232367909,0.6819956535951087,12
0.0,htb,non-HTB,-46.038061354234145,-66.78533965442561,-43.75365288615271,0.46999346466537834,0.193484891502238,0.615458651971655,0.4291724744168064,0.40622662055156694,0.4826297912719497,12
1.0,htb,non-HTB,-55.012132900342024,-74.9297857905403,-46.9891282106372,0.03906583160866797,-0.24698682851420012,0.3582069275227284,0.2719996740547588,0.2611173992565997,0.30267977449623407,12
2.0,htb,non-HTB,-72.0038460067008,-76.21023611450721,-60.52028185422203,-0.08194664156572444,-0.2309694565045936,0.03323380155288741,0.19515842290393892,0.170554101857707,0.2110170380242326,10
-15.0,tier,EXT,64.84069846777884,16.972813717821346,161.12480616476458,0.16457346239401405,0.06338803404739261,0.2665686179083231,0.9447845017984476,0.9161629239454088,0.9634388598487775,82
-14.0,tier,EXT,63.30685203575003,13.959517399541104,167.92842395044798,0.1599592203236301,0.06484972700781108,0.3031408825860856,0.9432548635647695,0.9106881491030506,0.9571760076686675,85
-13.0,tier,EXT,77.39938080495355,23.562265468191338,155.0068587105618,0.1842383223891189,0.05852219109327239,0.3412126984701166,0.9407166752444673,0.9028262114193515,0.9533262211384592,85
-12.0,tier,EXT,77.03081232492998,24.104452628054297,160.30998328521602,0.1754973496821995,0.09285365101544775,0.30796633513700755,0.9337433905255207,0.8946165101816852,0.9506897889079727,85
-11.0,tier,EXT,77.27975270479135,24.885939444213783,144.02173913043478,0.17371994227539989,0.07051499221090524,0.2862369790740927,0.921493132098116,0.8827919266343331,0.9466946032600472,85
-10.0,tier,EXT,73.59077459980136,26.928422515637042,133.06719893546241,0.17384638640554964,0.0570441727530045,0.29481445583026955,0.9116100939316347,0.8731766704146809,0.9409249849060044,85
-9.0,tier,EXT,72.09302325581449,31.333588077951596,171.09826589595423,0.18937348842048862,0.08925660117418206,0.3446381876034614,0.8998435636926332,0.865098279826656,0.9367794152949251,85
-8.0,tier,EXT,81.88042634291054,30.61224489795841,170.15493340581656,0.21103497170077165,0.11331846569750842,0.3652426900828284,0.8799818091615678,0.8508880690203078,0.9295299976555427,85
-7.0,tier,EXT,94.48250991705669,38.77693725764357,173.48016292050082,0.26312588989684627,0.14683285017593303,0.46685332264091767,0.86965766300905,0.8342046309146347,0.9187869476793764,85
-6.0,tier,EXT,112.17948717948718,52.628159313884886,179.3692071747689,0.302249918345179,0.1805235212490873,0.5000429568339828,0.8573285064513134,0.8207085659540954,0.9060413181666109,85
-5.0,tier,EXT,104.64962246655156,49.70414201183396,192.82112132898249,0.29274042572428044,0.14921043655084554,0.5458282933882601,0.8446314621289189,0.8048726819817327,0.8884805817731704,85
-4.0,tier,EXT,113.51826684786988,43.50474201687984,185.57593464264437,0.3328663598023531,0.17125206637007498,0.5981258357558459,0.8237432438896064,0.7832876570660323,0.8667287467134093,85
-3.0,tier,EXT,105.43108829853676,53.57705641348846,200.12911555842385,0.34972222024598276,0.17455158421729586,0.5729415186008587,0.7994900324524803,0.7544558500587304,0.8428379340346437,85
-2.0,tier,EXT,127.19298245614102,51.41828777101722,218.1818181818185,0.42325175756448163,0.1846490293748939,0.6064819668252109,0.7381392913248386,0.703016241299304,0.7883883608977288,85
-1.0,tier,EXT,113.35504885993544,47.04875962360882,237.83783783783784,0.42614193888629476,0.25490079375156055,0.6968317311141998,0.5936399035787131,0.5567471789611116,0.6305344556217067,85
0.0,tier,EXT,123.82117918076322,56.20547676622384,246.77665326493766,0.48634429972334314,0.2607883065515808,0.7591132183604059,0.40251819791461735,0.36130524657938773,0.4498422712933754,85
1.0,tier,EXT,133.9694157626454,61.849710982659225,241.25975151690326,0.5648928416689804,-0.09781458126985422,0.8410663749743461,0.22187285314167943,0.18525355630361603,0.2615168415967678,85
2.0,tier,EXT,69.37670274034703,-19.553118236449723,193.3844302744957,0.098659333358951,-0.305296181705569,0.6967946318154513,0.08543177083662734,0.06770565055336698,0.13669369770574363,68
3.0,tier,EXT,88.5708677244598,-63.761479989340195,259.6457327269527,-0.4285024723383398,-3.55416889552919,-0.12569184217134766,0.10338376143655287,0.06610866083139046,0.1461363608073346,4
-15.0,tier,MOD,-32.465247062027004,-40.314556470774384,-6.520806712476879,0.2598246146224005,0.06880491748405589,0.3727331468018861,0.9595831952265673,0.9466188679355689,0.9776862146234868,24
-14.0,tier,MOD,-23.941319839771353,-34.132373079783264,-9.138157443815395,0.36169612356837855,0.12690780689942632,0.5302978931014871,0.9578779319661058,0.9496290747782573,0.9744270019854402,26
-13.0,tier,MOD,-24.25797284102601,-39.357753000256544,-12.22758615075234,0.2897330663530299,0.1302939820092966,0.4795456924416507,0.954280316959039,0.9435616187632772,0.9753539417389512,26
-12.0,tier,MOD,-17.929008891261663,-37.064407232631815,-8.80345897402367,0.3523740268846068,0.21184886622950996,0.5668527554585066,0.9552649379308176,0.9405547583495559,0.9758605991760583,26
-11.0,tier,MOD,-26.235435723316375,-42.72680301755194,-15.968116075072011,0.33941324203670137,-0.018957448607664712,0.4502146819893264,0.9490639529640622,0.9301936092089723,0.9718064234429948,26
-10.0,tier,MOD,-30.17943158907046,-46.66807317909487,-18.158325067404558,0.22684312504087098,0.0651732195062134,0.4534455189388112,0.9485104923738703,0.9258200059840543,0.9700529739133673,26
-9.0,tier,MOD,-25.242216328950008,-41.67539047778569,-0.9930881067768332,0.32690688986556965,0.17685850506317702,0.563657126278795,0.949029386653818,0.9224611521864421,0.9657705045886799,26
-8.0,tier,MOD,-25.26789096248197,-41.66195751861541,-7.916600513771891,0.27175548606448335,0.08727356751886323,0.605896540461794,0.9494810450678633,0.9186569137216886,0.9643452609978197,26
-7.0,tier,MOD,-32.28039224561721,-42.507419786206825,-14.698407415949513,0.1931230370066795,0.10566142240806803,0.5289200716434228,0.9447391210218662,0.9117704512404228,0.9611988847583643,26
-6.0,tier,MOD,-22.82599479777013,-45.23606500325419,-8.437247698625768,0.2706724282628655,-0.003036422813455595,0.5496167197471937,0.9300370564132188,0.9000153951263246,0.9571774660700818,26
-5.0,tier,MOD,-33.706935015205104,-45.18954402259057,-12.96063162642748,0.24560285516955632,0.09389881195611341,0.407521285384371,0.9185771486016847,0.8823949595958314,0.9500491725149864,26
-4.0,tier,MOD,-24.57708651727796,-32.80373478187616,-14.312300229108182,0.2887040538386494,0.17748760133384003,0.44794245548388956,0.9055823614908991,0.8649671558146189,0.9379266640193451,26
-3.0,tier,MOD,-31.91751295485433,-40.74677231580972,-20.880631112840447,0.2624939879038411,-0.08205648411634966,0.465724546620076,0.8674075096274196,0.836603784303457,0.9154953202835416,26
-2.0,tier,MOD,-26.486383282093026,-48.3313388774635,-11.540219923498167,0.1745414594505339,0.00468914501651016,0.4939097028099061,0.7982061729211279,0.7399154113853802,0.8317046723904029,26
-1.0,tier,MOD,-25.121882920967778,-40.001807560991196,-0.7969397513549789,0.3397207840874297,-0.012182665883225172,0.6112508155638178,0.6035295705777068,0.5619182742875283,0.6547863312797382,26
0.0,tier,MOD,-21.228325013267302,-53.50911825265888,12.121379317555173,0.4034348304181845,-0.1171600861205977,0.7841486421461323,0.3972646549388428,0.3674163190506902,0.45527177828624577,26
1.0,tier,MOD,-45.56949419680774,-63.209781273240125,7.360772936304266,0.012175955249236436,-0.2465419303139431,0.5971796851449457,0.2577907039083256,0.17767643536821195,0.30056544197360846,26
2.0,tier,MOD,-48.76409925267078,-72.41690874825194,-17.627677836321006,-0.07094785338445381,-0.4188154246540634,0.28369247487716104,0.14974679998015678,0.1168924436649852,0.1675698710902737,16
-15.0,tier,NON,-54.98721227621425,-59.13013556876659,-41.68274969218218,0.34014473841558024,0.08410660388102814,0.5127303580565216,0.9636941479342942,0.9608212654085195,0.9685258513013184,11
-14.0,tier,NON,-58.06010928961749,-64.28881499722242,-54.21970510254283,0.09185990911218263,-0.000405028424243746,0.35444685434420975,0.9585006784260516,0.9548827893262176,0.9670776278338497,11
-13.0,tier,NON,-46.88295628137048,-54.4754999370051,-39.156050868064966,0.5166485153878552,0.2897247654606638,0.6570732781869553,0.9611864216995034,0.9489698295608882,0.9693282221685098,12
-12.0,tier,NON,-57.55656423426073,-63.72254592536937,-52.180965640432824,0.31828235530257065,0.15390407055198854,0.37800592167063,0.9519465100293695,0.9361894738578325,0.96246872849437,12
-11.0,tier,NON,-54.95594589635107,-64.40198393504,-42.5253427851775,0.37832696225987944,0.21421169383439292,0.5280812921839251,0.9535130461759562,0.930776624247261,0.9600345248443019,12
-10.0,tier,NON,-49.67917077986179,-57.39913625470521,-45.6826280233755,0.37238364372607924,0.11667113635367837,0.5827660641365614,0.9491226053222546,0.9305787869969995,0.9566776640142426,12
-9.0,tier,NON,-52.77866102058555,-59.111465310342936,-46.415200451538766,0.39880304579624354,0.2845116617800921,0.5486226473590905,0.9484157384757691,0.9258478719891152,0.9527048224058303,12
-8.0,tier,NON,-51.30138563330861,-58.326326867208444,-44.71258027380625,0.38461019753790415,0.21760965183112846,0.5344569781234558,0.939106262830786,0.9208451399447499,0.9464840268573732,12
-7.0,tier,NON,-56.830255951679035,-62.35089481026358,-51.89958570893265,0.2601366367876893,0.14399107788214627,0.42948038026011554,0.9280800821355236,0.9110057233602598,0.9361078387643829,12
-6.0,tier,NON,-51.22083011258568,-59.96176084250325,-44.2151436779019,0.4367312676438031,0.27547065705503315,0.5591599839301822,0.9239393553318894,0.9098812306910495,0.9301596236580757,12
-5.0,tier,NON,-53.32340755217009,-57.9780829521318,-42.572061068909065,0.3210854225200941,0.12316488030163922,0.4862333280568014,0.9165886213453261,0.896366184513277,0.9227923552668298,12
-4.0,tier,NON,-54.44847943495874,-62.22448323467646,-44.706679077243365,0.37928344925466206,0.02519470805620016,0.5259026958162999,0.8953897372073223,0.8740254255673618,0.9075209322618228,12
-3.0,tier,NON,-58.79678436139499,-62.86433326652562,-52.73722513645523,0.08189034057259593,-0.020031218310981456,0.4187648221251987,0.8619084098561609,0.8343031361010618,0.8909410546521126,12
-2.0,tier,NON,-51.65571153834797,-61.65103939191181,-44.62482029730986,0.25450846769395385,0.0013116444144562513,0.43296879937625216,0.8214704790080856,0.786696284890106,0.8624881304282623,12
-1.0,tier,NON,-42.456876526990584,-55.571285042586894,-37.88450707141416,0.42192520240953557,0.29208431888773917,0.7837324045001738,0.6240698246055741,0.5992769232367909,0.6819956535951087,12
0.0,tier,NON,-46.038061354234145,-66.78533965442561,-43.75365288615271,0.46999346466537834,0.193484891502238,0.615458651971655,0.4291724744168064,0.40622662055156694,0.4826297912719497,12
1.0,tier,NON,-55.012132900342024,-74.9297857905403,-46.9891282106372,0.03906583160866797,-0.24698682851420012,0.3582069275227284,0.2719996740547588,0.2611173992565997,0.30267977449623407,12
2.0,tier,NON,-72.0038460067008,-76.21023611450721,-60.52028185422203,-0.08194664156572444,-0.2309694565045936,0.03323380155288741,0.19515842290393892,0.170554101857707,0.2110170380242326,10
