ticker,cid,S1,S3,f2_move,f2_move_pct,spread_red
SBICARD,7,5267.6,26243.8,36.75,4.171396140749149,3.0
SBICARD,11,3611.72,1691.6,2.6000000000000227,0.30297733496475243,1.0500000000000682
SBICARD,14,22681.64,-27078.6,-11.100000000000023,-1.3047311196003553,24.950000000000045
SBICARD,17,27099.52,15195.12,27.549999999999955,4.454324979789806,31.29999999999996
SBICARD,19,8363.48,-3137.8,1.3500000000000227,0.21711161145063088,7.950000000000044
RVNL,1,3196.55,3210.89,1.5500000000000114,0.38974101081217283,0.5
RVNL,2,7439.33,-27372.22,-11.5,-3.1785516860143725,3.4499999999999886
RVNL,7,10132.1,-9365.79,-4.449999999999989,-1.245975080498387,5.199999999999989
RVNL,8,10933.33,-45.75,2.4499999999999886,0.7954545454545418,5.899999999999977
RVNL,10,19678.14,-9090.91,0.5999999999999943,0.2501042100875341,11.90000000000001
