ticker,cid,S3,f2_iv_entry,f2_iv_exit,f2_iv_change
SBICARD,3,,0.40409152309987867,,
SBICARD,5,,0.21060640211504011,,
SBICARD,6,,0.3125829140102997,,
SBICARD,7,26243.8,0.2607106865002529,0.23414078363534163,-0.026569902864911288
SBICARD,9,,0.24065698416158118,,
SBICARD,11,1691.6,0.2670535260823762,0.26956491990940856,0.00251139382703236
SBICARD,12,,0.29762670360126603,,
SBICARD,13,,0.21731027296391975,0.22539306165503484,0.00808278869111509
SBICARD,14,-27078.6,0.23626353742443185,0.23786244332692624,0.0015989059024943963
SBICARD,15,,0.2876314451735072,0.3118442833590289,0.024212838185521723
SBICARD,16,,0.2518996978201211,0.2506922319186913,-0.0012074659014298383
SBICARD,17,15195.12,0.4232974630397002,0.44045598820974896,0.01715852517004879
SBICARD,18,,0.33238267566976826,0.3073133324602948,-0.02506934320947346
SBICARD,19,-3137.8,0.2983360589079027,0.2832598593572152,-0.015076199550687508
RVNL,1,3210.89,0.3525694528990627,0.3596574191359745,0.007087966236911769
RVNL,2,-27372.22,0.38966647193034176,0.40999363893819607,0.020327167007854308
RVNL,7,-9365.79,0.44276346857892324,0.4739113926797182,0.031147924100794977
RVNL,8,-45.75,0.5684191507267005,0.5905621978567359,0.022143047130035454
RVNL,10,-9090.91,0.5522464361653864,0.5865042073244637,0.034257771159077355
RVNL,12,,0.4417752378698461,,
