oi_bin,by,group,spread_bps_median,spread_bps_p25,spread_bps_p75,spread_norm_median,spread_norm_p25,spread_norm_p75,sessions_left_median,sessions_left_p25,sessions_left_p75,n
<0.25,all,all,53.73364210521379,-48.875266631355665,205.33850707753007,0.14247247350751624,-0.21149089512283445,0.7759447002209803,0.0,0.0,0.0,120
0.25-0.5,all,all,35.848480819808145,-47.2349450011203,148.9481571354258,0.42490731928059355,-0.32222781660430766,0.7337808380395638,1.0,1.0,1.0,112
0.5-1,all,all,62.89049971782385,-22.186348792087916,199.56405747745777,0.4469973545517028,0.15409530660334012,0.7365553127056548,2.0,2.0,2.0,112
1-2,all,all,96.91096305269573,0.9866214136311614,242.49576954301853,0.41840836833153594,0.1531803108544888,0.7114858610470594,3.0,3.0,3.0,119
2-4,all,all,140.10453314251566,56.77552424203859,231.80058110573822,0.33642262798264033,0.1518363200007158,0.532539728400987,5.0,4.0,7.0,232
4-8,all,all,83.83598378431412,15.7417733749614,172.23844445371333,0.2426408942715289,0.10763045750807534,0.472756719639954,8.0,6.0,11.0,494
8-16,all,all,38.01679074924723,-23.75484994853116,123.42016258232928,0.21264466516792896,0.06952915288259255,0.4248443445375712,12.0,9.0,16.0,605
>16,all,all,-8.245088918833048,-39.723508981120915,50.8231631660521,0.21510342974603425,0.07537891058840433,0.39570416773632283,16.0,12.0,18.0,738
<0.25,htb,HTB,62.666506057158934,-41.23142458451419,208.480506440186,0.1710822784592123,-0.1964529274138655,0.8072410203205085,0.0,0.0,0.0,114
0.25-0.5,htb,HTB,69.83655274888626,-9.391876027237242,169.44024205748934,0.46504786249911056,-0.319758893488448,0.7916583946944405,1.0,1.0,1.0,97
0.5-1,htb,HTB,86.39168561221072,-1.888026660287271,214.48945098709623,0.4515930384530538,0.15223681390654076,0.7442284815468447,2.0,2.0,2.0,99
1-2,htb,HTB,102.60574296892368,15.123946751425613,260.54077360164115,0.4071752073322546,0.14373135822838118,0.7040707486321919,3.0,3.0,3.0,111
2-4,htb,HTB,151.0858414930268,65.32487322317007,233.7658484467893,0.34013903121080324,0.157929811186584,0.532539728400987,5.0,4.0,7.0,224
4-8,htb,HTB,88.26285868122272,29.676773455377983,177.12533490607612,0.2426408942715289,0.113361341909775,0.47336611380004695,9.0,6.0,12.0,468
8-16,htb,HTB,51.56519614637301,-12.169080523602053,135.6306878758807,0.19968998632949936,0.06979914558178175,0.4149479236593877,13.0,9.0,17.0,546
>16,htb,HTB,4.206726869785195,-30.340160655541645,59.72741440175361,0.19616051799948586,0.07284789547789843,0.37342225727556044,16.0,12.0,18.0,640
<0.25,htb,non-HTB,-72.06318003091553,-76.21023611450721,-62.994506095468104,-0.08194664156572444,-0.21743291529816416,0.013003454451330403,0.0,0.0,0.0,6
0.25-0.5,htb,non-HTB,-60.45030044161397,-75.20203733450462,-49.04314650763156,-0.15390752479525857,-0.2780060461934287,0.3073676414380685,1.0,0.0,1.0,15
0.5-1,htb,non-HTB,-46.62157725392284,-63.497016264283886,-44.50996512913508,0.4424016706503518,0.21513941879348397,0.6026119170118918,2.0,2.0,2.0,13
1-2,htb,non-HTB,-38.84438596434437,-55.08844535864329,-35.131104637502034,0.47382181742026763,0.36157438170480394,0.7840916839105343,3.0,2.75,3.0,8
2-4,htb,non-HTB,-48.001183235543024,-58.35420370674934,-41.348278041204935,0.13659497621694358,-0.1071906002967962,0.4368273688500748,3.0,3.0,3.25,8
4-8,htb,non-HTB,-52.65168030445882,-60.389933100072554,-45.450703942004395,0.1950314055977369,-0.021304646693810318,0.4163085804108577,5.0,4.0,5.75,26
8-16,htb,non-HTB,-55.230843476861786,-61.7517483558011,-46.0427124929561,0.37298148819017296,0.10511681302047919,0.49228179253273985,9.0,7.0,11.0,59
>16,htb,non-HTB,-51.87597253926163,-59.81085044873226,-42.44681968717297,0.33677488355689666,0.17008520785838005,0.5131436568880859,15.5,12.25,18.0,98
<0.25,ticker,ASTRAL,16.90132034591379,-57.55543787894375,63.531372552176194,0.3284992497033313,-0.14489293895930055,0.9101887408536768,0.0,0.0,1.0,24
0.25-0.5,ticker,ASTRAL,36.6673456915875,-56.66399914166996,118.76635815762559,0.4518003993758699,-0.24569963696306818,0.68125509228842,1.0,1.0,1.0,19
0.5-1,ticker,ASTRAL,4.828585224529527,-45.39559014267153,123.54546760522946,0.4424016706503518,0.2651896638475047,0.9750287353205158,2.0,2.0,2.0,17
1-2,ticker,ASTRAL,6.1664953751290925,-30.84176960496571,86.30116948483864,0.49982525621308727,0.23170406708032631,0.7698457781360961,3.0,3.0,3.0,19
2-4,ticker,ASTRAL,78.07641815794898,-35.767511177346904,290.73482428115017,0.6105956341379377,0.282246901391031,0.8305648420580951,4.0,3.0,5.0,17
4-8,ticker,ASTRAL,35.22794319916167,-45.42869680399798,177.7322252711316,0.37708219068155957,0.14142875934512844,0.4961537366819333,6.0,5.0,7.25,52
8-16,ticker,ASTRAL,-12.861635444465268,-50.6385617061334,56.02945233093561,0.27095574966472313,0.14580408251654892,0.43165677060640184,9.5,7.0,12.0,96
>16,ticker,ASTRAL,-34.29737789354275,-57.5100621699619,43.799269213739414,0.21827750995587641,0.11772226126074609,0.3664268380619228,15.0,13.0,18.0,174
<0.25,ticker,BDL,-59.237180292642975,-70.92526306832468,-40.347788786229,-0.002946400207610639,-0.3031240688091997,0.03679075398340795,0.0,0.0,0.0,8
0.25-0.5,ticker,BDL,-41.98308328702818,-61.70137928131234,156.9578556453833,0.23203918801259452,-0.24945509135673294,0.6479875880234108,1.0,0.0,1.0,19
0.5-1,ticker,BDL,-0.6339746455148578,-28.280265123431803,119.08686026258854,0.5917334672381169,0.29608370103419435,0.7872743392982953,2.0,1.75,2.0,16
1-2,ticker,BDL,-8.102930888986505,-38.456303167686094,95.12361499639408,0.4274967929798513,0.33920312595797025,0.6901985795908795,3.0,2.25,3.0,14
2-4,ticker,BDL,100.41799735662212,41.27656116432356,181.92666234675593,0.41548342626224977,0.29606754621414166,0.5132098396794734,4.0,4.0,6.0,32
4-8,ticker,BDL,62.776304155613694,-36.31861989907363,92.27383194925875,0.25002501492964296,0.06384751049739609,0.35737430395115255,8.0,6.0,10.5,75
8-16,ticker,BDL,-16.764459346185497,-46.40699161552436,60.574860367586496,0.19095716224805895,0.032567135114357305,0.4131591100008246,13.0,10.0,16.0,103
>16,ticker,BDL,-45.21068930721311,-54.87488767539948,-31.830899038586942,0.22386915228926912,0.052960603962494426,0.493354858096247,17.5,15.0,20.0,64
<0.25,ticker,IREDA,183.70103556956255,-38.30033241797956,235.64553601061976,0.1023058903892518,-0.15742636752781042,0.7077171573119965,0.0,0.0,1.0,21
0.25-0.5,ticker,IREDA,242.8243892776153,120.34978883478978,312.5990380941594,0.810513731131141,-0.1380081282181821,0.8655794859510134,1.0,1.0,1.0,14
0.5-1,ticker,IREDA,219.86685353889197,86.39168561221072,334.65433729634503,0.6466963289933239,0.1559537993001395,0.7481577117488151,2.0,2.0,2.0,21
1-2,ticker,IREDA,270.1530180644743,142.51384538306107,384.61274424615567,0.3747102903934366,0.062183053901806486,0.6811516094793185,3.5,3.0,4.0,30
2-4,ticker,IREDA,188.37667833385848,100.94869760676974,242.87604956017117,0.21611606037565892,0.07980156933866688,0.4436047711120206,7.0,5.0,9.0,86
4-8,ticker,IREDA,78.93905904641616,31.23726741817055,157.82774713619003,0.14948508716057832,0.08925660117418206,0.2409588018713664,12.0,10.0,14.0,117
8-16,ticker,IREDA,67.27250382164237,18.017247643891494,159.19524336283212,0.10585145882587113,0.03699348797177653,0.25025339061885316,18.0,16.0,20.0,82
<0.25,ticker,KPITTECH,-24.529844644317254,-54.0759901223155,-16.08874797998544,0.023158158348806003,-0.32466351228267,0.22130351890500094,0.0,0.0,0.0,11
0.25-0.5,ticker,KPITTECH,2.240420925014622,-54.453882782278,30.878244915071715,0.26331628509926397,-0.3545147785186981,0.6242866672333229,1.0,0.0,1.0,18
0.5-1,ticker,KPITTECH,-12.360353066988868,-49.05505120260429,8.47481562268428,0.24817667053962145,0.06913023133305413,0.44872966348236476,2.0,1.0,2.0,16
1-2,ticker,KPITTECH,4.5714932544626485,-11.717721544123684,28.35935795302842,0.41257011481592165,0.2769819675895025,0.44929647595522826,2.0,2.0,3.0,14
2-4,ticker,KPITTECH,4.270955111497506,-35.559395510578625,63.075399158534694,0.31232555736836437,-0.06229414499058057,0.6062959121339419,3.5,3.0,4.75,22
4-8,ticker,KPITTECH,24.776785714285992,-13.434716970679204,90.51195217167214,0.4292886378394671,0.22180576609407007,0.6876906613693663,6.0,4.75,8.0,52
8-16,ticker,KPITTECH,-2.3315458148749086,-24.4080215769672,35.813657101793346,0.357609902773991,0.09822184003983064,0.5982563354624999,10.0,7.0,13.0,83
>16,ticker,KPITTECH,-11.902987861481309,-32.951934896904085,17.213189807502758,0.23696033386588308,0.06946814230731614,0.42504567392409154,15.5,13.0,18.0,132
<0.25,ticker,RVNL,293.0505164612873,173.03300765910325,396.9873071490352,0.43470812198387165,0.06727615524521359,0.9515018810649977,0.0,0.0,1.0,20
0.25-0.5,ticker,RVNL,225.01461133839828,121.0532680382475,447.8969669099916,0.6489672928078949,0.4996242026995274,0.770339927197156,1.0,1.0,2.0,7
0.5-1,ticker,RVNL,235.32872481247244,200.36429872495344,325.3676470588244,0.6946790099738465,0.48634429972334314,0.828801428928764,2.0,2.0,2.0,9
1-2,ticker,RVNL,216.49371900420883,179.29380059266418,425.7315668739982,0.5062185120033816,0.39841661816831037,0.6876491524122244,3.0,3.0,3.0,12
2-4,ticker,RVNL,219.39807155629052,158.3674268802223,391.6100692986596,0.3355447732328864,0.23366436319595546,0.4791343078791377,5.0,4.0,6.0,38
4-8,ticker,RVNL,185.74726535931225,108.0249714153311,265.76046049969875,0.15251488031275123,0.06309693045579602,0.29348322204837757,10.5,8.0,13.0,82
8-16,ticker,RVNL,178.815446138454,111.66910308742706,277.56297908989376,0.12615601845069704,0.06089853015511175,0.2371103633204666,16.0,14.0,18.0,68
>16,ticker,RVNL,18.69226565731757,11.558080406138522,38.212227086288756,0.17280436028859927,0.06304628577773054,0.33805219880198634,17.0,14.75,20.25,16
<0.25,ticker,SBICARD,108.03128162492811,-26.075840181760583,153.74374963469978,0.5708733508498948,-0.4195808841009547,0.7549710616987532,0.0,0.0,0.0,18
0.25-0.5,ticker,SBICARD,27.605668363904055,-37.04521462838518,71.17947074954334,0.08997697053198757,-0.5144811100089239,0.4306574263244873,1.0,0.5,1.0,19
0.5-1,ticker,SBICARD,67.06408345752608,-14.662756598240469,164.25120772946934,0.41622371345172876,-0.6571453146437873,0.660665241601575,2.0,2.0,2.0,17
1-2,ticker,SBICARD,99.87417897025989,43.7292471726802,135.83937370393622,0.3007220660419154,0.009573847965010387,0.6643111826628746,3.0,2.0,3.0,16
2-4,ticker,SBICARD,81.11968009140271,48.07233814014846,148.52900616842263,0.4066014786978053,0.23357823966258473,0.5664224680759004,3.0,3.0,4.0,19
4-8,ticker,SBICARD,107.45322337501078,72.75261500632335,170.40596657647993,0.46939787553256934,0.23339230279490758,0.6785005195491676,6.0,5.0,8.0,68
8-16,ticker,SBICARD,85.24422470377633,33.81189241372779,118.4447400828601,0.18987811078048017,0.061905049393778576,0.497251919200166,11.0,8.0,14.0,107
>16,ticker,SBICARD,15.15357695055736,-18.31209524086193,72.1729603925852,0.17466239380715148,0.059495682234384145,0.3531916476223472,15.0,12.0,18.75,178
<0.25,ticker,VOLTAS,40.516472091529984,-67.41873381203192,92.9880840554157,-0.06057102905441915,-0.21496501177764932,0.38185779364660455,0.0,0.0,0.0,18
0.25-0.5,ticker,VOLTAS,66.76127091564392,-60.9757252164991,133.73348972359477,0.5034061308751235,-0.17146376621257603,0.8059664845285923,1.0,1.0,1.0,16
0.5-1,ticker,VOLTAS,50.25406724815348,-5.735222596224132,110.80545252389743,0.33133678520900567,0.062121898980045845,0.6099921839176965,2.0,2.0,2.0,16
1-2,ticker,VOLTAS,68.04525482294949,-30.139459572702464,151.04016831984796,0.3022356443595233,0.08332581287325294,0.7152061236474151,3.0,2.25,3.0,14
2-4,ticker,VOLTAS,82.51280554154782,-6.070188313191643,129.27324964917187,0.4298188109255311,0.23013343661945143,0.6714586179896356,4.0,3.0,4.75,18
4-8,ticker,VOLTAS,80.35161275676273,14.872491857536271,150.8232881584222,0.4716425615970844,0.2431428654204431,0.6451604043924793,6.0,5.0,8.0,48
8-16,ticker,VOLTAS,46.00617916852172,-15.317841259651107,89.94815536397695,0.2821836146373989,0.16452313843991506,0.43637344392352956,10.0,7.0,12.0,66
>16,ticker,VOLTAS,8.327047827725352,-27.991251905277327,62.02200548387514,0.22211890617691032,0.07825595269099886,0.4600290346160883,15.0,12.0,18.0,174
<0.25,ticker_ext,ASTRAL,69.60533481895857,-22.854619339521356,156.45328262433762,0.19516076030929352,-0.15189777374183352,0.5377056630057621,0.0,0.0,0.25,12
0.25-0.5,ticker_ext,ASTRAL,118.76635815762559,93.48802630181069,147.26989922281683,0.45323941195096384,-0.12210801760883455,0.6985210792062854,1.0,1.0,1.0,10
0.5-1,ticker_ext,ASTRAL,123.54546760522946,37.366318773353655,215.3036882989788,0.41866840303657143,0.2651896638475047,1.1044525449668696,2.0,2.0,2.0,9
1-2,ticker_ext,ASTRAL,59.24729010974183,11.743943365506006,207.6945923470838,0.39313801468460335,0.15808573606220055,0.7212030009070033,3.0,3.0,3.0,11
2-4,ticker_ext,ASTRAL,289.60709759188876,100.05536821915923,301.0870304049895,0.6064819668252109,0.41573601034636587,0.6626253858272884,4.0,4.0,5.5,11
4-8,ticker_ext,ASTRAL,120.41828377793195,40.49899303806125,201.10904419871818,0.3664254934592367,0.1528720306823436,0.46784757160923246,6.0,5.0,8.0,34
8-16,ticker_ext,ASTRAL,57.97101449275301,7.584780986705788,147.24172175107716,0.2170012042153128,0.09763551961110631,0.31704372598924835,10.0,8.0,12.0,47
>16,ticker_ext,ASTRAL,54.002324150660264,-18.41503683007424,124.22360248447204,0.17899912039928648,0.11353848781538815,0.32408799943115113,16.0,14.0,18.0,85
<0.25,ticker_ext,BDL,-48.50444624090542,-53.211009174311506,-15.877816422199732,0.023005441459877887,-0.28378746831906365,0.0743940442589862,0.0,0.0,0.0,5
0.25-0.5,ticker_ext,BDL,204.01732965734612,45.773136890288164,242.520941364181,0.7190709378162581,-0.12065539496599377,0.842863582853338,1.0,1.0,1.0,9
0.5-1,ticker_ext,BDL,123.362151725879,79.61152318781402,192.36628240417733,0.48584164006033526,0.29608370103419435,0.7903288045877399,2.0,2.0,2.0,8
1-2,ticker_ext,BDL,96.91096305269573,56.77641089340654,184.6377774553162,0.4071752073322546,0.35943864913023715,0.5983840632806814,3.0,3.0,3.0,7
2-4,ticker_ext,BDL,122.1477648655534,94.75218658892129,189.400521285838,0.4453203947413253,0.32745563770410635,0.518044220066632,5.0,4.0,6.0,25
4-8,ticker_ext,BDL,77.60768956924237,61.87595695585563,109.11960806163287,0.25002501492964296,0.12390407495606592,0.35839107292601224,9.0,8.0,12.0,51
8-16,ticker_ext,BDL,62.711864406780435,36.0846696842089,125.77608197884993,0.1163946903627264,0.02273831126307542,0.3537392659577324,16.0,14.0,18.0,51
>16,ticker_ext,BDL,43.58425057250565,1.5011634016366093,114.75769315108411,0.08209833603949643,0.011544106551430688,0.15394850002001118,19.0,18.0,21.0,13
<0.25,ticker_ext,IREDA,183.70103556956255,-38.30033241797956,235.64553601061976,0.1023058903892518,-0.15742636752781042,0.7077171573119965,0.0,0.0,1.0,21
0.25-0.5,ticker_ext,IREDA,242.8243892776153,120.34978883478978,312.5990380941594,0.810513731131141,-0.1380081282181821,0.8655794859510134,1.0,1.0,1.0,14
0.5-1,ticker_ext,IREDA,219.86685353889197,86.39168561221072,334.65433729634503,0.6466963289933239,0.1559537993001395,0.7481577117488151,2.0,2.0,2.0,21
1-2,ticker_ext,IREDA,270.1530180644743,142.51384538306107,384.61274424615567,0.3747102903934366,0.062183053901806486,0.6811516094793185,3.5,3.0,4.0,30
2-4,ticker_ext,IREDA,188.37667833385848,100.94869760676974,242.87604956017117,0.21611606037565892,0.07980156933866688,0.4436047711120206,7.0,5.0,9.0,86
4-8,ticker_ext,IREDA,78.93905904641616,31.23726741817055,157.82774713619003,0.14948508716057832,0.08925660117418206,0.2409588018713664,12.0,10.0,14.0,117
8-16,ticker_ext,IREDA,67.27250382164237,18.017247643891494,159.19524336283212,0.10585145882587113,0.03699348797177653,0.25025339061885316,18.0,16.0,20.0,82
<0.25,ticker_ext,KPITTECH,-24.529844644317254,-49.019227599797915,45.19980478391716,0.10007112820254091,-0.22759984031817665,0.5590455498176807,0.0,0.0,0.0,7
0.25-0.5,ticker_ext,KPITTECH,14.141418356055837,-42.34356528975467,49.42221253246035,0.4280795242450012,-0.3267860212617507,0.6242866672333229,1.0,0.25,1.0,10
0.5-1,ticker_ext,KPITTECH,5.2824103670180715,-11.424963764381141,93.26960719690335,0.29798844714697154,0.17342847605445083,0.4713739380924308,2.0,1.75,2.0,8
1-2,ticker_ext,KPITTECH,20.346881509848707,5.870618468062811,78.22216359752619,0.42752901260545195,0.39302592524576724,0.48342314905602446,2.5,2.0,3.0,8
2-4,ticker_ext,KPITTECH,42.48022136482361,-13.401457408492412,73.43183225692255,0.4591220416273763,0.15481453798164618,0.6900608998099159,4.0,3.0,5.0,17
4-8,ticker_ext,KPITTECH,62.59027443427985,9.664507909421573,120.76879371049759,0.3716279815210897,0.2395111858326615,0.728100210761055,7.0,5.0,9.5,35
8-16,ticker_ext,KPITTECH,26.288117770767613,-2.3315458148749086,61.40350877192982,0.26511682490534705,0.09875363716563523,0.4378600623041171,10.0,8.0,13.0,45
>16,ticker_ext,KPITTECH,9.00827123085668,-25.532379816838258,42.03400667747522,0.18872496176613865,0.06606564893209897,0.3532809683756186,16.0,13.5,18.5,59
<0.25,ticker_ext,RVNL,297.0098334336747,199.71057141450822,433.8109035204445,0.5648928416689804,0.03355413184320975,0.9518240479747551,0.0,0.0,1.0,19
0.25-0.5,ticker_ext,RVNL,254.68435147465476,183.33383437771658,529.6684045595317,0.5808944238273255,0.49302552662591304,0.7371180008736483,1.5,1.0,2.0,6
0.5-1,ticker_ext,RVNL,236.79563037174302,208.94483577764106,377.8732852033745,0.6247024272688038,0.477845552877198,0.7683910418314635,2.0,2.0,2.0,8
1-2,ticker_ext,RVNL,217.0767004341534,190.24992346851195,469.69886391849263,0.4492628111504022,0.3706912974503259,0.6400259864798692,3.0,3.0,3.0,11
2-4,ticker_ext,RVNL,222.2222222222219,174.09470752089138,394.20187378469274,0.3328663598023531,0.23201212388911654,0.46793593826955154,5.0,4.0,6.0,37
4-8,ticker_ext,RVNL,192.08929915318967,153.6835088875541,270.6538967955111,0.14565595406168946,0.059872774583288726,0.23860319752366774,11.0,9.0,13.0,78
8-16,ticker_ext,RVNL,186.36237895143893,156.05405479957398,308.47405287204145,0.13237514424410296,0.06014441562529472,0.23143204878916163,16.5,15.0,18.75,58
>16,ticker_ext,RVNL,18.69226565731757,11.558080406138522,38.212227086288756,0.17280436028859927,0.06304628577773054,0.33805219880198634,17.0,14.75,20.25,16
<0.25,ticker_ext,SBICARD,128.1991578865673,71.23339762529912,174.8212010074732,0.6313464802252902,0.30938457845831235,0.8364721031867792,0.0,0.0,0.0,14
0.25-0.5,ticker_ext,SBICARD,42.203087535558865,-25.955285790275077,116.12014175377502,0.12578430930046658,-0.44097672347012123,0.380766843408077,1.0,0.25,1.0,14
0.5-1,ticker_ext,SBICARD,132.73869176626374,66.80879456892875,191.18961447011344,0.47720156555948656,0.24657058155148004,0.6783682901128616,2.0,2.0,2.0,12
1-2,ticker_ext,SBICARD,108.9176310415251,69.93888223804366,166.66666666666666,0.3291698611741349,0.10693807838037933,0.6618203906296563,3.0,2.0,3.0,13
2-4,ticker_ext,SBICARD,101.55995920226763,57.4231803698563,168.4611645934765,0.4475146333159221,0.34848652267584845,0.6521011437147592,4.0,3.0,4.0,16
4-8,ticker_ext,SBICARD,113.46704871060145,82.23779463716942,185.57593464264437,0.4715341986310054,0.2369143526993459,0.6747609210517347,6.0,5.0,8.0,61
8-16,ticker_ext,SBICARD,92.22062486079332,48.99805888461358,122.82070758332777,0.18646170494886372,0.06430187227906453,0.47825983996371507,11.0,9.0,14.75,98
>16,ticker_ext,SBICARD,44.875021733612755,7.0695327411446955,97.3369289615222,0.1756417380568297,0.07607128175284993,0.33160378113189126,16.0,13.0,19.0,122
<0.25,ticker_ext,VOLTAS,65.4226451564936,39.99111308597989,116.45905506007189,0.08743875209675356,-0.11785425497255012,0.5181793689070466,0.0,0.0,0.0,13
0.25-0.5,ticker_ext,VOLTAS,73.93577296489985,66.76127091564392,171.76869502615483,0.5691406912797561,0.43396034242710557,0.8165000918406822,1.0,1.0,1.0,11
0.5-1,ticker_ext,VOLTAS,101.30047912388744,50.25406724815348,131.9252523469795,0.34328903154669405,0.2304290372944722,0.6089654830413053,2.0,2.0,2.0,11
1-2,ticker_ext,VOLTAS,106.72853828306229,97.15475364330325,184.70030429551986,0.7113097661501839,0.23246486790095755,0.7387698712022709,3.0,3.0,3.0,9
2-4,ticker_ext,VOLTAS,116.8281848347138,62.386390082208386,161.66856909656084,0.4488810314971965,0.31258360015805864,0.7345194074451745,4.0,3.25,5.0,14
4-8,ticker_ext,VOLTAS,119.88875977442805,62.845605698814296,165.66263290841778,0.46869173544762077,0.2431428654204431,0.6451604043924793,6.0,5.0,8.0,36
8-16,ticker_ext,VOLTAS,72.06387864236775,40.33067296942033,128.93594245350093,0.28818798246306276,0.22824130379540705,0.6080013515990522,10.0,7.25,11.75,46
>16,ticker_ext,VOLTAS,53.22687957418496,3.635041802980734,81.58508158508158,0.17511362323267107,0.05793994150786739,0.36237866390994994,16.0,13.0,18.0,113
<0.25,tier,EXT,116.67810569663745,-11.329118292184592,230.79540864472,0.2241367490097897,-0.15363817943283947,0.8185290855198614,0.0,0.0,0.5,91
0.25-0.5,tier,EXT,114.27807406298169,32.222139841123585,220.16041234590438,0.49483109122925434,-0.30867708588912723,0.7901192289537301,1.0,1.0,1.0,74
0.5-1,tier,EXT,123.82117918076322,57.16492854384002,243.5104074580082,0.45234931233876247,0.2290045005921236,0.7481577117488151,2.0,2.0,2.0,77
1-2,tier,EXT,166.66666666666666,70.37297677691811,284.10125660171104,0.4255155096645279,0.17239922607210373,0.6968317311141998,3.0,3.0,3.0,89
2-4,tier,EXT,171.34878742416618,81.61562017612317,238.38709848940013,0.34849020783660967,0.17593108953929681,0.5395158925327839,5.0,4.0,7.0,206
4-8,tier,EXT,105.43249467643788,54.91702127771818,184.68248304695547,0.22930034345743033,0.10678836534820906,0.4564592354950486,9.0,7.0,12.0,412
8-16,tier,EXT,83.10646224387384,24.37253527818709,154.94296548101528,0.18547951533900234,0.06404040355313914,0.3792192449850721,14.0,10.0,17.0,427
>16,tier,EXT,37.77645623317522,-6.458840749793341,89.70655326413012,0.1756417380568297,0.07322100346147738,0.33861075105060656,16.0,13.0,19.0,408
<0.25,tier,MOD,-43.6323970548132,-73.2155950258499,-13.53343766497085,-0.028898241875099165,-0.3923198217569551,0.45118600941538484,0.0,0.0,0.0,23
0.25-0.5,tier,MOD,-40.25157232704364,-61.18037363301242,16.439250310218622,0.08872834093912985,-0.2888293134349421,0.6722555732843163,1.0,0.0,1.0,23
0.5-1,tier,MOD,-32.69948435616981,-56.35782711193184,0.26557444468224767,0.18146590795974868,-0.1851664800897184,0.6436224278353495,2.0,1.0,2.0,22
1-2,tier,MOD,-20.549056313374322,-40.001807560991196,4.045307443365465,0.37973932233248475,0.0033732308478854056,0.6947461745085891,3.0,2.0,3.0,22
2-4,tier,MOD,-28.062985085309478,-43.514898384799196,-19.756155253226286,0.13159208690210292,0.004589238555796081,0.49560608269195394,3.0,3.0,3.75,18
4-8,tier,MOD,-20.59960696541111,-36.03345973776752,14.659102655755836,0.3496645204201453,0.20899868765077742,0.6346373903170228,5.0,4.0,7.0,56
8-16,tier,MOD,-25.871547765345063,-44.39169690754679,-12.855186756821794,0.2839989354583331,0.09656555651998287,0.544076914583584,10.0,7.5,14.0,119
>16,tier,MOD,-26.404664017418042,-40.83367187152972,-8.054258732961978,0.2523436551763251,0.06928535195276954,0.4584257521199477,14.0,10.0,18.0,232
<0.25,tier,NON,-72.06318003091553,-76.21023611450721,-62.994506095468104,-0.08194664156572444,-0.21743291529816416,0.013003454451330403,0.0,0.0,0.0,6
0.25-0.5,tier,NON,-60.45030044161397,-75.20203733450462,-49.04314650763156,-0.15390752479525857,-0.2780060461934287,0.3073676414380685,1.0,0.0,1.0,15
0.5-1,tier,NON,-46.62157725392284,-63.497016264283886,-44.50996512913508,0.4424016706503518,0.21513941879348397,0.6026119170118918,2.0,2.0,2.0,13
1-2,tier,NON,-38.84438596434437,-55.08844535864329,-35.131104637502034,0.47382181742026763,0.36157438170480394,0.7840916839105343,3.0,2.75,3.0,8
2-4,tier,NON,-48.001183235543024,-58.35420370674934,-41.348278041204935,0.13659497621694358,-0.1071906002967962,0.4368273688500748,3.0,3.0,3.25,8
4-8,tier,NON,-52.65168030445882,-60.389933100072554,-45.450703942004395,0.1950314055977369,-0.021304646693810318,0.4163085804108577,5.0,4.0,5.75,26
8-16,tier,NON,-55.230843476861786,-61.7517483558011,-46.0427124929561,0.37298148819017296,0.10511681302047919,0.49228179253273985,9.0,7.0,11.0,59
>16,tier,NON,-51.87597253926163,-59.81085044873226,-42.44681968717297,0.33677488355689666,0.17008520785838005,0.5131436568880859,15.5,12.25,18.0,98
